Compte ID Prestashop;Compte Client AS400
1;T15238
2;T16759
3;T13730
4;T23756
5;T17028
6;T18270
7;T10518
8;T12396
9;T18749
10;T18721
11;T14675
12;T15806
13;T13501
14;T24959
15;T12155
16;T16329
17;T19147
18;T17553
19;T21324
20;T14271
21;T28870
22;T14800
23;T13484
24;T12348
25;T12375
26;T11906
27;T09611
28;T17186
29;T16222
30;T56946
31;T11588
32;T18783
33;T18608
34;T17809
35;T12131
36;T13568
37;T15125
38;T14224
39;T20378
40;T17243
41;T17244
42;T21208
43;T21205
44;T16676
45;T19027
46;T07398
47;T19589
48;T44158
49;T14894
50;T28567
51;T15510
52;T11936
53;T21049
54;T12000
55;T18398
56;T23106
57;T16678
58;T16271
59;T20517
60;T10646
61;T15406
62;T16745
63;T12197
64;T12869
65;T18036
66;T11871
67;T00951
68;T11494
69;T12128
70;T17332
71;T16243
73;T12315
74;T09914
75;T15875
76;T17112
77;T10425
78;T05737
79;T16825
80;T08800
81;T14798
82;T35482
83;T12923
84;T16419
85;T16694
86;T16820
87;T18409
88;T11874
89;T16278
90;T17773
91;T12118
92;T08526
93;T17947
94;T23530
95;T12302
96;T22550
97;T12765
98;T22827
99;T12355
100;T13566
101;T02042
102;T13108
103;T12479
104;T13827
105;T16115
106;T12306
107;T22522
108;T23282
109;T18945
110;T16015
111;T00076
112;T10778
113;T20282
114;T15105
115;T08880
116;T08887
117;T14640
118;T17492
119;T18678
120;T03865
121;T12514
122;T17272
123;T17904
124;T14415
125;T14091
127;T13144
128;T19051
129;T16756
130;T13988
131;T16069
132;T12344
133;T12101
134;T15186
135;T13219
136;T56465
137;T13069
138;T14636
139;T22568
140;T17253
141;T56552
142;T16249
143;T10594
144;T08334
145;T01429
146;T19101
147;T18653
148;T11951
149;T18486
150;T12735
151;T11954
152;T20752
153;T12793
154;T13031
155;T20614
156;T17450
157;T15830
158;T13553
159;T02262
160;T17870
161;T21968
162;T15049
163;T16234
164;T12528
165;T16575
166;T13882
168;T18015
169;T16965
170;T22490
171;T12551
172;T19068
173;T16324
174;T16647
175;T00106
176;T03185
177;T11719
178;T23567
179;T12279
180;T14350
181;T03934
182;T19080
183;T00497
184;T14881
185;T15087
186;T09763
187;T18983
188;T13659
189;T20730
190;T21053
191;T16023
192;T21587
193;T05566
194;T17821
195;T19600
196;T20084
197;T25820
198;T19999
199;T20368
200;T08179
201;T17434
202;T05448
203;T09037
204;T16848
205;T25369
206;T07449
207;T15764
208;T11702
209;T17721
210;T29196
211;T20162
212;T21259
213;T19298
214;T22216
215;T19947
216;T23140
217;T22955
218;T20457
219;T16563
220;T48865
221;T15468
222;T44368
223;T01865
224;T14950
225;T36963
226;T10259
227;T14435
228;T20021
229;T20802
230;T06753
231;T23668
232;T07545
233;T20419
234;T09332
235;T07972
236;T01230
237;T12299
238;T45170
239;T12560
240;T67692
241;T16535
242;T08475
243;T23563
244;T19713
245;T22952
246;T17791
247;T33454
248;T26249
249;T14615
250;T15638
251;T22899
252;T10659
253;T22129
254;T18327
255;T03583
256;T36222
257;T02043
258;T23009
259;T20243
260;T23905
261;T22605
262;T14164
263;T43914
264;T33501
265;T14142
266;T11395
267;T22323
268;T69213
269;T12188
270;T36820
271;T23919
272;T00333
273;T22224
274;T00027
275;T14737
276;T11150
277;T21786
278;T16351
279;T24587
280;T23773
281;T24683
282;T20008
283;T10888
284;T52789
285;T18216
286;T44594
287;T60652
288;T20794
289;T13721
290;T15209
291;T19677
292;T20203
293;T13192
294;T66776
295;T52993
296;T14963
297;T05271
298;T16930
299;T09120
300;T04520
301;T17622
302;T18646
303;T20167
304;T12926
305;T21690
306;T19384
307;T00284
308;T69227
309;T23637
310;T12285
311;T35499
312;T01633
313;T17281
314;T20617
315;T09897
316;T22333
317;T19629
318;T17374
319;T17371
320;T12643
321;T15962
322;T10304
323;T11548
324;T44603
325;T08856
326;T13996
327;T67693
328;T14286
329;T13212
330;T64883
331;T22192
332;T02179
333;T19620
334;T13994
335;T00523
336;T16552
337;T22426
338;T20839
339;T34953
340;T24090
341;T00972
342;T17049
343;T18938
344;T19832
345;T20106
346;T21884
347;T12469
348;T06598
349;T22694
350;T11758
351;T11611
352;T06818
353;T06045
354;T00907
355;T23154
356;T21235
357;T22474
358;T19833
359;T22635
360;T01031
361;T60022
362;T23851
363;T06509
364;T46955
365;T23537
366;T30746
367;T06311
368;T16533
369;T12104
370;T13831
371;T13799
372;T16741
373;T15723
374;T01497
375;T00501
376;T28893
377;T11254
378;T30440
379;T69356
380;T24145
381;T12190
382;T20365
383;T20729
384;T16029
385;T23553
386;T11620
387;T14006
388;T13643
389;T20959
390;T20350
391;T13579
392;T18928
393;T17626
394;T23742
395;T13014
396;T17071
397;T21988
398;T18047
399;T15039
400;T21816
401;T11315
402;T19272
403;T17811
404;T20681
405;T13692
406;T25729
407;T18193
408;T15643
409;T08594
410;T03840
411;T23450
412;T14535
413;T23839
414;T25737
415;T22552
416;T56404
417;T22720
418;T11965
419;T17743
420;T19849
421;T00285
422;T21074
423;T20820
424;T13244
425;T14986
426;T17633
427;T01422
428;T04842
429;T23952
430;T03013
431;T01222
432;T12695
433;T18467
434;T14861
435;T17052
436;T63401
437;T17013
438;T18271
439;T19957
440;T17460
441;T08425
442;T12698
443;T00502
444;T15521
445;T17796
446;T00893
447;T11636
448;T16180
449;T14428
450;T05274
451;T17750
452;T18178
453;T69232
454;T67022
455;T21261
456;T11242
457;T22617
458;T21969
459;T17630
460;T17196
461;T11297
462;T25424
463;T22251
464;T22250
465;T22248
466;T07905
467;T00460
468;T11039
469;T01735
470;T16962
471;T22116
472;T22123
473;T00630
474;T17023
475;T08720
476;T13114
477;T15822
478;T18135
479;T16808
480;T21927
481;T22135
482;T14551
483;T18466
484;T20720
485;T22112
486;T22555
487;T00684
488;T06699
489;T20621
490;T01216
491;T10483
492;T09911
493;T12626
494;T18921
495;T20651
496;T58476
497;T32819
498;T21294
499;T59587
500;T18940
501;T01098
502;T04514
503;T00794
504;T16982
505;T24840
506;T10991
507;T65812
508;T06000
509;T17547
510;T02263
511;T01275
512;T08052
513;T18527
514;T13387
515;T14863
516;T10287
517;T17085
518;T01971
519;T18153
520;T23774
521;T00988
522;T04285
523;T00456
524;T19542
525;T18206
526;T18299
527;T60024
528;T02535
529;T22606
530;T07463
531;T20718
532;T23586
533;T32788
534;T21037
535;T15291
536;T14391
537;T16515
538;T33373
539;T41794
540;T17737
541;T13987
542;T56805
543;T15745
544;T21077
545;T13606
546;T36760
547;T26322
548;T02181
549;T22348
550;T19675
551;T00487
552;T20754
553;T15106
554;T17474
555;T00280
556;T21520
557;T13347
558;T21056
559;T16793
560;T17400
561;T17151
562;T05946
563;T20311
564;T23150
565;T05636
566;T03553
567;T21035
568;T17428
569;T22206
570;T19718
571;T20140
572;T45450
573;T18843
574;T61404
575;T52611
576;T21916
577;T18388
578;T17918
579;T16129
580;T21710
581;T06734
582;T45132
583;T23809
584;T26124
585;T24987
586;T02295
587;T08892
588;T22213
589;T21826
590;T11081
591;T21986
592;T23279
593;T02398
594;T56981
595;T15312
596;T14125
597;T11132
598;T07851
599;T11121
600;T17302
601;T23612
602;T33634
603;T00847
604;T22048
605;T16891
606;T01672
607;T18867
608;T20537
609;T23677
610;T36795
611;T18809
612;T47803
613;T19356
614;T25184
615;T10473
616;T18404
617;T07910
618;T20523
619;T11298
620;T24026
621;T13720
622;T17298
623;T23059
624;T16458
625;T21974
626;T20840
627;T36335
628;T19790
629;T02215
630;T20871
631;T21057
632;T22230
633;T14734
634;T24539
635;T16464
636;T07440
637;T14398
638;T22964
639;T16828
640;T07690
641;T14752
642;T11004
643;T21792
644;T20637
645;T12947
646;T06542
647;T03825
648;T17697
649;T12126
650;T22835
651;T22336
652;T23570
653;T25155
654;T16189
655;T20982
656;T20382
657;T11026
658;T22573
659;T14013
660;T18558
661;T66860
662;T14004
663;T15988
664;T10262
665;T25638
666;T23175
667;T13229
668;T01819
669;T18835
670;T10435
671;T21383
672;T10399
673;T43900
674;T16373
675;T03269
676;T15519
677;T18213
678;T08769
679;T22993
680;T22997
681;T05502
682;T22628
683;T23252
684;T04837
685;T18362
686;T23476
687;T13703
688;T26325
689;T11326
690;T15867
691;T16706
692;T61166
693;T01658
694;T56341
695;T15344
696;T16626
697;T16864
698;T58901
699;T23142
700;T18136
701;T27321
702;T57187
703;T16950
704;T00250
705;T15737
706;T17015
707;T06129
708;T65668
709;T65702
710;T18825
711;T00059
712;T23446
713;T36298
714;T21863
715;T14785
716;T56775
717;T23861
718;T11249
719;T66074
720;T10513
721;T21424
722;T09979
723;T23552
724;T07542
725;T22253
726;T06733
727;T09054
728;T00423
729;T01749
730;T19520
731;T24963
732;T19631
733;T03291
734;T02133
735;T22105
736;T20227
737;T01280
738;T03039
739;T12602
740;T00722
741;T20736
742;T16655
743;T13866
744;T01379
745;T22541
746;T12425
747;T26418
748;T18862
749;T22592
750;T29314
751;T16097
752;T15184
753;T16408
754;T13099
755;T12382
756;T02026
757;T20897
758;T02214
759;T24790
760;T19743
761;T15255
762;T11015
763;T21980
764;T22838
765;T11842
766;T00875
767;T18033
768;T19286
769;T12390
770;T14942
771;T65000
772;T10443
773;T67884
774;T15074
775;T14533
776;T16547
777;T04488
778;T01458
779;T18173
780;T21804
781;T01099
782;T24679
783;T05662
784;T00689
785;T19271
786;T02911
787;T21298
788;T18662
789;T11876
790;T15275
791;T12681
792;T05212
793;T10967
794;T13225
795;T01378
796;T11616
797;T21139
798;T18670
799;T19829
800;T07444
801;T04399
802;T12346
803;T01705
804;T22005
805;T10285
806;T21672
807;T11995
808;T12847
809;T14470
810;T12951
811;T45119
812;T66947
813;T67992
814;T13208
815;T03493
816;T01452
817;T21414
818;T01564
819;T21136
820;T18839
821;T10881
822;T23276
823;T12414
824;T52661
825;T11493
826;T00181
827;T14456
828;T13022
829;T20603
830;T06933
831;T11408
832;T20919
833;T24066
834;T23301
835;T21168
836;T69305
837;T53378
838;T23848
839;T24006
840;T24509
841;T26400
842;T22095
843;T18899
844;T24125
845;T19246
846;T19516
847;T21680
848;T01320
849;T01332
850;T11650
851;T14062
852;T14012
853;T18226
854;T20305
855;T18697
856;T17522
857;T19570
858;T02865
859;T17615
860;T36310
861;T20239
862;T25204
863;T16027
864;T25133
865;T16492
866;T03685
867;T24477
868;T00075
869;T23381
870;T01358
871;T09609
872;T61191
873;T30040
874;T20765
875;T16388
876;T09606
877;T02960
878;T22750
879;T17154
880;T21495
881;T17600
882;T23609
883;T20679
884;T19130
885;T10445
886;T24035
887;T22908
888;T61098
889;T20208
890;T56917
891;T23320
892;T21864
893;T12220
894;T01380
895;T25436
896;T68898
897;T01609
898;T11421
899;T17221
900;T19776
901;T23655
902;T18101
903;T61225
904;T22334
905;T43957
906;T36995
907;T19729
908;T04215
909;T10940
910;T11665
911;T15131
912;T37121
913;T02218
914;T00425
915;T11999
916;T10801
917;T09666
918;T25027
919;T22228
920;T15537
921;T10017
922;T02719
923;T10562
924;T20459
925;T13668
926;T14056
927;T18091
928;T10539
929;T01730
930;T26296
931;T16268
932;T17354
933;T17635
934;T22924
935;T17093
936;T25712
937;T01155
938;T01152
939;T14599
940;T22514
941;T16006
942;T33672
943;T23783
944;T00555
945;T19610
946;T17490
947;T18408
948;T11744
949;T21079
950;T25216
951;T22713
952;T22641
953;T18174
954;T27408
955;T10960
956;T18160
957;T17720
958;T01571
959;T19725
960;T21359
961;T20101
962;T06802
963;T24056
964;T05138
965;T19301
966;T19464
967;T11288
968;T01156
969;T22436
970;T20053
971;T17929
972;T21485
973;T13902
974;T68437
975;T61079
976;T20665
977;T20664
978;T19313
979;T16636
980;T21608
981;T68634
982;T06705
983;T19779
984;T66775
985;T16377
986;T68893
987;T23147
988;T15410
989;T22428
990;T21252
991;T24083
992;T36275
993;T18267
994;T64611
995;T58924
996;T17564
997;T07833
998;T18578
999;T69405
1000;T13684
1001;T15622
1002;T13551
1003;T17705
1004;T00199
1005;T14102
1006;T18523
1007;T61486
1008;T21802
1009;T11963
1010;T10798
1011;T16360
1012;T18296
1013;T04198
1014;T00108
1015;T21735
1016;T18003
1017;T19657
1018;T18517
1019;T02608
1020;T36711
1021;T18708
1022;T22171
1023;T05316
1024;T24053
1025;T23003
1026;T21196
1027;T24109
1028;T11817
1029;T21012
1030;T00766
1031;T09657
1032;T17596
1033;T24442
1034;T22356
1035;T00023
1036;T11969
1037;T02665
1038;T08986
1039;T36480
1040;T23378
1041;T17426
1042;T10472
1043;T20408
1044;T16875
1045;T10552
1046;T13791
1047;T17703
1048;T24478
1049;T15937
1050;T23395
1051;T13390
1052;T20288
1053;T22257
1054;T19033
1055;T20354
1056;T21972
1057;T22637
1058;T11727
1059;T08510
1060;T20218
1061;T13065
1062;T12620
1063;T14218
1064;T24893
1065;T17680
1066;T22581
1067;T21508
1068;T25059
1069;T22410
1070;T26240
1071;T43804
1072;T10627
1073;T02145
1074;T03953
1075;T01511
1076;T57182
1077;T21825
1078;T22184
1079;T05801
1080;T18005
1081;T09286
1082;T23405
1083;T16952
1084;T24019
1085;T47516
1086;T23043
1087;T11123
1088;T08341
1089;T19658
1090;T03128
1091;T14041
1092;T20369
1093;T13781
1094;T20529
1095;T14678
1096;T20460
1097;T03007
1098;T10556
1099;T14269
1100;T54178
1101;T13416
1102;T13273
1103;T21785
1104;T00448
1105;T17958
1106;T14603
1107;T18294
1108;T07631
1109;T11232
1110;T14550
1111;T18676
1112;T12294
1113;T08130
1114;T12380
1115;T09185
1116;T23355
1117;T23680
1118;T01454
1119;T01196
1120;T22659
1121;T19241
1122;T56806
1123;T12153
1124;T17495
1125;T21763
1126;T01821
1127;T00585
1128;T05255
1129;T18532
1130;T21236
1131;T56221
1132;T65758
1133;T07404
1134;T24471
1135;T10372
1136;T16341
1137;T17503
1138;T18126
1139;T03764
1140;T30027
1141;T23916
1142;T19486
1143;T17297
1144;T21719
1145;T01590
1146;T19145
1147;T04478
1148;T14065
1149;T02169
1150;T22622
1151;T03044
1152;T17079
1153;T01814
1154;T13386
1155;T19348
1156;T00627
1157;T11217
1158;T21622
1159;T09325
1160;T01546
1161;T19591
1162;T21701
1163;T20918
1164;T12566
1165;T60866
1166;T12733
1167;T22218
1168;T19183
1169;T56536
1170;T17349
1171;T29589
1172;T20325
1173;T20107
1174;T20392
1175;T33329
1176;T01704
1177;T16422
1178;T13999
1179;T19554
1180;T01462
1181;T22994
1182;T13081
1183;T14229
1184;T09150
1185;T27283
1186;T53136
1187;T04525
1188;T22657
1189;T18805
1190;T15606
1191;T25539
1192;T20259
1193;T18019
1194;T16601
1195;T22028
1196;T25081
1197;T21336
1198;T33109
1199;T23797
1200;T02602
1201;T15955
1202;T17827
1203;T18621
1204;T10175
1205;T15093
1206;T12248
1207;T20599
1208;T15020
1209;T21279
1210;T18875
1211;T19604
1212;T21046
1213;T25487
1214;T18582
1215;T12262
1216;T11170
1217;T13932
1218;T14147
1219;T10850
1220;T13963
1221;T18308
1222;T22681
1223;T26398
1224;T16774
1225;T24075
1226;T69383
1227;T23141
1228;T00808
1229;T23806
1230;T25247
1231;T24050
1232;T13056
1233;T12077
1234;T01167
1235;T61126
1236;T05540
1237;T22519
1238;T18286
1239;T13250
1240;T24474
1241;T13121
1242;T22730
1243;T69330
1244;T15750
1245;T15568
1246;T14821
1247;T09626
1248;T00616
1249;T16833
1250;T35495
1251;T25153
1252;T00522
1253;T15973
1254;T20781
1255;T13705
1256;T05329
1257;T19402
1258;T15602
1259;T20029
1260;T37262
1261;T09072
1262;T04432
1263;T20921
1264;T01488
1265;T17236
1266;T01300
1267;T00774
1268;T03495
1269;T25135
1270;T06618
1271;T18570
1272;T00064
1273;T19797
1274;T07861
1275;T23497
1276;T29546
1277;T18200
1278;T07427
1279;T10786
1280;T20343
1281;T66770
1282;T23370
1283;T04710
1284;T05377
1285;T20174
1286;T16132
1287;T15651
1288;T15286
1289;T21739
1290;T36819
1291;T12313
1292;T25747
1293;T10404
1294;T00920
1295;T14726
1296;T03098
1297;T04763
1298;T14809
1299;T18330
1300;T24705
1301;T00547
1302;T16413
1303;T08710
1304;T08451
1305;T10651
1306;T02261
1307;T19840
1308;T16111
1309;T12588
1310;T00983
1311;T18204
1312;T13858
1313;T20248
1314;T14940
1315;T21121
1316;T20706
1317;T11555
1318;T23968
1319;T15316
1320;T14430
1321;T07629
1322;T21747
1323;T16925
1324;T02010
1325;T12398
1326;T13447
1327;T25786
1328;T14628
1329;T23342
1330;T61301
1331;T02574
1332;T08973
1333;T21807
1334;T10143
1335;T00178
1336;T10493
1337;T26359
1338;T09006
1339;T08194
1340;T12746
1341;T02455
1342;T22362
1343;T66301
1344;T19220
1345;T69290
1346;T11826
1347;T05402
1348;T26130
1349;T20927
1350;T13045
1351;T05794
1352;T14605
1353;T15156
1354;T13680
1355;T20289
1356;T12234
1357;T22158
1358;T19361
1359;T09576
1360;T39173
1361;T08234
1362;T17598
1363;T13178
1364;T13284
1365;T03845
1366;T12575
1367;T01775
1368;T18215
1369;T29503
1370;T36478
1371;T13563
1372;T03974
1373;T17659
1374;T00421
1375;T14949
1376;T24120
1377;T16713
1378;T05545
1379;T17086
1380;T12200
1381;T23026
1382;T33556
1383;T69215
1384;T14253
1385;T17786
1386;T16405
1387;T19568
1388;T14416
1389;T20458
1390;T21302
1391;T21398
1392;T06066
1393;T23294
1394;T04315
1395;T20739
1396;T18437
1397;T10844
1398;T18989
1399;T15970
1400;T16357
1401;T20863
1402;T03186
1403;T16853
1404;T01514
1405;T14857
1406;T14644
1407;T56211
1408;T08839
1409;T17841
1410;T21635
1411;T22841
1412;T18022
1413;T13266
1414;T21344
1415;T21289
1416;T08563
1417;T13362
1418;T02213
1419;T16296
1420;T29488
1421;T20842
1422;T07893
1423;T03705
1424;T26360
1425;T22921
1426;T19407
1427;T01794
1428;T01743
1429;T13665
1430;T12132
1431;T17100
1432;T18450
1433;T19749
1434;T39180
1435;T10840
1436;T67889
1437;T15815
1438;T09595
1439;T18171
1440;T17968
1441;T15700
1442;T20768
1443;T00691
1444;T17993
1445;T05278
1446;T17523
1447;T23182
1448;T09407
1449;T12427
1450;T06856
1451;T12707
1452;T19332
1453;T23481
1454;T00159
1455;T08173
1456;T07104
1457;T19556
1458;T14335
1459;T12100
1460;T22064
1461;T18643
1462;T21104
1463;T12007
1464;T16016
1465;T37322
1466;T17223
1467;T05806
1468;T14549
1469;T13908
1470;T13839
1471;T16787
1472;T22549
1473;T20349
1474;T24971
1475;T01244
1476;T12875
1477;T12366
1478;T25680
1479;T10154
1480;T19318
1481;T07871
1482;T11013
1483;T13923
1484;T24905
1485;T22154
1486;T25716
1487;T21638
1488;T09895
1489;T10633
1490;T20001
1491;T17180
1492;T22286
1493;T08336
1494;T22834
1495;T22951
1496;T20157
1497;T25538
1498;T19046
1499;T11961
1500;T16744
1501;T16742
1502;T04729
1503;T02453
1504;T18674
1505;T43546
1506;T04317
1507;T16594
1508;T24975
1509;T02780
1510;T12666
1511;T14351
1512;T05383
1513;T14766
1514;T20353
1515;T05699
1516;T37168
1517;T11582
1518;T01933
1519;T17628
1520;T24812
1521;T14913
1522;T09642
1523;T21967
1524;T20525
1525;T02899
1526;T00967
1527;T29261
1528;T44911
1529;T15532
1530;T29896
1531;T01591
1532;T21851
1533;T01417
1534;T13372
1535;T16831
1536;T23657
1537;T29401
1538;T11967
1539;T12548
1540;T18140
1541;T11554
1542;T00461
1543;T01651
1544;T02174
1545;T16553
1546;T14461
1547;T00257
1548;T02861
1549;T00382
1550;T18347
1551;T60023
1552;T10930
1553;T10870
1554;T22971
1555;T25715
1556;T18774
1557;T14210
1558;T12203
1559;T15450
1560;T08249
1561;T22777
1562;T01720
1563;T18727
1564;T18666
1565;T22627
1566;T16558
1567;T16593
1568;T03483
1569;T11358
1570;T22676
1571;T00561
1572;T00034
1573;T16217
1574;T15031
1575;T00489
1576;T11245
1577;T03544
1578;T15670
1579;T26254
1580;T02247
1581;T14862
1582;T08605
1583;T12029
1584;T28982
1585;T06844
1586;T09289
1587;T20097
1588;T12937
1589;T16785
1590;T66842
1591;T69268
1592;T21613
1593;T21011
1594;T17431
1595;T18127
1596;T23815
1597;T06298
1598;T24886
1599;T00721
1600;T14846
1601;T15080
1602;T18231
1603;T16542
1604;T45673
1605;T19057
1606;T20250
1607;T02818
1608;T14936
1609;T10554
1610;T21454
1611;T15520
1612;T08786
1613;T14517
1614;T05259
1615;T15814
1616;T21321
1617;T24266
1618;T13470
1619;T15006
1620;T26212
1621;T18797
1622;T17153
1623;T15391
1624;T12619
1625;T23628
1626;T20367
1627;T61397
1628;T56880
1629;T21834
1630;T28261
1631;T19235
1632;T16253
1633;T23440
1634;T02173
1635;T02596
1636;T26174
1637;T20898
1638;T07859
1639;T29669
1640;T19278
1641;T22816
1642;T13146
1643;T09570
1644;T07217
1645;T18256
1646;T01138
1647;T04426
1648;T25691
1649;T12737
1650;T15756
1651;T18189
1652;T13598
1653;T24720
1654;T18326
1655;T24389
1656;T22217
1657;T13345
1658;T19574
1659;T12857
1660;T15675
1661;T13473
1662;T14561
1663;T20636
1664;T69219
1665;T22940
1666;T36494
1667;T12804
1668;T14655
1669;T15560
1670;T13914
1671;T22684
1672;T18514
1673;T24472
1674;T22751
1675;T00345
1676;T19524
1677;T18275
1678;T04728
1679;T07093
1680;T02567
1681;T18648
1682;T18603
1683;T10980
1684;T01649
1685;T12942
1686;T36509
1687;T36853
1688;T14779
1689;T14903
1690;T13965
1691;T24908
1692;T23519
1693;T01351
1694;T13333
1695;T21683
1696;T15976
1697;T13265
1698;T13600
1699;T21830
1700;T10815
1701;T67142
1702;T14199
1703;T01550
1704;T09451
1705;T03550
1706;T15341
1707;T01027
1708;T24700
1709;T15556
1710;T00633
1711;T06604
1712;T27208
1713;T18021
1714;T06455
1715;T16968
1716;T20252
1717;T10931
1718;T16566
1719;T04828
1720;T23419
1721;T16227
1722;T15909
1723;T20563
1724;T18901
1725;T18687
1726;T19484
1727;T10724
1728;T22679
1729;T22903
1730;T23858
1731;T22870
1732;T14519
1733;T22503
1734;T05285
1735;T10835
1736;T20715
1737;T00734
1738;T25714
1739;T17497
1740;T00793
1741;T25646
1742;T17664
1743;T15281
1744;T15283
1745;T05791
1746;T08693
1747;T17706
1748;T08959
1749;T10966
1750;T00042
1751;T18072
1752;T14690
1753;T18125
1754;T69374
1755;T16714
1756;T10150
1757;T69274
1758;T05098
1759;T11053
1760;T00464
1761;T57434
1762;T20520
1763;T15837
1764;T00932
1765;T13027
1766;T12078
1767;T17558
1768;T21185
1769;T16459
1770;T18245
1771;T19037
1772;T18361
1773;T08005
1774;T22516
1775;T18909
1776;T24565
1777;T02364
1778;T12777
1779;T22566
1780;T08728
1781;T16133
1782;T23907
1783;T13548
1784;T15032
1785;T08828
1786;T15833
1787;T23028
1788;T26419
1789;T19800
1790;T25667
1791;T10680
1792;T22699
1793;T19187
1794;T01996
1795;T11418
1796;T13116
1797;T12855
1798;T08890
1799;T24839
1800;T22338
1801;T13602
1802;T12805
1803;T14107
1804;T00999
1805;T23802
1806;T07432
1807;T03954
1808;T09448
1809;T18410
1810;T13224
1811;T12760
1812;T65860
1813;T23759
1814;T10617
1815;T24837
1816;T45988
1817;T01252
1818;T13807
1819;T10398
1820;T15055
1821;T20366
1822;T14000
1823;T04276
1824;T24071
1825;T15081
1826;T26256
1827;T20722
1828;T20779
1829;T23310
1830;T04885
1831;T04030
1832;T15043
1833;T21636
1834;T65753
1835;T11648
1836;T17382
1837;T11041
1838;T05276
1839;T02857
1840;T13787
1841;T23701
1842;T22415
1843;T01363
1844;T22965
1845;T24794
1846;T25076
1847;T36614
1848;T16927
1849;T23935
1850;T18387
1851;T14352
1852;T23240
1853;T19023
1854;T21498
1855;T22292
1856;T20566
1857;T24729
1858;T17835
1859;T09018
1860;T12194
1861;T16021
1862;T17266
1863;T09805
1864;T12617
1865;T01473
1866;T15196
1867;T14298
1868;T20686
1869;T14743
1870;T12904
1871;T23581
1872;T18759
1873;T21655
1874;T12675
1875;T11602
1876;T22877
1877;T00872
1878;T06932
1879;T55950
1880;T02789
1881;T07292
1882;T56249
1883;T67879
1884;T07488
1885;T19438
1886;T45163
1887;T01622
1888;T44474
1889;T14288
1890;T01859
1891;T22330
1892;T16449
1893;T14845
1894;T18014
1895;T25793
1896;T11694
1897;T15096
1898;T22535
1899;T00026
1900;T00361
1901;T07243
1902;T23946
1903;T14574
1904;T11511
1905;T52609
1906;T14806
1907;T14462
1908;T13137
1909;T18802
1910;T16437
1911;T02208
1912;T17182
1913;T15058
1914;T22587
1915;T15490
1916;T07094
1917;T08161
1918;T61266
1919;T06143
1920;T26409
1921;T06399
1922;T21808
1923;T00654
1924;T14586
1925;T11705
1926;T19373
1927;T25238
1928;T18301
1929;T13341
1930;T19763
1931;T14762
1932;T14648
1933;T13490
1934;T22755
1935;T01468
1936;T09632
1937;T10951
1938;T12652
1939;T12612
1940;T21126
1941;T21477
1942;T01697
1943;T14617
1944;T13968
1945;T09819
1946;T14778
1947;T12543
1948;T17278
1949;T24652
1950;T16954
1951;T27226
1952;T13028
1953;T17787
1954;T12971
1955;T06724
1956;T08213
1957;T16059
1958;T12295
1959;T14671
1960;T14296
1961;T15201
1962;T11528
1963;T09002
1964;T12722
1965;T16527
1966;T18910
1967;T19991
1968;T13630
1969;T05672
1970;T05525
1971;T00204
1972;T17240
1973;T02803
1974;T13187
1975;T36167
1976;T65746
1977;T16941
1978;T19505
1979;T12213
1980;T28641
1981;T16511
1982;T08050
1983;T17398
1984;T06290
1985;T16646
1986;T00164
1987;T69318
1988;T05765
1989;T13715
1990;T19352
1991;T01505
1992;T06631
1993;T09280
1994;T01563
1995;T03597
1996;T15879
1997;T11960
1998;T15552
1999;T04752
2000;T15375
2001;T31439
2002;T14275
2003;T11470
2004;T12542
2005;T00949
2006;T09545
2007;T20128
2008;T00115
2009;T25645
2010;T10309
2011;T14930
2012;T00154
2013;T05177
2014;T30760
2015;T12823
2016;T06977
2017;T04458
2018;T15014
2019;T01552
2020;T21625
2021;T13367
2022;T14770
2023;T13150
2024;T10540
2025;T10458
2026;T14791
2027;T46120
2028;T57718
2029;T12218
2030;T15273
2031;T14402
2032;T19702
2033;T22345
2034;T16471
2035;T00961
2036;T05000
2037;T55494
2038;T01407
2039;T12108
2040;T05935
2041;T05621
2042;T11710
2043;T07604
2044;T43679
2045;T16386
2046;T66064
2047;T24719
2048;T12668
2049;T21712
2050;T11834
2051;T09313
2052;T18747
2053;T00452
2054;T11137
2055;T01823
2056;T01523
2057;T16316
2058;T18817
2059;T23336
2060;T16113
2061;T15079
2062;T20553
2063;T29381
2064;T43953
2065;T02705
2066;T09351
2067;T25503
2068;T12060
2069;T17575
2070;T01698
2071;T15483
2072;T15259
2073;T10249
2074;T13004
2075;T02395
2076;T20792
2077;T17727
2078;T24640
2079;T02052
2080;T18607
2081;T04289
2082;T69334
2083;T23105
2084;T09493
2085;T03638
2086;T13394
2087;T15204
2088;T15503
2089;T21238
2090;T21063
2091;T20429
2092;T14172
2093;T21173
2094;T21812
2095;T11692
2096;T10260
2097;T24011
2098;T18576
2099;T08164
2100;T05172
2101;T03584
2102;T14445
2103;T05605
2104;T02187
2105;T12952
2106;T23772
2107;T01166
2108;T04248
2109;T03986
2110;T44396
2111;T11133
2112;T12960
2113;T25554
2114;T00533
2115;T15491
2116;T17231
2117;T20295
2118;T19547
2119;T14276
2120;T01710
2121;T05738
2122;T15561
2123;T14888
2124;T26264
2125;T69205
2126;T29584
2127;T12391
2128;T23153
2129;T20606
2130;T17595
2131;T00301
2132;T18903
2133;T24332
2134;T68897
2135;T01433
2136;T23486
2137;T04979
2138;T00406
2139;T21431
2140;T36942
2141;T19157
2142;T07017
2143;T16258
2144;T15848
2145;T12999
2146;T15798
2147;T14483
2148;T00160
2149;T06896
2150;T00863
2151;T23496
2152;T11631
2153;T08829
2154;T09482
2155;T11923
2156;T05464
2157;T14594
2158;T17507
2159;T24051
2160;T18845
2161;T13661
2162;T15319
2163;T11473
2164;T03904
2165;T69343
2166;T10303
2167;T00603
2168;T09612
2169;T01426
2170;T65378
2171;T10826
2172;T13886
2173;T17871
2174;T01947
2175;T11030
2176;T14976
2177;T37026
2178;T15279
2179;T13678
2180;T27384
2181;T14135
2182;T19514
2183;T08099
2184;T66392
2185;T15347
2186;T20066
2187;T22557
2188;T20977
2189;T40852
2190;T21889
2191;T16120
2192;T23044
2193;T21823
2194;T36952
2195;T18999
2196;T23462
2197;T20491
2198;T23819
2199;T01228
2200;T23089
2201;T15683
2202;T60786
2203;T08616
2204;T18858
2205;T25042
2206;T23251
2207;T22691
2208;T24590
2209;T25136
2210;T19324
2211;T17165
2212;T25085
2213;T52791
2214;T10640
2215;T21452
2216;T02870
2217;T18427
2218;T21054
2219;T18782
2220;T21025
2221;T17922
2222;T05610
2223;T21950
2224;T69311
2225;T10832
2226;T20398
2227;T14355
2228;T01348
2229;T13262
2230;T36227
2231;T02185
2232;T04977
2233;T21040
2234;T06823
2235;T14307
2236;T12418
2237;T06219
2238;T01547
2239;T13421
2240;T13451
2241;T16387
2242;T00190
2243;T60686
2244;T14356
2245;T25144
2246;T01354
2247;T14121
2248;T15928
2249;T47046
2250;T00187
2251;T02260
2252;T66122
2253;T17832
2254;T14744
2255;T24524
2256;T26140
2257;T17267
2258;T00714
2259;T00041
2260;T05387
2261;T14799
2262;T13383
2263;T01635
2264;T19782
2265;T28047
2266;T61394
2267;T17108
2268;T17584
2269;T21626
2270;T17653
2271;T07739
2272;T00200
2273;T17621
2274;T17657
2275;T07010
2276;T18964
2277;T14070
2278;T15688
2279;T25158
2280;T23387
2281;T12376
2282;T00168
2283;T14658
2284;T14765
2285;T19664
2286;T12268
2287;T17477
2288;T18991
2289;T15009
2290;T36591
2291;T21114
2292;T20942
2293;T10465
2294;T19009
2295;T14082
2296;T04640
2297;T57179
2298;T13201
2299;T13567
2300;T00337
2301;T00335
2302;T13619
2303;T21087
2304;T17352
2305;T21098
2306;T00939
2307;T15173
2308;T09864
2309;T22275
2310;T06842
2311;T20103
2312;T23888
2313;T01235
2314;T01301
2315;T02227
2316;T05078
2317;T05731
2318;T12901
2319;T15377
2320;T07036
2321;T01319
2322;T03730
2323;T19995
2324;T05339
2325;T19169
2326;T63020
2327;T20887
2328;T17805
2329;T00878
2330;T01055
2331;T22645
2332;T10685
2333;T41768
2334;T16933
2335;T21758
2336;T10780
2337;T14050
2338;T18525
2339;T69339
2340;T13843
2341;T03931
2342;T14848
2343;T17310
2344;T00905
2345;T66003
2346;T17906
2347;T23997
2348;T24097
2349;T65649
2350;T17668
2351;T10747
2352;T20743
2353;T08931
2354;T16559
2355;T09558
2356;T37218
2357;T15441
2358;T25014
2359;T16275
2360;T67006
2361;T19989
2362;T07541
2363;T02089
2364;T24040
2365;T01321
2366;T03575
2367;T15842
2368;T23787
2369;T21692
2370;T11780
2371;T00550
2372;T03080
2373;T17098
2374;T20096
2375;T16683
2376;T22121
2377;T17555
2378;T01846
2379;T13969
2380;T05988
2381;T22452
2382;T22448
2383;T19555
2384;T36340
2385;T06245
2386;T18728
2387;T21376
2388;T26272
2389;T23385
2390;T18544
2391;T13571
2392;T14254
2393;T00081
2394;T00510
2395;T10816
2396;T23357
2397;T25543
2398;T22536
2399;T19367
2400;T64888
2401;T25298
2402;T12996
2403;T26292
2404;T21153
2405;T16731
2406;T21633
2407;T18027
2408;T15057
2409;T07116
2410;T22776
2411;T18454
2412;T17952
2413;T10208
2414;T15612
2415;T16104
2416;T24749
2417;T14152
2418;T05477
2419;T04299
2420;T09353
2421;T05207
2422;T15873
2423;T14827
2424;T11381
2425;T21034
2426;T08250
2427;T17850
2428;T68907
2429;T19186
2430;T12325
2431;T43684
2432;T23721
2433;T03929
2434;T24889
2435;T17092
2436;T15567
2437;T26298
2438;T22202
2439;T12811
2440;T23046
2441;T11264
2442;T16251
2443;T22134
2444;T17559
2445;T21086
2446;T24996
2447;T00417
2448;T21765
2449;T37025
2450;T21731
2451;T20526
2452;T08503
2453;T04283
2454;T54847
2455;T66777
2456;T04009
2457;T21145
2458;T16885
2459;T12280
2460;T27523
2461;T13278
2462;T05655
2463;T19190
2464;T01095
2465;T05949
2466;T21838
2467;T01834
2468;T17017
2469;T19238
2470;T52618
2471;T18383
2472;T04875
2473;T31702
2474;T04592
2475;T17528
2476;T59926
2477;T13013
2478;T15839
2479;T06838
2480;T22959
2481;T15724
2482;T12276
2483;T17413
2484;T33453
2485;T15746
2486;T03447
2487;T23196
2488;T16414
2489;T15820
2490;T14393
2491;T13237
2492;T17430
2493;T08732
2494;T12117
2495;T15528
2496;T66820
2497;T20217
2498;T11941
2499;T21489
2500;T13805
2501;T00810
2502;T13640
2503;T13110
2504;T27179
2505;T23503
2506;T05924
2507;T14058
2508;T14670
2509;T17620
2510;T20221
2511;T16970
2512;T01719
2513;T28270
2514;T38429
2515;T11140
2516;T15133
2517;T10843
2518;T18109
2519;T03457
2520;T13892
2521;T13274
2522;T15676
2523;T04439
2524;T00623
2525;T00927
2526;T15544
2527;T22177
2528;T12399
2529;T00118
2530;T03390
2531;T17215
2532;T00114
2533;T19785
2534;T28472
2535;T18443
2536;T21933
2537;T05910
2538;T24669
2539;T16501
2540;T11351
2541;T19686
2542;T22638
2543;T23191
2544;T11216
2545;T18243
2546;T00801
2547;T05411
2548;T22741
2549;T23122
2550;T24100
2551;T21178
2552;T60061
2553;T06159
2554;T36779
2555;T14371
2556;T24701
2557;T25671
2558;T58737
2559;T27221
2560;T23921
2561;T08144
2562;T25161
2563;T10448
2564;T21483
2565;T20091
2566;T15966
2567;T19535
2568;T19598
2569;T56301
2570;T17158
2571;T21928
2572;T10755
2573;T11309
2574;T00687
2575;T18329
2576;T19902
2577;T56395
2578;T11837
2579;T25013
2580;T01847
2581;T01112
2582;T23889
2583;T04374
2584;T16188
2585;T20345
2586;T13068
2587;T23248
2588;T19585
2589;T16761
2590;T04397
2591;T01132
2592;T13163
2593;T24564
2594;T10852
2595;T19665
2596;T00700
2597;T01914
2598;T53772
2599;T12236
2600;T22688
2601;T05989
2602;T11693
2603;T14083
2604;T14373
2605;T11924
2606;T10586
2607;T57743
2608;T12943
2609;T12087
2610;T21317
2611;T02709
2612;T22675
2613;T69335
2614;T58895
2615;T01824
2616;T13498
2617;T20597
2618;T22327
2619;T14975
2620;T23189
2621;T61170
2622;T20790
2623;T12948
2624;T12615
2625;T20207
2626;T23945
2627;T33272
2628;T15076
2629;T22407
2630;T07973
2631;T00982
2632;T01423
2633;T23739
2634;T19564
2635;T21377
2636;T16066
2637;T18303
2638;T16555
2639;T24974
2640;T07945
2641;T65006
2642;T10947
2643;T14320
2644;T15741
2645;T16274
2646;T09862
2647;T24106
2648;T15792
2649;T15018
2650;T69294
2651;T07787
2652;T17166
2653;T39251
2654;T10269
2655;T20757
2656;T15501
2657;T21815
2658;T15398
2659;T20485
2660;T23311
2661;T05429
2662;T15886
2663;T44808
2664;T03069
2665;T69307
2666;T01316
2667;T19397
2668;T37305
2669;T08808
2670;T17394
2671;T12345
2672;T08248
2673;T13334
2674;T01966
2675;T14324
2676;T09458
2677;T18255
2678;T17988
2679;T29187
2680;T13472
2681;T00082
2682;T52471
2683;T07137
2684;T04178
2685;T26133
2686;T45950
2687;T17077
2688;T22927
2689;T13884
2690;T19854
2691;T16703
2692;T18225
2693;T69303
2694;T09765
2695;T19690
2696;T26295
2697;T00349
2698;T03941
2699;T15808
2700;T01338
2701;T01335
2702;T23302
2703;T19616
2704;T13547
2705;T13774
2706;T14089
2707;T05578
2708;T23340
2709;T16279
2710;T23779
2711;T06581
2712;T15508
2713;T21402
2714;T26114
2715;T21307
2716;T16922
2717;T11920
2718;T54171
2719;T01542
2720;T19678
2721;T19173
2722;T20031
2723;T20036
2724;T14560
2725;T16310
2726;T05291
2727;T05947
2728;T14578
2729;T05586
2730;T13784
2731;T12499
2732;T19140
2733;T00922
2734;T18251
2735;T16628
2736;T21313
2737;T15851
2738;T11669
2739;T25474
2740;T36590
2741;T06008
2742;T05186
2743;T22799
2744;T01021
2745;T10632
2746;T00067
2747;T22467
2748;T24713
2749;T15626
2750;T16472
2751;T25611
2752;T19269
2753;T01489
2754;T00527
2755;T19383
2756;T15972
2757;T11055
2758;T01890
2759;T14273
2760;T19003
2761;T14259
2762;T00048
2763;T15713
2764;T09372
2765;T15785
2766;T09954
2767;T15433
2768;T09653
2769;T18431
2770;T11917
2771;T07371
2772;T12465
2773;T00833
2774;T11792
2775;T14196
2776;T00344
2777;T01892
2778;T15261
2779;T52935
2780;T16123
2781;T18484
2782;T14511
2783;T12552
2784;T19468
2785;T05330
2786;T01340
2787;T02347
2788;T24653
2789;T14593
2790;T56250
2791;T14446
2792;T04017
2793;T56345
2794;T17594
2795;T00639
2796;T01535
2797;T16156
2798;T23242
2799;T03817
2800;T08486
2801;T18931
2802;T13221
2803;T06521
2804;T29632
2805;T13729
2806;T14928
2807;T18580
2808;T14884
2809;T03092
2810;T14537
2811;T27223
2812;T13202
2813;T35479
2814;T55226
2815;T06923
2816;T08629
2817;T25742
2818;T18978
2819;T01325
2820;T01282
2821;T01745
2822;T23854
2823;T23749
2824;T27240
2825;T16110
2826;T44612
2827;T20902
2828;T05606
2829;T12789
2830;T52964
2831;T60879
2832;T23670
2833;T24036
2834;T25457
2835;T17572
2836;T01795
2837;T23713
2838;T01716
2839;T19012
2840;T19112
2841;T57431
2842;T12776
2843;T13127
2844;T12840
2845;T15028
2846;T29496
2847;T15758
2848;T19691
2849;T22389
2850;T20929
2851;T18663
2852;T20417
2853;T20905
2854;T22989
2855;T17949
2856;T23640
2857;T22066
2858;T20037
2859;T20181
2860;T53006
2861;T22004
2862;T18763
2863;T22564
2864;T21092
2865;T22340
2866;T22860
2867;T43908
2868;T21789
2869;T24110
2870;T49439
2871;T17197
2872;T21871
2873;T20564
2874;T23535
2875;T19476
2876;T20677
2877;T19167
2878;T24044
2879;T23358
2880;T18719
2881;T19534
2882;T18866
2883;T21212
2884;T13414
2885;T09656
2886;T25004
2887;T25003
2888;T06633
2889;T14751
2890;T04420
2891;T11294
2892;T15038
2893;T11426
2894;T25750
2895;T56860
2896;T04600
2897;T20436
2898;T13786
2899;T28761
2900;T66521
2901;T17500
2902;T16151
2903;T02465
2904;T05298
2905;T12162
2906;T20992
2907;T16240
2908;T08499
2909;T07403
2910;T14634
2911;T00931
2912;T15529
2913;T25540
2914;T07180
2915;T03846
2916;T05460
2917;T20240
2918;T20601
2919;T23881
2920;T00733
2921;T06828
2922;T18285
2923;T16963
2924;T14538
2925;T11417
2926;T03427
2927;T01460
2928;T11492
2929;T01314
2930;T11942
2931;T25082
2932;T06422
2933;T01447
2934;T18273
2935;T23412
2936;T17883
2937;T00288
2938;T15593
2939;T02468
2940;T20479
2941;T22186
2942;T18614
2943;T17910
2944;T36248
2945;T22442
2946;T10597
2947;T11067
2948;T12850
2949;T25492
2950;T03860
2951;T15374
2952;T19810
2953;T23131
2954;T27120
2955;T18807
2956;T23528
2957;T23769
2958;T00282
2959;T19166
2960;T17636
2961;T16477
2962;T65542
2963;T20111
2964;T15016
2965;T01783
2966;T01768
2967;T15782
2968;T12622
2969;T12683
2970;T17300
2971;T58134
2972;T13239
2973;T03400
2974;T21657
2975;T06259
2976;T69282
2977;T22344
2978;T22246
2979;T66269
2980;T20434
2981;T26278
2982;T21856
2983;T18951
2984;T36799
2985;T05173
2986;T17865
2987;T15668
2988;T19481
2989;T11308
2990;T16261
2991;T16613
2992;T16138
2993;T08757
2994;T13043
2995;T11124
2996;T14978
2997;T19077
2998;T20704
2999;T25739
3000;T07203
3001;T15647
3002;T10863
3003;T18188
3004;T16874
3005;T37272
3006;T18769
3007;T18168
3008;T13596
3009;T00809
3010;T18048
3011;T03208
3012;T19575
3013;T37216
3014;T15982
3015;T14492
3016;T14042
3017;T21492
3018;T17454
3019;T59903
3020;T25624
3021;T14238
3022;T59916
3023;T11117
3024;T15163
3025;T14708
3026;T69229
3027;T65239
3028;T02997
3029;T20532
3030;T24548
3031;T20464
3032;T11513
3033;T12164
3034;T15245
3035;T12462
3036;T25772
3037;T24096
3038;T17163
3039;T14750
3040;T14516
3041;T13573
3042;T15921
3043;T15376
3044;T19122
3045;T22716
3046;T18302
3047;T69273
3048;T22666
3049;T09532
3050;T19415
3051;T14621
3052;T11088
3053;T36349
3054;T20511
3055;T02699
3056;T11452
3057;T14244
3058;T25292
3059;T20039
3060;T18616
3061;T14581
3062;T29579
3063;T13550
3064;T36507
3065;T00546
3066;T20945
3067;T15628
3068;T06751
3069;T17439
3070;T22644
3071;T07832
3072;T02783
3073;T15887
3074;T11083
3075;T14856
3076;T23667
3077;T12238
3078;T11192
3079;T07218
3080;T13289
3081;T15370
3082;T20785
3083;T22646
3084;T16901
3085;T21042
3086;T17665
3087;T21388
3088;T23253
3089;T14217
3090;T27323
3091;T24638
3092;T01385
3093;T14329
3094;T11065
3095;T15026
3096;T52877
3097;T03977
3098;T17960
3099;T16348
3100;T36518
3101;T18133
3102;T15816
3103;T12030
3104;T14654
3105;T20032
3106;T14364
3107;T33505
3108;T17907
3109;T53084
3110;T21926
3111;T53089
3112;T69257
3113;T01812
3114;T10639
3115;T43660
3116;T18977
3117;T01522
3118;T20313
3119;T10948
3120;T14534
3121;T23403
3122;T06170
3123;T25590
3124;T16821
3125;T20293
3126;T13913
3127;T22611
3128;T14596
3129;T00901
3130;T10809
3131;T04296
3132;T09167
3133;T14786
3134;T02729
3135;T56833
3136;T22234
3137;T15985
3138;T07993
3139;T16223
3140;T15102
3141;T04135
3142;T20182
3143;T18700
3144;T02126
3145;T20758
3146;T23697
3147;T15460
3148;T21005
3149;T15920
3150;T13530
3151;T13700
3152;T01507
3153;T52566
3154;T14575
3155;T14413
3156;T09793
3157;T02268
3158;T05677
3159;T13000
3160;T03034
3161;T10650
3162;T08246
3163;T12821
3164;T24737
3165;T20980
3166;T23183
3167;T21385
3168;T21265
3169;T64887
3170;T17143
3171;T23354
3172;T22319
3173;T17563
3174;T18713
3175;T22388
3176;T12367
3177;T14311
3178;T52916
3179;T23598
3180;T27307
3181;T17754
3182;T17437
3183;T14110
3184;T00177
3185;T22717
3186;T24808
3187;T12827
3188;T13510
3189;T01345
3190;T67143
3191;T13044
3192;T12836
3193;T05129
3194;T01738
3195;T12895
3196;T23104
3197;T23890
3198;T24530
3199;T10729
3200;T21472
3201;T21177
3202;T00087
3203;T60236
3204;T11610
3205;T09336
3206;T10805
3207;T15620
3208;T12516
3209;T12627
3210;T17975
3211;T23277
3212;T45109
3213;T13092
3214;T00263
3215;T03690
3216;T23305
3217;T16861
3218;T05843
3219;T23985
3220;T27917
3221;T18583
3222;T02905
3223;T01570
3224;T18503
3225;T18006
3226;T34478
3227;T23838
3228;T16230
3229;T21379
3230;T23284
3231;T18974
3232;T17007
3233;T02193
3234;T25154
3235;T13741
3236;T15264
3237;T15826
3238;T06095
3239;T08678
3240;T12699
3241;T23390
3242;T18480
3243;T16569
3244;T13763
3245;T03213
3246;T00197
3247;T25107
3248;T19004
3249;T36262
3250;T00018
3251;T23940
3252;T19748
3253;T33665
3254;T19741
3255;T01463
3256;T23743
3257;T21351
3258;T66786
3259;T10113
3260;T21026
3261;T12445
3262;T16847
3263;T13035
3264;T06845
3265;T02139
3266;T19529
3267;T22726
3268;T08741
3269;T20615
3270;T44381
3271;T11155
3272;T16020
3273;T69216
3274;T04184
3275;T01979
3276;T20880
3277;T19697
3278;T00044
3279;T23659
3280;T16529
3281;T13393
3282;T17777
3283;T18927
3284;T11099
3285;T13607
3286;T15938
3287;T22189
3288;T17326
3289;T43759
3290;T21052
3291;T41613
3292;T01639
3293;T20998
3294;T00744
3295;T59897
3296;T15216
3297;T69415
3298;T20710
3299;T19189
3300;T10965
3301;T54333
3302;T24672
3303;T20338
3304;T01905
3305;T69368
3306;T23792
3307;T05143
3308;T00443
3309;T20618
3310;T01205
3311;T16034
3312;T20357
3313;T17666
3314;T06050
3315;T23686
3316;T14313
3317;T13494
3318;T15054
3319;T16007
3320;T21375
3321;T20500
3322;T21698
3323;T15607
3324;T13624
3325;T01257
3326;T12693
3327;T15414
3328;T19819
3329;T16665
3330;T45235
3331;T66394
3332;T20726
3333;T44834
3334;T17109
3335;T21937
3336;T18824
3337;T23892
3338;T19226
3339;T14510
3340;T00438
3341;T22298
3342;T01461
3343;T15991
3344;T11262
3345;T11912
3346;T11647
3347;T10371
3348;T10783
3349;T10354
3350;T12249
3351;T20623
3352;T14629
3353;T22556
3354;T12331
3355;T19560
3356;T04255
3357;T12820
3358;T05476
3359;T10522
3360;T13871
3361;T18203
3362;T18823
3363;T01201
3364;T27242
3365;T20474
3366;T19770
3367;T25197
3368;T18902
3369;T17227
3370;T16170
3371;T22168
3372;T20873
3373;T23915
3374;T15895
3375;T22328
3376;T11300
3377;T23920
3378;T22094
3379;T23837
3380;T55689
3381;T11367
3382;T13520
3383;T16314
3384;T21019
3385;T16661
3386;T19641
3387;T25717
3388;T65395
3389;T18192
3390;T01011
3391;T02192
3392;T16163
3393;T69291
3394;T02885
3395;T10289
3396;T01777
3397;T14382
3398;T05380
3399;T21509
3400;T11324
3401;T18566
3402;T12802
3403;T16491
3404;T20431
3405;T16010
3406;T13261
3407;T18550
3408;T19694
3409;T08538
3410;T04310
3411;T08106
3412;T17760
3413;T59995
3414;T60530
3415;T12841
3416;T15527
3417;T09995
3418;T12599
3419;T56059
3420;T01213
3421;T16596
3422;T01970
3423;T15223
3424;T18604
3425;T23917
3426;T15659
3427;T22353
3428;T01580
3429;T12290
3430;T18440
3431;T17295
3432;T03245
3433;T11729
3434;T33552
3435;T21706
3436;T22553
3437;T05123
3438;T21821
3439;T05014
3440;T05418
3441;T15110
3442;T68903
3443;T20344
3444;T00371
3445;T00597
3446;T01636
3447;T17647
3448;T16182
3449;T00676
3450;T18068
3451;T65761
3452;T33266
3453;T15656
3454;T10882
3455;T54103
3456;T17074
3457;T01245
3458;T13440
3459;T20560
3460;T23492
3461;T36235
3462;T12891
3463;T15513
3464;T14526
3465;T09256
3466;T26232
3467;T13830
3468;T43901
3469;T16707
3470;T36600
3471;T17117
3472;T20643
3473;T03992
3474;T10268
3475;T10233
3476;T14618
3477;T14181
3478;T23198
3479;T13698
3480;T44835
3481;T00286
3482;T13134
3483;T13950
3484;T18009
3485;T19207
3486;T02119
3487;T19212
3488;T15299
3489;T13381
3490;T01898
3491;T23291
3492;T00706
3493;T15342
3494;T05257
3495;T05135
3496;T16003
3497;T15902
3498;T12780
3499;T16701
3500;T12892
3501;T14024
3502;T12277
3503;T19108
3504;T07045
3505;T18402
3506;T13245
3507;T66832
3508;T01652
3509;T19885
3510;T14093
3511;T18779
3512;T33114
3513;T12385
3514;T31834
3515;T23407
3516;T16224
3517;T14068
3518;T29534
3519;T21853
3520;T15516
3521;T14261
3522;T62205
3523;T01949
3524;T16302
3525;T53066
3526;T10073
3527;T14247
3528;T18592
3529;T04633
3530;T22188
3531;T15348
3532;T16308
3533;T23596
3534;T11169
3535;T12088
3536;T60238
3537;T07175
3538;T27662
3539;T25762
3540;T12003
3541;T20983
3542;T19501
3543;T02844
3544;T57788
3545;T21497
3546;T17886
3547;T08987
3548;T22798
3549;T09796
3550;T15404
3551;T16086
3552;T12629
3553;T13030
3554;T22413
3555;T22301
3556;T17464
3557;T39220
3558;T00396
3559;T08706
3560;T18702
3561;T01035
3562;T16957
3563;T15194
3564;T19772
3565;T20638
3566;T65672
3567;T23731
3568;T64547
3569;T10821
3570;T20194
3571;T20020
3572;T00268
3573;T23692
3574;T10351
3575;T00531
3576;T00319
3577;T00662
3578;T03739
3579;T02113
3580;T05548
3581;T20065
3582;T12661
3583;T01999
3584;T18240
3585;T24361
3586;T50503
3587;T20255
3588;T13242
3589;T61489
3590;T23197
3591;T19996
3592;T02438
3593;T19070
3594;T13832
3595;T18589
3596;T16585
3597;T07622
3598;T14587
3599;T00655
3600;T19670
3601;T05608
3602;T16697
3603;T35496
3604;T00617
3605;T14789
3606;T01921
3607;T01295
3608;T01292
3609;T00234
3610;T15403
3611;T12860
3612;T11022
3613;T14954
3614;T21029
3615;T13869
3616;T44170
3617;T04058
3618;T12254
3619;T15294
3620;T17345
3621;T02080
3622;T17299
3623;T17177
3624;T13305
3625;T13844
3626;T11948
3627;T14590
3628;T20979
3629;T23321
3630;T14689
3631;T19543
3632;T12215
3633;T16928
3634;T23228
3635;T36473
3636;T18716
3637;T01037
3638;T19512
3639;T03905
3640;T16298
3641;T07345
3642;T69225
3643;T02082
3644;T02548
3645;T00850
3646;T16102
3647;T00619
3648;T15464
3649;T10739
3650;T17795
3651;T63006
3652;T12037
3653;T21323
3654;T12119
3655;T20034
3656;T01457
3657;T00186
3658;T10474
3659;T12044
3660;T17465
3661;T11388
3662;T16237
3663;T22925
3664;T12709
3665;T19655
3666;T23751
3667;T65896
3668;T01405
3669;T06371
3670;T14111
3671;T28220
3672;T12498
3673;T14134
3674;T16788
3675;T01247
3676;T09755
3677;T12032
3678;T11354
3679;T16177
3680;T11560
3681;T16842
3682;T15546
3683;T00182
3684;T16723
3685;T04820
3686;T15511
3687;T24656
3688;T11563
3689;T19796
3690;T11850
3691;T15751
3692;T04395
3693;T01398
3694;T01628
3695;T17184
3696;T19674
3697;T01776
3698;T36238
3699;T02483
3700;T18818
3701;T18457
3702;T21013
3703;T26365
3704;T56716
3705;T69418
3706;T15897
3707;T13662
3708;T13733
3709;T13738
3710;T12809
3711;T11425
3712;T09524
3713;T12867
3714;T22469
3715;T22408
3716;T24464
3717;T13907
3718;T13485
3719;T03736
3720;T17043
3721;T00738
3722;T00696
3723;T31605
3724;T14193
3725;T14080
3726;T08093
3727;T03417
3728;T01022
3729;T23373
3730;T11054
3731;T07764
3732;T09097
3733;T23455
3734;T17060
3735;T25407
3736;T17585
3737;T16625
3738;T00879
3739;T04477
3740;T22358
3741;T11544
3742;T12423
3743;T13938
3744;T16128
3745;T65831
3746;T25401
3747;T15061
3748;T01122
3749;T19627
3750;T05342
3751;T03255
3752;T19985
3753;T17378
3754;T15704
3755;T01737
3756;T23804
3757;T18528
3758;T52949
3759;T10362
3760;T13971
3761;T22438
3762;T22097
3763;T23694
3764;T14471
3765;T17174
3766;T17003
3767;T09153
3768;T18102
3769;T22477
3770;T13491
3771;T04139
3772;T01692
3773;T14114
3774;T21232
3775;T10241
3776;T10923
3777;T19778
3778;T14458
3779;T25134
3780;T13295
3781;T21769
3782;T25399
3783;T10628
3784;T17001
3785;T18830
3786;T08530
3787;T12196
3788;T61484
3789;T16288
3790;T01128
3791;T06409
3792;T12595
3793;T12439
3794;T00519
3795;T14790
3796;T06876
3797;T19066
3798;T17263
3799;T10243
3800;T24647
3801;T22056
3802;T12795
3803;T21217
3804;T19988
3805;T10746
3806;T18787
3807;T10155
3808;T09366
3809;T00600
3810;T16637
3811;T20761
3812;T00894
3813;T16662
3814;T19742
3815;T11962
3816;T13653
3817;T16309
3818;T10283
3819;T06312
3820;T15790
3821;T14527
3822;T18024
3823;T14682
3824;T18391
3825;T16439
3826;T21535
3827;T36792
3828;T24651
3829;T11755
3830;T15164
3831;T09668
3832;T09861
3833;T18073
3834;T13936
3835;T13926
3836;T11831
3837;T17218
3838;T18190
3839;T08776
3840;T23329
3841;T17271
3842;T12711
3843;T65166
3844;T02074
3845;T21389
3846;T16855
3847;T18859
3848;T16760
3849;T25829
3850;T36895
3851;T05194
3852;T12775
3853;T22118
3854;T21370
3855;T08376
3856;T22034
3857;T36996
3858;T13082
3859;T14939
3860;T03418
3861;T21797
3862;T16985
3863;T13369
3864;T14917
3865;T21338
3866;T22082
3867;T15705
3868;T00524
3869;T23702
3870;T19844
3871;T01419
3872;T12801
3873;T21612
3874;T18205
3875;T20925
3876;T21724
3877;T45148
3878;T16331
3879;T14719
3880;T22813
3881;T19148
3882;T19403
3883;T00161
3884;T17688
3885;T20064
3886;T18406
3887;T00039
3888;T00358
3889;T42402
3890;T15239
3891;T25759
3892;T11886
3893;T15846
3894;T45175
3895;T06991
3896;T01960
3897;T01366
3898;T06301
3899;T25733
3900;T10938
3901;T07786
3902;T15029
3903;T01731
3904;T00625
3905;T36985
3906;T03136
3907;T20954
3908;T17535
3909;T12513
3910;T00636
3911;T13438
3912;T07679
3913;T02771
3914;T18026
3915;T01496
3916;T05454
3917;T22695
3918;T01028
3919;T22337
3920;T08363
3921;T13712
3922;T19538
3923;T12858
3924;T12400
3925;T17252
3926;T11712
3927;T10291
3928;T06943
3929;T17648
3930;T06189
3931;T27183
3932;T03485
3933;T25710
3934;T24761
3935;T13931
3936;T24769
3937;T14633
3938;T11873
3939;T19240
3940;T66889
3941;T17392
3942;T08252
3943;T16747
3944;T07563
3945;T43793
3946;T17095
3947;T20888
3948;T00559
3949;T14317
3950;T20433
3951;T14312
3952;T06244
3953;T18908
3954;T02090
3955;T02085
3956;T15595
3957;T10608
3958;T10976
3959;T11025
3960;T00873
3961;T00233
3962;T12964
3963;T07804
3964;T11248
3965;T12275
3966;T35631
3967;T14984
3968;T14015
3969;T12167
3970;T18337
3971;T27326
3972;T14938
3973;T12771
3974;T11731
3975;T13834
3976;T12266
3977;T14955
3978;T15311
3979;T23506
3980;T16587
3981;T25005
3982;T16385
3983;T13488
3984;T23646
3985;T23735
3986;T23265
3987;T02198
3988;T21819
3989;T21899
3990;T15880
3991;T07845
3992;T13710
3993;T03290
3994;T04339
3995;T36831
3996;T01416
3997;T20291
3998;T08156
3999;T19421
4000;T27234
4001;T19380
4002;T43728
4003;T16695
4004;T12089
4005;T00314
4006;T00768
4007;T22417
4008;T14886
4009;T01759
4010;T16966
4011;T02112
4012;T15923
4013;T16917
4014;T14161
4015;T21921
4016;T33502
4017;T22092
4018;T18042
4019;T15041
4020;T18313
4021;T03445
4022;T11328
4023;T17869
4024;T22949
4025;T18461
4026;T23512
4027;T15127
4028;T11576
4029;T68909
4030;T20774
4031;T17519
4032;T26208
4033;T17695
4034;T05049
4035;T22499
4036;T17384
4037;T50621
4038;T20121
4039;T20906
4040;T23812
4041;T14720
4042;T23886
4043;T22954
4044;T27291
4045;T21266
4046;T10842
4047;T21776
4048;T14374
4049;T24754
4050;T20527
4051;T13647
4052;T20461
4053;T16971
4054;T19234
4055;T66080
4056;T20324
4057;T13459
4058;T11107
4059;T16620
4060;T23022
4061;T14018
4062;T17608
4063;T20506
4064;T00903
4065;T23959
4066;T20837
4067;T02896
4068;T20385
4069;T20052
4070;T25236
4071;T22986
4072;T20569
4073;T19128
4074;T24569
4075;T20701
4076;T16554
4077;T18665
4078;T12086
4079;T16615
4080;T16732
4081;T25505
4082;T21580
4083;T43743
4084;T69289
4085;T21437
4086;T16700
4087;T23402
4088;T18638
4089;T16668
4090;T60002
4091;T23110
4092;T25551
4093;T14141
4094;T18850
4095;T20957
4096;T20573
4097;T18745
4098;T09248
4099;T13519
4100;T12877
4101;T18169
4102;T17924
4103;T23676
4104;T04688
4105;T17070
4106;T22139
4107;T23298
4108;T23349
4109;T17719
4110;T17348
4111;T19392
4112;T15709
4113;T10255
4114;T15852
4115;T61082
4116;T21244
4117;T23218
4118;T66994
4119;T20355
4120;T13480
4121;T17829
4122;T21971
4123;T25218
4124;T11504
4125;T18948
4126;T17226
4127;T21475
4128;T04856
4129;T15650
4130;T13833
4131;T22244
4132;T14230
4133;T22942
4134;T22290
4135;T20258
4136;T16229
4137;T61329
4138;T44813
4139;T22938
4140;T24659
4141;T16390
4142;T07515
4143;T07069
4144;T14771
4145;T25686
4146;T20533
4147;T15753
4148;T19972
4149;T18344
4150;T03517
4151;T21456
4152;T17099
4153;T53088
4154;T20778
4155;T04753
4156;T17307
4157;T18464
4158;T29067
4159;T19964
4160;T01019
4161;T20829
4162;T36577
4163;T05991
4164;T12889
4165;T31854
4166;T10681
4167;T04898
4168;T04888
4169;T18743
4170;T20057
4171;T18971
4172;T25046
4173;T21684
4174;T18568
4175;T31553
4176;T31329
4177;T18287
4178;T17446
4179;T03430
4180;T52999
4181;T21331
4182;T23884
4183;T18696
4184;T21867
4185;T20232
4186;T22061
4187;T23452
4188;T43721
4189;T07803
4190;T13167
4191;T17305
4192;T23125
4193;T17501
4194;T24877
4195;T21223
4196;T22412
4197;T22465
4198;T24865
4199;T22960
4200;T69410
4201;T13352
4202;T15007
4203;T08369
4204;T08645
4205;T25602
4206;T25607
4207;T19049
4208;T01102
4209;T16528
4210;T21068
4211;T08739
4212;T12142
4213;T13139
4214;T14956
4215;T08826
4216;T25617
4217;T02516
4218;T24159
4219;T16827
4220;T12211
4221;T06418
4222;T02044
4223;T17381
4224;T23996
4225;T22157
4226;T15679
4227;T11750
4228;T18274
4229;T16609
4230;T17239
4231;T17009
4232;T66023
4233;T17204
4234;T10317
4235;T13133
4236;T24136
4237;T11716
4238;T17139
4239;T19247
4240;T25089
4241;T16577
4242;T21620
4243;T11420
4244;T22262
4245;T21897
4246;T16201
4247;T22898
4248;T18108
4249;T00556
4250;T56254
4251;T21929
4252;T18446
4253;T11972
4254;T32818
4255;T04583
4256;T11040
4257;T15776
4258;T25073
4259;T12705
4260;T23897
4261;T23047
4262;T21504
4263;T24612
4264;T16686
4265;T05925
4266;T02851
4267;T07332
4268;T25692
4269;T09039
4270;T24704
4271;T25427
4272;T00094
4273;T02224
4274;T23736
4275;T23331
4276;T24592
4277;T21378
4278;T23882
4279;T65923
4280;T23664
4281;T33548
4282;T66213
4283;T20881
4284;T19540
4285;T23875
4286;T56411
4287;T36229
4288;T66868
4289;T66345
4290;T08344
4291;T21373
4292;T33394
4293;T33391
4294;T69271
4295;T43742
4296;T24230
4297;T22302
4298;T23856
4299;T20129
4300;T21199
4301;T14308
4302;T14493
4303;T21659
4304;T19780
4305;T17200
4306;T19896
4307;T08731
4308;T10069
4309;T18795
4310;T11472
4311;T06235
4312;T13516
4313;T36589
4314;T16967
4315;T36753
4316;T18051
4317;T23748
4318;T21216
4319;T29339
4320;T12581
4321;T17189
4322;T16876
4323;T22373
4324;T53710
4325;T19509
4326;T10535
4327;T17979
4328;T20099
4329;T21132
4330;T10601
4331;T15623
4332;T13788
4333;T11683
4334;T12261
4335;T33526
4336;T00100
4337;T04127
4338;T14455
4339;T23577
4340;T00611
4341;T15803
4342;T67149
4343;T18651
4344;T22705
4345;T15242
4346;T22268
4347;T16996
4348;T20127
4349;T13088
4350;T25233
4351;T22432
4352;T20040
4353;T18253
4354;T23879
4355;T13415
4356;T65817
4357;T12747
4358;T01625
4359;T21935
4360;T11751
4361;T17014
4362;T25387
4363;T12335
4364;T17175
4365;T21470
4366;T52780
4367;T14554
4368;T05503
4369;T09704
4370;T11156
4371;T12474
4372;T04256
4373;T00264
4374;T00252
4375;T03700
4376;T14626
4377;T11622
4378;T06104
4379;T16426
4380;T18463
4381;T15010
4382;T22270
4383;T53162
4384;T27225
4385;T18477
4386;T21474
4387;T15932
4388;T15412
4389;T12328
4390;T45121
4391;T24354
4392;T12731
4393;T16868
4394;T31393
4395;T16924
4396;T01671
4397;T23883
4398;T23239
4399;T07921
4400;T21411
4401;T01160
4402;T08853
4403;T65265
4404;T20069
4405;T12744
4406;T18013
4407;T19233
4408;T18088
4409;T12783
4410;T02888
4411;T00499
4412;T24034
4413;T17733
4414;T10370
4415;T19026
4416;T11818
4417;T14692
4418;T10414
4419;T03029
4420;T10823
4421;T16931
4422;T13846
4423;T59221
4424;T20285
4425;T20233
4426;T20234
4427;T20231
4428;T14836
4429;T19314
4430;T03560
4431;T02855
4432;T05272
4433;T11862
4434;T03140
4435;T00276
4436;T29543
4437;T18144
4438;T20274
4439;T07280
4440;T45274
4441;T09687
4442;T20955
4443;T24874
4444;T20531
4445;T22572
4446;T11227
4447;T10686
4448;T00295
4449;T23473
4450;T16231
4451;T03065
4452;T25535
4453;T34954
4454;T22693
4455;T18187
4456;T17361
4457;T01281
4458;T18563
4459;T11339
4460;T01409
4461;T60053
4462;T20852
4463;T02907
4464;T15919
4465;T11103
4466;T01976
4467;T00188
4468;T17294
4469;T21903
4470;T15472
4471;T15488
4472;T23710
4473;T52914
4474;T21458
4475;T19084
4476;T19699
4477;T05656
4478;T18238
4479;T19018
4480;T00116
4481;T17973
4482;T16758
4483;T18683
4484;T61338
4485;T02222
4486;T13635
4487;T36966
4488;T19411
4489;T30043
4490;T21595
4491;T21913
4492;T16960
4493;T00628
4494;T07490
4495;T00162
4496;T13623
4497;T02062
4498;T21568
4499;T17103
4500;T21569
4501;T65666
4502;T33178
4503;T20612
4504;T36780
4505;T18869
4506;T66766
4507;T15609
4508;T10551
4509;T19005
4510;T21270
4511;T11877
4512;T19257
4513;T19138
4514;T22968
4515;T18117
4516;T00307
4517;T01010
4518;T19270
4519;T15717
4520;T19236
4521;T13584
4522;T15365
4523;T17149
4524;T22772
4525;T00206
4526;T10713
4527;T14291
4528;T15422
4529;T15121
4530;T15849
4531;T20926
4532;T23551
4533;T11726
4534;T20451
4535;T69238
4536;T69385
4537;T20149
4538;T00367
4539;T12415
4540;T11428
4541;T16060
4542;T12256
4543;T14883
4544;T00389
4545;T15290
4546;T18538
4547;T11031
4548;T15658
4549;T19561
4550;T20448
4551;T18699
4552;T00002
4553;T01200
4554;T21095
4555;T10248
4556;T10563
4557;T00743
4558;T16685
4559;T33322
4560;T20596
4561;T40377
4562;T21297
4563;T22308
4564;T00708
4565;T21081
4566;T20574
4567;T16107
4568;T10952
4569;T16322
4570;T17549
4571;T09547
4572;T16644
4573;T22033
4574;T19264
4575;T16483
4576;T23988
4577;T19231
4578;T21107
4579;T21105
4580;T22098
4581;T14926
4582;T16779
4583;T01161
4584;T15917
4585;T18436
4586;T03002
4587;T17355
4588;T04736
4589;T17845
4590;T21801
4591;T10327
4592;T18863
4593;T21195
4594;T25409
4595;T52946
4596;T17815
4597;T21529
4598;T24063
4599;T09457
4600;T13841
4601;T16599
4602;T00409
4603;T56881
4604;T15417
4605;T23800
4606;T15699
4607;T17729
4608;T15349
4609;T33450
4610;T25779
4611;T12843
4612;T15123
4613;T00277
4614;T02695
4615;T18259
4616;T11626
4617;T10156
4618;T16448
4619;T05415
4620;T19545
4621;T23260
4622;T04326
4623;T22818
4624;T00798
4625;T24999
4626;T18912
4627;T23523
4628;T01441
4629;T14180
4630;T20766
4631;T18470
4632;T18473
4633;T22374
4634;T19781
4635;T19093
4636;T13538
4637;T17419
4638;T23185
4639;T21468
4640;T00354
4641;T05044
4642;T37225
4643;T19418
4644;T19227
4645;T25244
4646;T18367
4647;T13654
4648;T22065
4649;T20142
4650;T07129
4651;T25366
4652;T17399
4653;T05251
4654;T01615
4655;T08278
4656;T11233
4657;T21292
4658;T56854
4659;T12436
4660;T17956
4661;T08064
4662;T24455
4663;T05834
4664;T22784
4665;T17887
4666;T21065
4667;T00838
4668;T11927
4669;T22766
4670;T18539
4671;T19445
4672;T21607
4673;T18547
4674;T21704
4675;T15809
4676;T18832
4677;T52671
4678;T01561
4679;T00767
4680;T00258
4681;T19965
4682;T07663
4683;T22312
4684;T16269
4685;T20668
4686;T15783
4687;T25279
4688;T66398
4689;T16507
4690;T24535
4691;T20024
4692;T03247
4693;T18209
4694;T25064
4695;T14638
4696;T52546
4697;T21886
4698;T20308
4699;T12991
4700;T03258
4701;T17994
4702;T01920
4703;T19836
4704;T21200
4705;T23607
4706;T25119
4707;T13264
4708;T17948
4709;T00036
4710;T19210
4711;T01428
4712;T06807
4713;T16696
4714;T01030
4715;T21364
4716;T01822
4717;T12201
4718;T00799
4719;T03413
4720;T01381
4721;T11553
4722;T22607
4723;T23098
4724;T01629
4725;T16584
4726;T66990
4727;T27536
4728;T19290
4729;T06785
4730;T09374
4731;T16042
4732;T12378
4733;T23978
4734;T16317
4735;T19938
4736;T15563
4737;T11447
4738;T19010
4739;T16659
4740;T12526
4741;T24722
4742;T23579
4743;T26155
4744;T31392
4745;T20137
4746;T18158
4747;T21809
4748;T37032
4749;T23600
4750;T18084
4751;T16024
4752;T18934
4753;T19366
4754;T18028
4755;T03392
4756;T23399
4757;T20190
4758;T23994
4759;T06481
4760;T11699
4761;T24039
4762;T21534
4763;T11991
4764;T05850
4765;T22616
4766;T25364
4767;T14601
4768;T05755
4769;T20740
4770;T21839
4771;T41590
4772;T17671
4773;T14079
4774;T16423
4775;T19191
4776;T14664
4777;T13091
4778;T06848
4779;T26300
4780;T21348
4781;T09277
4782;T23337
4783;T01126
4784;T29615
4785;T43963
4786;T18762
4787;T03079
4788;T21885
4789;T23644
4790;T18502
4791;T00099
4792;T03964
4793;T21995
4794;T17179
4795;T16109
4796;T20836
4797;T12318
4798;T01212
4799;T20900
4800;T20831
4801;T20646
4802;T01387
4803;T03975
4804;T13268
4805;T18236
4806;T18567
4807;T18001
4808;T16445
4809;T00644
4810;T22142
4811;T21711
4812;T16657
4813;T24002
4814;T24657
4815;T12894
4816;T21584
4817;T12075
4818;T13083
4819;T22397
4820;T23505
4821;T15862
4822;T24504
4823;T00273
4824;T05971
4825;T18376
4826;T14245
4827;T15484
4828;T16134
4829;T16369
4830;T11343
4831;T00166
4832;T67700
4833;T13887
4834;T00302
4835;T69407
4836;T17031
4837;T13315
4838;T26196
4839;T16689
4840;T17089
4841;T21396
4842;T16339
4843;T19668
4844;T22255
4845;T19159
4846;T11531
4847;T16608
4848;T00463
4849;T23466
4850;T03421
4851;T25490
4852;T07842
4853;T42696
4854;T12099
4855;T01164
4856;T19059
4857;T19679
4858;T00781
4859;T19002
4860;T10179
4861;T16030
4862;T23293
4863;T00346
4864;T05570
4865;T20903
4866;T00663
4867;T30719
4868;T02081
4869;T14197
4870;T23536
4871;T20605
4872;T07429
4873;T22199
4874;T01582
4875;T15663
4876;T21405
4877;T04418
4878;T20134
4879;T14767
4880;T14410
4881;T22440
4882;T20514
4883;T19285
4884;T21111
4885;T65443
4886;T00120
4887;T22451
4888;T19667
4889;T18639
4890;T53763
4891;T20747
4892;T61417
4893;T14185
4894;T21072
4895;T25378
4896;T32563
4897;T25573
4898;T20177
4899;T18849
4900;T18139
4901;T00563
4902;T15952
4903;T18612
4904;T13336
4905;T09949
4906;T29418
4907;T69362
4908;T21339
4909;T18433
4910;T23514
4911;T00695
4912;T45628
4913;T12051
4914;T06057
4915;T54198
4916;T10470
4917;T18876
4918;T01504
4919;T08752
4920;T00717
4921;T00971
4922;T07620
4923;T00780
4924;T00184
4925;T60000
4926;T21108
4927;T14265
4928;T19952
4929;T53057
4930;T16033
4931;T18152
4932;T25072
4933;T42538
4934;T21094
4935;T25542
4936;T10188
4937;T17866
4938;T15323
4939;T24294
4940;T17276
4941;T28213
4942;T23062
4943;T22537
4944;T17921
4945;T22169
4946;T16235
4947;T19930
4948;T65453
4949;T18260
4950;T67023
4951;T26918
4952;T18524
4953;T20425
4954;T02415
4955;T19409
4956;T04845
4957;T05482
4958;T23966
4959;T22588
4960;T18735
4961;T22983
4962;T00479
4963;T13620
4964;T24990
4965;T12455
4966;T57242
4967;T15136
4968;T18460
4969;T14494
4970;T23309
4971;T43794
4972;T21603
4973;T21539
4974;T12510
4975;T16571
4976;T07337
4977;T08125
4978;T10751
4979;T11802
4980;T28955
4981;T15652
4982;T61204
4983;T15350
4984;T64943
4985;T23835
4986;T65693
4987;T05624
4988;T10486
4989;T17147
4990;T13714
4991;T27621
4992;T20400
4993;T20856
4994;T15187
4995;T16898
4996;T15506
4997;T23061
4998;T39189
4999;T26282
5000;T21878
5001;T17292
5002;T16462
5003;T24505
5004;T17313
5005;T05993
5006;T07248
5007;T01673
5008;T12046
5009;T11402
5010;T15300
5011;T11672
5012;T13216
5013;T14306
5014;T18690
5015;T12206
5016;T01992
5017;T15416
5018;T28757
5019;T13402
5020;T25619
5021;T20062
5022;T11537
5023;T04608
5024;T14016
5025;T00068
5026;T23426
5027;T16403
5028;T24003
5029;T20931
5030;T00836
5031;T02110
5032;T01540
5033;T21611
5034;T26191
5035;T20494
5036;T23557
5037;T03479
5038;T22370
5039;T43707
5040;T13740
5041;T25689
5042;T56212
5043;T36475
5044;T43959
5045;T12784
5046;T07090
5047;T21355
5048;T14095
5049;T03114
5050;T25342
5051;T01370
5052;T02883
5053;T10581
5054;T08531
5055;T21649
5056;T69251
5057;T17649
5058;T22671
5059;T22851
5060;T04423
5061;T69193
5062;T25379
5063;T03008
5064;T11746
5065;T18196
5066;T00165
5067;T17264
5068;T19144
5069;T21958
5070;T04976
5071;T14897
5072;T10265
5073;T21827
5074;T18874
5075;T10524
5076;T00267
5077;T27310
5078;T45193
5079;T01312
5080;T14284
5081;T12924
5082;T18094
5083;T13758
5084;T19153
5085;T16958
5086;T13327
5087;T08682
5088;T00471
5089;T01043
5090;T15276
5091;T21944
5092;T19088
5093;T10568
5094;T08163
5095;T33415
5096;T08652
5097;T12107
5098;T16307
5099;T12040
5100;T65019
5101;T20086
5102;T13835
5103;T12935
5104;T12446
5105;T00083
5106;T11499
5107;T15151
5108;T17050
5109;T19515
5110;T23908
5111;T07502
5112;T16266
5113;T15345
5114;T18121
5115;T21151
5116;T69256
5117;T16053
5118;T25022
5119;T27324
5120;T28969
5121;T08785
5122;T11293
5123;T13142
5124;T12090
5125;T04871
5126;T53085
5127;T12981
5128;T65653
5129;T11321
5130;T17959
5131;T21050
5132;T14251
5133;T60247
5134;T21119
5135;T12320
5136;T12258
5137;T14832
5138;T11868
5139;T18946
5140;T03063
5141;T02079
5142;T24265
5143;T11144
5144;T12605
5145;T20680
5146;T05673
5147;T00019
5148;T54845
5149;T19185
5150;T00016
5151;T04851
5152;T17155
5153;T18214
5154;T36955
5155;T69074
5156;T65322
5157;T17801
5158;T66845
5159;T05930
5160;T19172
5161;T07613
5162;T29636
5163;T18046
5164;T27355
5165;T23682
5166;T22386
5167;T52617
5168;T20876
5169;T00592
5170;T13915
5171;T05620
5172;T15324
5173;T15118
5174;T01945
5175;T01191
5176;T52564
5177;T28772
5178;T19106
5179;T12968
5180;T19642
5181;T69265
5182;T20206
5183;T23272
5184;T23159
5185;T21637
5186;T19152
5187;T23954
5188;T11518
5189;T14031
5190;T57428
5191;T17582
5192;T24012
5193;T06073
5194;T08191
5195;T12882
5196;T16682
5197;T08299
5198;T21720
5199;T00192
5200;T23746
5201;T26144
5202;T17011
5203;T15591
5204;T11394
5205;T10376
5206;T14838
5207;T20536
5208;T08230
5209;T19672
5210;T19871
5211;T02572
5212;T23707
5213;T55543
5214;T69390
5215;T44242
5216;T17187
5217;T02561
5218;T25406
5219;T15682
5220;T10405
5221;T12485
5222;T10508
5223;T14598
5224;T03615
5225;T03453
5226;T12451
5227;T17181
5228;T16600
5229;T19441
5230;T17288
5231;T23548
5232;T03987
5233;T23177
5234;T22258
5235;T02039
5236;T19079
5237;T25501
5238;T21643
5239;T16796
5240;T21293
5241;T04550
5242;T03482
5243;T17694
5244;T20205
5245;T20519
5246;T45012
5247;T17601
5248;T15906
5249;T01315
5250;T36219
5251;T60854
5252;T18761
5253;T18142
5254;T26163
5255;T16095
5256;T66926
5257;T22656
5258;T05422
5259;T52673
5260;T26399
5261;T16026
5262;T60987
5263;T19766
5264;T10945
5265;T20501
5266;T04905
5267;T12673
5268;T05489
5269;T14710
5270;T07876
5271;T20996
5272;T16757
5273;T16168
5274;T23245
5275;T09367
5276;T20949
5277;T16729
5278;T17738
5279;T04532
5280;T08516
5281;T20051
5282;T16795
5283;T11935
5284;T17388
5285;T20043
5286;T15543
5287;T33557
5288;T44780
5289;T12753
5290;T00300
5291;T20658
5292;T14823
5293;T15112
5294;T22591
5295;T23409
5296;T01238
5297;T01134
5298;T19456
5299;T16098
5300;T12330
5301;T16440
5302;T26166
5303;T20390
5304;T04657
5305;T21278
5306;T17943
5307;T24373
5308;T20189
5309;T11523
5310;T52950
5311;T10817
5312;T23958
5313;T00488
5314;T24127
5315;T52882
5316;T20973
5317;T53838
5318;T24584
5319;T12831
5320;T66223
5321;T19462
5322;T16720
5323;T20879
5324;T10589
5325;T18442
5326;T20399
5327;T22732
5328;T53992
5329;T23732
5330;T17877
5331;T10902
5332;T66534
5333;T17193
5334;T18242
5335;T02117
5336;T20916
5337;T01203
5338;T17964
5339;T02207
5340;T15637
5341;T16867
5342;T19213
5343;T19980
5344;T18434
5345;T19413
5346;T06726
5347;T20849
5348;T10082
5349;T17053
5350;T17813
5351;T16672
5352;T12033
5353;T21910
5354;T19056
5355;T09994
5356;T12645
5357;T19302
5358;T25452
5359;T15968
5360;T16652
5361;T05193
5362;T55495
5363;T54106
5364;T65445
5365;T17167
5366;T17748
5367;T23324
5368;T16799
5369;T23558
5370;T15967
5371;T26726
5372;T46431
5373;T22540
5374;T33664
5375;T17673
5376;T12824
5377;T11959
5378;T16210
5379;T03047
5380;T14738
5381;T69350
5382;T01334
5383;T43701
5384;T00058
5385;T21536
5386;T12670
5387;T21410
5388;T02590
5389;T13760
5390;T11370
5391;T14735
5392;T21251
5393;T18629
5394;T08886
5395;T16653
5396;T13929
5397;T04390
5398;T52884
5399;T36796
5400;T29585
5401;T19961
5402;T07581
5403;T53224
5404;T14927
5405;T68016
5406;T08665
5407;T15047
5408;T00143
5409;T23168
5410;T18074
5411;T13744
5412;T22391
5413;T10318
5414;T04790
5415;T11349
5416;T01253
5417;T28499
5418;T18556
5419;T00704
5420;T23124
5421;T17915
5422;T66487
5423;T13294
5424;T18642
5425;T18836
5426;T36251
5427;T09945
5428;T01782
5429;T21272
5430;T08614
5431;T15364
5432;T02160
5433;T18141
5434;T17386
5435;T22104
5436;T69261
5437;T23565
5438;T08379
5439;T16207
5440;T22491
5441;T54158
5442;T10737
5443;T21237
5444;T24960
5445;T31411
5446;T16614
5447;T16986
5448;T16984
5449;T08496
5450;T16211
5451;T21172
5452;T04900
5453;T09371
5454;T21994
5455;T15225
5456;T06216
5457;T65625
5458;T22582
5459;T04669
5460;T17509
5461;T24572
5462;T21227
5463;T15386
5464;T21493
5465;T36821
5466;T22889
5467;T22558
5468;T16978
5469;T05120
5470;T25532
5471;T20186
5472;T01266
5473;T06793
5474;T21733
5475;T21855
5476;T23247
5477;T17470
5478;T00980
5479;T14023
5480;T12252
5481;T10274
5482;T26137
5483;T24380
5484;T22103
5485;T20782
5486;T16565
5487;T65543
5488;T61626
5489;T21800
5490;T16935
5491;T16642
5492;T18565
5493;T08069
5494;T22943
5495;T06006
5496;T15353
5497;T19036
5498;T65756
5499;T22007
5500;T33957
5501;T22658
5502;T00975
5503;T19021
5504;T53506
5505;T12292
5506;T10489
5507;T12969
5508;T19760
5509;T19653
5510;T12874
5511;T54846
5512;T21488
5513;T14043
5514;T20210
5515;T14274
5516;T14631
5517;T22495
5518;T17078
5519;T19420
5520;T26175
5521;T10503
5522;T11151
5523;T01553
5524;T18397
5525;T25595
5526;T16442
5527;T05780
5528;T12903
5529;T11182
5530;T22208
5531;T22941
5532;T17708
5533;T24483
5534;T23031
5535;T03786
5536;T20868
5537;T21740
5538;T14195
5539;T17642
5540;T01192
5541;T02146
5542;T00400
5543;T00840
5544;T21465
5545;T16417
5546;T04416
5547;T18086
5548;T45693
5549;T02200
5550;T07627
5551;T00043
5552;T29654
5553;T10814
5554;T15956
5555;T11882
5556;T15640
5557;T25788
5558;T00480
5559;T19048
5560;T16805
5561;T44901
5562;T16116
5563;T20257
5564;T11436
5565;T20709
5566;T16383
5567;T02191
5568;T15313
5569;T19228
5570;T20222
5571;T08329
5572;T62679
5573;T15881
5574;T00772
5575;T21457
5576;T10781
5577;T22754
5578;T14920
5579;T08654
5580;T08641
5581;T31857
5582;T20724
5583;T18771
5584;T23389
5585;T12864
5586;T14742
5587;T17823
5588;T00761
5589;T52845
5590;T13432
5591;T19123
5592;T19639
5593;T16702
5594;T06273
5595;T25148
5596;T21097
5597;T11148
5598;T00122
5599;T11738
5600;T08270
5601;T22201
5602;T16677
5603;T21429
5604;T23508
5605;T20423
5606;T19331
5607;T56859
5608;T21469
5609;T16789
5610;T13433
5611;T22512
5612;T18356
5613;T17928
5614;T18131
5615;T17817
5616;T19886
5617;T06539
5618;T00223
5619;T16411
5620;T01598
5621;T01647
5622;T13772
5623;T15492
5624;T12606
5625;T06678
5626;T12041
5627;T00759
5628;T00758
5629;T23096
5630;T01736
5631;T23562
5632;T20476
5633;T00823
5634;T20935
5635;T24693
5636;T45164
5637;T19054
5638;T19594
5639;T00517
5640;T14754
5641;T17160
5642;T19232
5643;T00259
5644;T11561
5645;T01904
5646;T23674
5647;T10682
5648;T19019
5649;T07023
5650;T09753
5651;T21679
5652;T16436
5653;T22141
5654;T17978
5655;T17991
5656;T08041
5657;T52658
5658;T10340
5659;T12316
5660;T15739
5661;T22087
5662;T19614
5663;T13293
5664;T20323
5665;T24137
5666;T12687
5667;T01382
5668;T10895
5669;T16159
5670;T13093
5671;T16195
5672;T19436
5673;T01442
5674;T16509
5675;T12341
5676;T18969
5677;T24680
5678;T13840
5679;T22525
5680;T59924
5681;T00831
5682;T00391
5683;T15672
5684;T52670
5685;T10312
5686;T69237
5687;T23464
5688;T52654
5689;T01362
5690;T17625
5691;T16979
5692;T15871
5693;T18613
5694;T15807
5695;T13687
5696;T11724
5697;T11779
5698;T27345
5699;T22433
5700;T24578
5701;T09676
5702;T16160
5703;T01516
5704;T00193
5705;T05214
5706;T61975
5707;T10789
5708;T19637
5709;T14003
5710;T21722
5711;T03604
5712;T17617
5713;T18632
5714;T22844
5715;T00229
5716;T04476
5717;T18681
5718;T67140
5719;T06210
5720;T19399
5721;T03812
5722;T15800
5723;T09196
5724;T37219
5725;T25813
5726;T23101
5727;T14239
5728;T17306
5729;T20007
5730;T00820
5731;T56884
5732;T24714
5733;T03333
5734;T16841
5735;T01839
5736;T61211
5737;T15722
5738;T00506
5739;T14474
5740;T18422
5741;T21015
5742;T00119
5743;T00993
5744;T19969
5745;T17941
5746;T41586
5747;T16468
5748;T20565
5749;T00074
5750;T10877
5751;T05219
5752;T21255
5753;T19347
5754;T57430
5755;T16520
5756;T01306
5757;T23323
5758;T17156
5759;T01599
5760;T12042
5761;T01144
5762;T21122
5763;T01279
5764;T21225
5765;T08578
5766;T02186
5767;T18478
5768;T11467
5769;T00518
5770;T25782
5771;T22800
5772;T13378
5773;T14725
5774;T10806
5775;T40743
5776;T21296
5777;T15355
5778;T15734
5779;T00205
5780;T16488
5781;T15000
5782;T15541
5783;T55519
5784;T22711
5785;T00132
5786;T14385
5787;T10290
5788;T15671
5789;T17365
5790;T01239
5791;T25491
5792;T00474
5793;T23102
5794;T16807
5795;T20473
5796;T18577
5797;T36787
5798;T04966
5799;T18988
5800;T00220
5801;T01870
5802;T18561
5803;T19891
5804;T14127
5805;T00272
5806;T14691
5807;T02645
5808;T18077
5809;T11757
5810;T22324
5811;T16915
5812;T19828
5813;T23049
5814;T01829
5815;T69375
5816;T23585
5817;T11201
5818;T01930
5819;T04830
5820;T22513
5821;T12505
5822;T13597
5823;T23408
5824;T24816
5825;T43687
5826;T00837
5827;T15296
5828;T06596
5829;T06597
5830;T03863
5831;T13270
5832;T14060
5833;T51606
5834;T00364
5835;T13742
5836;T16362
5837;T01767
5838;T00393
5839;T04253
5840;T04946
5841;T16906
5842;T13940
5843;T12053
5844;T18808
5845;T00336
5846;T13155
5847;T01549
5848;T18007
5849;T11331
5850;T10519
5851;T19406
5852;T07215
5853;T01541
5854;T21814
5855;T19798
5856;T21737
5857;T56972
5858;T18519
5859;T12183
5860;T18520
5861;T14565
5862;T09229
5863;T13123
5864;T66769
5865;T11479
5866;T00730
5867;T17482
5868;T19567
5869;T13536
5870;T09898
5871;T20826
5872;T02723
5873;T15045
5874;T14840
5875;T19492
5876;T14338
5877;T00895
5878;T00053
5879;T00579
5880;T18098
5881;T29616
5882;T41602
5883;T17206
5884;T13632
5885;T13170
5886;T07750
5887;T23662
5888;T21003
5889;T05057
5890;T28923
5891;T21858
5892;T00889
5893;T10385
5894;T24558
5895;T13910
5896;T01169
5897;T13206
5898;T11725
5899;T15132
5900;T21399
5901;T06743
5902;T18059
5903;T00852
5904;T16595
5905;T17529
5906;T04320
5907;T23588
5908;T13023
5909;T11538
5910;T15040
5911;T12460
5912;T04602
5913;T18617
5914;T12842
5915;T09906
5916;T07554
5917;T20960
5918;T19429
5919;T07805
5920;T18175
5921;T11981
5922;T11094
5923;T11092
5924;T15046
5925;T01577
5926;T24124
5927;T36712
5928;T21306
5929;T00035
5930;T17693
5931;T20469
5932;T00724
5933;T02083
5934;T17597
5935;T20290
5936;T24072
5937;T65863
5938;T19887
5939;T21149
5940;T00942
5941;T16474
5942;T19353
5943;T10033
5944;T04126
5945;T13777
5946;T06815
5947;T07769
5948;T17876
5949;T02920
5950;T10731
5951;T19424
5952;T21078
5953;T25111
5954;T21965
5955;T14576
5956;T09815
5957;T08086
5958;T22291
5959;T08941
5960;T10605
5961;T18610
5962;T17201
5963;T08104
5964;T21091
5965;T00472
5966;T18386
5967;T01038
5968;T27434
5969;T04187
5970;T17172
5971;T17084
5972;T16305
5973;T23447
5974;T33521
5975;T10955
5976;T25696
5977;T26007
5978;T16944
5979;T21540
5980;T21627
5981;T01699
5982;T06361
5983;T02150
5984;T02460
5985;T32846
5986;T11340
5987;T01456
5988;T17739
5989;T16286
5990;T00251
5991;T22304
5992;T10347
5993;T19835
5994;T03579
5995;T17170
5996;T08370
5997;T14002
5998;T26116
5999;T08802
6000;T61510
6001;T01637
6002;T22466
6003;T20798
6004;T08021
6005;T15692
6006;T14572
6007;T10300
6008;T23270
6009;T24000
6010;T23841
6011;T07327
6012;T01695
6013;T23461
6014;T17145
6015;T14425
6016;T13037
6017;T12806
6018;T02229
6019;T03656
6020;T10861
6021;T21600
6022;T17036
6023;T12788
6024;T08081
6025;T65913
6026;T17422
6027;T01663
6028;T20487
6029;T69366
6030;T22769
6031;T21703
6032;T21775
6033;T22824
6034;T14919
6035;T10684
6036;T26115
6037;T25688
6038;T13856
6039;T15832
6040;T18537
6041;T20589
6042;T14057
6043;T02008
6044;T08951
6045;T23233
6046;T14895
6047;T16366
6048;T56971
6049;T00788
6050;T26165
6051;T19582
6052;T10851
6053;T16484
6054;T37086
6055;T27868
6056;T15530
6057;T16052
6058;T53044
6059;T18483
6060;T01327
6061;T01807
6062;T61625
6063;T07534
6064;T10415
6065;T17730
6066;T16765
6067;T12016
6068;T56258
6069;T09026
6070;T17873
6071;T14133
6072;T06439
6073;T17064
6074;T19643
6075;T15980
6076;T15748
6077;T20163
6078;T61610
6079;T11101
6080;T03937
6081;T56450
6082;T24358
6083;T23529
6084;T06812
6085;T25086
6086;T20386
6087;T17895
6088;T57427
6089;T24611
6090;T09910
6091;T09352
6092;T06658
6093;T00093
6094;T61340
6095;T15011
6096;T17613
6097;T20449
6098;T10727
6099;T52784
6100;T10501
6101;T09651
6102;T19096
6103;T24073
6104;T18336
6105;T13978
6106;T14669
6107;T03353
6108;T18157
6109;T01418
6110;T13789
6111;T14707
6112;T15542
6113;T14518
6114;T18049
6115;T02205
6116;T60529
6117;T00511
6118;T16389
6119;T26414
6120;T17062
6121;T07525
6122;T25250
6123;T13007
6124;T25655
6125;T12263
6126;T12740
6127;T25783
6128;T12293
6129;T10280
6130;T03742
6131;T01154
6132;T11536
6133;T21328
6134;T19539
6135;T14215
6136;T24836
6137;T36812
6138;T15083
6139;T22444
6140;T14740
6141;T03388
6142;T51312
6143;T03265
6144;T11884
6145;T36236
6146;T19432
6147;T00992
6148;T56458
6149;T15840
6150;T20161
6151;T22322
6152;T08463
6153;T10989
6154;T24025
6155;T23678
6156;T01401
6157;T11274
6158;T08091
6159;T00516
6160;T10795
6161;T01927
6162;T12664
6163;T19104
6164;T20622
6165;T19744
6166;T25334
6167;T29845
6168;T02362
6169;T54176
6170;T14760
6171;T05531
6172;T04429
6173;T21460
6174;T21240
6175;T10237
6176;T12872
6177;T23992
6178;T16481
6179;T19175
6180;T22461
6181;T00117
6182;T00124
6183;T13169
6184;T03415
6185;T13652
6186;T11396
6187;T11872
6188;T17533
6189;T45116
6190;T05546
6191;T16836
6192;T08426
6193;T18507
6194;T27301
6195;T14326
6196;T15044
6197;T13358
6198;T00038
6199;T01406
6200;T01594
6201;T18668
6202;T19975
6203;T15908
6204;T21253
6205;T19022
6206;T22421
6207;T15435
6208;T12413
6209;T00390
6210;T01896
6211;T21213
6212;T59896
6213;T13382
6214;T21436
6215;T21051
6216;T14843
6217;T14844
6218;T01872
6219;T01873
6220;T02524
6221;T12697
6222;T15584
6223;T19696
6224;T26895
6225;T00476
6226;T00969
6227;T12914
6228;T22369
6229;T00713
6230;T16299
6231;T22435
6232;T11926
6233;T12768
6234;T23361
6235;T15233
6236;T12205
6237;T15389
6238;T10320
6239;T15903
6240;T10583
6241;T06131
6242;T15572
6243;T12573
6244;T00376
6245;T15098
6246;T15984
6247;T15095
6248;T13891
6249;T17656
6250;T64857
6251;T20558
6252;T24885
6253;T19305
6254;T17627
6255;T11562
6256;T36941
6257;T11038
6258;T20027
6259;T34389
6260;T52667
6261;T19606
6262;T19382
6263;T00608
6264;T21291
6265;T23635
6266;T11928
6267;T69260
6268;T11361
6269;T15192
6270;T18541
6271;T19816
6272;T20056
6273;T25083
6274;T18465
6275;T16037
6276;T19035
6277;T16365
6278;T02118
6279;T20712
6280;T11600
6281;T21423
6282;T13238
6283;T17670
6284;T66457
6285;T01493
6286;T36822
6287;T05118
6288;T24061
6289;T24599
6290;T16704
6291;T16169
6292;T05148
6293;T15721
6294;T11019
6295;T69333
6296;T13085
6297;T12597
6298;T03680
6299;T18081
6300;T15068
6301;T24529
6302;T65266
6303;T23685
6304;T14427
6305;T04087
6306;T00944
6307;T20999
6308;T25084
6309;T13599
6310;T12011
6311;T19379
6312;T13604
6313;T17513
6314;T15072
6315;T14094
6316;T11708
6317;T13391
6318;T17682
6319;T06735
6320;T14387
6321;T23070
6322;T04162
6323;T01220
6324;T17896
6325;T12554
6326;T20789
6327;T06291
6328;T16000
6329;T11551
6330;T05127
6331;T15427
6332;T00871
6333;T14144
6334;T14923
6335;T21621
6336;T12349
6337;T16375
6338;T61171
6339;T20510
6340;T19946
6341;T01410
6342;T23569
6343;T60886
6344;T14186
6345;T52934
6346;T00965
6347;T15507
6348;T13650
6349;T22874
6350;T16273
6351;T03908
6352;T26470
6353;T23203
6354;T12715
6355;T12658
6356;T11488
6357;T02164
6358;T24663
6359;T55216
6360;T14722
6361;T53121
6362;T14822
6363;T01693
6364;T23675
6365;T12019
6366;T03919
6367;T20401
6368;T64991
6369;T10450
6370;T18655
6371;T10516
6372;T05983
6373;T06837
6374;T22002
6375;T20941
6376;T15262
6377;T19444
6378;T16371
6379;T21931
6380;T05295
6381;T16058
6382;T07638
6383;T18396
6384;T23516
6385;T18920
6386;T16669
6387;T20893
6388;T13867
6389;T11462
6390;T01722
6391;T13119
6392;T11341
6393;T22685
6394;T15144
6395;T11985
6396;T17312
6397;T21032
6398;T00569
6399;T21854
6400;T03346
6401;T07376
6402;T16476
6403;T13762
6404;T18248
6405;T15540
6406;T35100
6407;T13951
6408;T01372
6409;T24057
6410;T66857
6411;T22708
6412;T15859
6413;T19254
6415;T03491
6416;T24911
6417;T16911
6418;T04140
6419;T52965
6420;T20692
6421;T02675
6422;T69387
6423;T15418
6424;T12035
6425;T04991
6426;T13919
6427;T21090
6428;T15576
6429;T01785
6430;T15844
6431;T12354
6432;T52496
6433;T25735
6434;T15498
6435;T00667
6436;T10725
6437;T13559
6438;T14019
6439;T11291
6440;T28930
6441;T00383
6442;T22987
6443;T11080
6444;T20891
6445;T18335
6446;T19119
6447;T52842
6448;T21743
6449;T14001
6450;T23384
6451;T20838
6452;T00046
6453;T33443
6454;T00156
6455;T17144
6456;T22765
6457;T25558
6458;T22758
6459;T11932
6460;T01987
6461;T05558
6462;T08805
6463;T12149
6464;T20299
6465;T02792
6466;T54172
6467;T22203
6468;T14310
6469;T17806
6470;T16705
6471;T67364
6472;T17546
6473;T01694
6474;T22661
6475;T22003
6476;T16295
6477;T05613
6478;T22150
6479;T23666
6480;T18366
6481;T15428
6482;T16213
6483;T02216
6484;T22780
6485;T15340
6486;T14447
6487;T23524
6488;T06612
6489;T23511
6490;T13575
6491;T16427
6492;T17672
6493;T19906
6494;T00692
6495;T21071
6496;T00249
6497;T19595
6498;T23093
6499;T27887
6500;T13487
6501;T10406
6502;T15738
6503;T00149
6504;T17314
6505;T23127
6506;T69248
6507;T02147
6508;T11697
6509;T24951
6510;T01036
6511;T14017
6512;T17493
6513;T12116
6514;T08067
6515;T12368
6516;T01919
6517;T20016
6518;T12467
6519;T11644
6520;T21368
6521;T05942
6522;T15554
6523;T54905
6524;T58917
6525;T03558
6526;T16174
6527;T35497
6528;T11027
6529;T36586
6530;T61192
6531;T06016
6532;T21632
6533;T15021
6534;T19652
6535;T02280
6536;T00981
6537;T17046
6538;T18055
6539;T17950
6540;T17438
6541;T21392
6542;T05211
6543;T16510
6544;T07205
6545;T02983
6546;T00324
6547;T10242
6548;T21522
6549;T29583
6550;T32275
6551;T19404
6552;T18227
6553;T23651
6554;T04809
6555;T08368
6556;T10742
6557;T17757
6558;T19180
6559;T15502
6560;T25097
6561;T16049
6562;T10561
6563;T06600
6564;T14128
6565;T23308
6566;T02067
6567;T16457
6568;T22339
6569;T23747
6570;T14400
6571;T25723
6572;T18291
6573;T18295
6574;T56975
6575;T18212
6576;T17284
6577;T11813
6578;T15119
6579;T14858
6580;T10485
6581;T17476
6582;T13622
6583;T12782
6584;T16394
6585;T07585
6586;T01972
6587;T11018
6588;T21374
6589;T05659
6590;T21592
6591;T01744
6592;T17771
6593;T12742
6594;T15569
6595;T14124
6596;T15743
6597;T18736
6598;T18631
6599;T02258
6600;T03896
6601;T00150
6602;T16482
6603;T02903
6604;T13557
6605;T10231
6606;T22783
6607;T22781
6608;T03646
6609;T23442
6610;T15942
6611;T52945
6612;T16326
6613;T14723
6614;T00372
6615;T16801
6616;T17433
6617;T56861
6618;T00673
6619;T00674
6620;T01479
6621;T21586
6622;T00598
6623;T53163
6624;T13743
6625;T61409
6626;T17309
6627;T23237
6628;T23859
6629;T24435
6630;T23995
6631;T10121
6632;T22589
6633;T59925
6634;T07968
6635;T01183
6636;T24260
6637;T01537
6638;T23339
6639;T14774
6640;T20901
6641;T17986
6642;T19892
6643;T12994
6644;T18487
6645;T19954
6646;T43790
6647;T14227
6648;T11768
6649;T23274
6650;T04947
6651;T19504
6652;T13389
6653;T04433
6654;T11464
6655;T21008
6656;T53116
6657;T09813
6658;T12803
6659;T01276
6660;T36771
6661;T10793
6662;T16287
6663;T01365
6664;T12689
6665;T01833
6666;T07049
6667;T04941
6668;T21096
6669;T07704
6670;T20452
6671;T36519
6672;T00656
6673;T05514
6674;T23538
6675;T22081
6676;T07896
6677;T10107
6678;T01471
6679;T69369
6680;T15129
6681;T16135
6682;T02845
6683;T12001
6684;T04923
6685;T00614
6686;T13927
6687;T08257
6688;T01404
6689;T22984
6690;T02326
6691;T18958
6692;T02248
6693;T09735
6694;T23163
6695;T03826
6696;T16031
6697;T12848
6698;T17846
6699;T12534
6700;T00751
6701;T21176
6702;T26109
6703;T02059
6704;T16350
6705;T66116
6706;T11277
6707;T04173
6708;T08883
6709;T17799
6710;T09719
6711;T66989
6712;T21428
6713;T00812
6714;T22405
6715;T16489
6716;T20131
6717;T21120
6718;T18950
6719;T23849
6720;T23771
6721;T23360
6722;T02814
6723;T12634
6724;T10649
6725;T20702
6726;T11076
6727;T24570
6728;T10419
6729;T24682
6730;T15172
6731;T02987
6732;T36221
6733;T13002
6734;T19143
6735;T03866
6736;T09672
6737;T10630
6738;T16997
6739;T19291
6740;T04609
6741;T22642
6742;T21500
6743;T21533
6744;T10874
6745;T02764
6746;T02140
6747;T05359
6748;T19193
6749;T26294
6750;T08699
6751;T22762
6752;T17291
6753;T13924
6754;T09041
6755;T05125
6756;T11409
6757;T10433
6758;T00537
6759;T01739
6760;T06003
6761;T23498
6762;T12426
6763;T23564
6764;T20263
6765;T14957
6766;T17610
6767;T23007
6768;T15994
6769;T10263
6770;T14960
6771;T54870
6772;T41705
6773;T01952
6774;T00925
6775;T21047
6776;T23018
6777;T18228
6778;T17967
6779;T15268
6780;T25434
6781;T12680
6782;T04508
6783;T18820
6784;T19052
6785;T08377
6786;T17820
6787;T16497
6788;T07760
6789;T11272
6790;T16335
6791;T00342
6792;T21350
6793;T11591
6794;T35076
6795;T03942
6796;T36997
6797;T10738
6798;T15720
6799;T23836
6800;T01012
6801;T23116
6802;T61083
6803;T21766
6804;T05615
6805;T12598
6806;T21341
6807;T07726
6808;T04952
6809;T07924
6810;T01491
6811;T19243
6812;T08087
6813;T14684
6814;T22231
6815;T20948
6816;T19660
6817;T61060
6818;T13466
6819;T05899
6820;T11798
6821;T16001
6822;T11914
6823;T25570
6824;T20242
6825;T25050
6826;T13343
6827;T66317
6828;T16075
6829;T21499
6830;T12601
6831;T19343
6832;T21788
6833;T14473
6834;T12555
6835;T21446
6836;T01691
6837;T20964
6838;T16008
6839;T59363
6840;T17228
6841;T19586
6842;T56559
6843;T05838
6844;T18390
6845;T11082
6846;T17436
6847;T04727
6848;T02219
6849;T22980
6850;T01248
6851;T08539
6852;T29060
6853;T00397
6854;T20512
6855;T23201
6856;T19647
6857;T21481
6858;T26426
6859;T14993
6860;T17111
6861;T17916
6862;T15393
6863;T14990
6864;T21058
6865;T06500
6866;T13746
6867;T27241
6868;T23346
6869;T19439
6870;T02065
6871;T11975
6872;T36223
6873;T09798
6874;T11283
6875;T11566
6876;T11921
6877;T03393
6878;T15953
6879;T12650
6880;T02097
6881;T43744
6882;T21667
6883;T15304
6884;T26276
6885;T09631
6886;T14983
6887;T11680
6888;T20862
6889;T36292
6890;T15162
6891;T25612
6892;T12930
6893;T06450
6894;T23729
6895;T22756
6896;T05133
6897;T13325
6898;T22026
6899;T11416
6900;T23730
6901;T10230
6902;T52620
6903;T20591
6904;T20990
6905;T33666
6906;T11189
6907;T23887
6908;T20165
6909;T22463
6910;T42543
6911;T08059
6912;T21211
6913;T15726
6914;T00290
6915;T25746
6916;T08694
6917;T23788
6918;T18730
6919;T17427
6920;T20054
6921;T10622
6922;T10911
6923;T17833
6924;T60369
6925;T18379
6926;T01984
6927;T18937
6928;T36914
6929;T22917
6930;T08068
6931;T24964
6932;T16762
6933;T01135
6934;T20130
6935;T20609
6936;T22357
6937;T18311
6938;T23216
6939;T18717
6940;T17629
6941;T21045
6942;T16754
6943;T06164
6944;T69297
6945;T21507
6946;T16505
6947;T20236
6948;T66284
6949;T18686
6950;T44150
6951;T11585
6952;T66263
6953;T13565
6954;T21194
6955;T22055
6956;T11681
6957;T22030
6958;T21741
6959;T17602
6960;T19739
6961;T25647
6962;T20940
6963;T11282
6964;T10645
6965;T20432
6966;T21010
6967;T19950
6968;T22364
6969;T01478
6970;T11391
6971;T11509
6972;T45194
6973;T18878
6974;T20284
6975;T00297
6976;T13097
6977;T11503
6978;T24496
6979;T18276
6980;T17325
6981;T22485
6982;T19248
6983;T19557
6984;T18673
6985;T10867
6986;T36593
6987;T27482
6988;T19309
6989;T43714
6990;T13131
6991;T10379
6992;T08072
6993;T17417
6994;T09985
6995;T18691
6996;T21482
6997;T02868
6998;T11458
6999;T24297
7000;T21109
7001;T23109
7002;T24920
7003;T52905
7004;T17455
7005;T17944
7006;T25001
7007;T22926
7008;T19723
7009;T17702
7010;T12175
7011;T20456
7012;T17340
7013;T25235
7014;T23972
7015;T13877
7016;T06675
7017;T12487
7018;T56858
7019;T19636
7020;T23843
7021;T33480
7022;T18756
7023;T20678
7024;T00536
7025;T01939
7026;T06179
7027;T19970
7028;T07365
7029;T22409
7030;T25534
7031;T56217
7032;T18262
7033;T21303
7034;T15963
7035;T20659
7036;T16570
7037;T01494
7038;T11344
7039;T22497
7040;T00388
7041;T11301
7042;T16992
7043;T15381
7044;T21226
7045;T23825
7046;T16840
7047;T04760
7048;T10392
7049;T22517
7050;T23559
7051;T16342
7052;T21725
7053;T15566
7054;T00352
7055;T23208
7056;T22402
7057;T25164
7058;T19396
7059;T15496
7060;T24637
7061;T06047
7062;T69315
7063;T21615
7064;T12065
7065;T03829
7066;T25704
7067;T01350
7068;T04461
7069;T13671
7070;T69296
7071;T17337
7072;T23775
7073;T23636
7074;T16763
7075;T26312
7076;T23086
7077;T24088
7078;T24086
7079;T11734
7080;T14076
7081;T17063
7082;T24095
7083;T17590
7084;T21246
7085;T18309
7086;T66723
7087;T14075
7088;T14810
7089;T18994
7090;T52829
7091;T15013
7092;T16692
7093;T01740
7094;T12058
7095;T19502
7096;T16912
7097;T14868
7098;T33629
7099;T69267
7100;T23770
7101;T52542
7102;T07925
7103;T02178
7104;T19028
7105;T15559
7106;T37253
7107;T22686
7108;T22586
7109;T52548
7110;T20956
7111;T16889
7112;T18268
7113;T23494
7114;T25034
7115;T10211
7116;T25203
7117;T17759
7118;T23424
7119;T04850
7120;T01089
7121;T15957
7122;T14663
7123;T12726
7124;T16913
7125;T07131
7126;T12609
7127;T16802
7128;T03471
7129;T13052
7130;T15195
7131;T22625
7132;T01574
7133;T55318
7134;T13228
7135;T16153
7136;T04451
7137;T01869
7138;T03636
7139;T11564
7140;T23152
7141;T14119
7142;T22072
7143;T18100
7144;T17794
7145;T11864
7146;T29188
7147;T08681
7148;T11980
7149;T15857
7150;T10671
7151;T25585
7152;T16444
7153;T66374
7154;T19615
7155;T23057
7156;T08554
7157;T19602
7158;T03858
7159;T25077
7160;T22518
7161;T15949
7162;T23364
7163;T61861
7164;T17543
7165;T03718
7166;T66219
7167;T02184
7168;T26158
7169;T26324
7170;T15036
7171;T18826
7172;T08293
7173;T13749
7174;T13759
7175;T21686
7176;T16130
7177;T18661
7178;T44854
7179;T18553
7180;T03947
7181;T00544
7182;T11603
7183;T14357
7184;T59984
7185;T16155
7186;T19454
7187;T60675
7188;T17851
7189;T17798
7190;T02041
7191;T11431
7192;T15181
7193;T22599
7194;T10420
7195;T10920
7196;T14830
7197;T02992
7198;T01606
7199;T17035
7200;T01856
7201;T13298
7202;T65070
7203;T17478
7204;T13435
7205;T14699
7206;T22909
7207;T17901
7208;T17616
7209;T20771
7210;T18806
7211;T12676
7212;T05504
7213;T21308
7214;T20216
7215;T18148
7216;T69309
7217;T13822
7218;T47971
7219;T02791
7220;T61628
7221;T61633
7222;T15451
7223;T14912
7224;T10880
7225;T12667
7226;T15439
7227;T14989
7228;T18413
7229;T11901
7230;T04141
7231;T23784
7232;T17364
7233;T19609
7234;T22670
7235;T56855
7236;T15549
7237;T17652
7238;T17472
7239;T14746
7240;T21810
7241;T32778
7242;T15685
7243;T29562
7244;T22920
7245;T16500
7246;T22906
7247;T08924
7248;T03319
7249;T11811
7250;T15214
7251;T02199
7252;T16045
7253;T21214
7254;T12097
7255;T17219
7256;T25217
7257;T24190
7258;T02161
7259;T54315
7260;T13288
7261;T16330
7262;T27385
7263;T36545
7264;T23181
7265;T23896
7266;T18635
7267;T20264
7268;T29170
7269;T19114
7270;T07357
7271;T03077
7272;T21948
7273;T03163
7274;T17006
7275;T00384
7276;T17726
7277;T04791
7278;T18265
7279;T13984
7280;T12536
7281;T17202
7282;T08193
7283;T19081
7284;T20409
7285;T15716
7286;T18798
7287;T21606
7288;T24760
7289;T69200
7290;T25190
7291;T17002
7292;T15627
7293;T25463
7294;T23515
7295;T00705
7296;T18968
7297;T19041
7298;T00020
7299;T13465
7300;T15431
7301;T12370
7302;T56403
7303;T15178
7304;T23722
7305;T20753
7306;T14667
7307;T60222
7308;T23951
7309;T26241
7310;T21484
7311;T03241
7312;T65382
7313;T22355
7314;T10212
7315;T12288
7316;T23280
7317;T09377
7318;T13361
7319;T15358
7320;T21842
7321;T14959
7322;T14088
7323;T21744
7324;T21325
7325;T26364
7326;T06116
7327;T11439
7328;T07594
7329;T18667
7330;T61405
7331;T20082
7332;T13185
7333;T17328
7334;T10315
7335;T17057
7336;T01650
7337;T02499
7338;T14747
7339;T16435
7340;T52631
7341;T00688
7342;T04261
7343;T17377
7344;T15446
7345;T13964
7346;T20387
7347;T18281
7348;T14500
7349;T13603
7350;T09817
7351;T23060
7352;T24205
7353;T69363
7354;T01560
7355;T19552
7356;T19917
7357;T10660
7358;T13145
7359;T06297
7360;T01232
7361;T13657
7362;T57183
7363;T16525
7364;T17855
7365;T45173
7366;T01268
7367;T23186
7368;T04992
7369;T11048
7370;T15526
7371;T23618
7372;T15993
7373;T05769
7374;T04634
7375;T22181
7376;T19320
7377;T15565
7378;T33366
7379;T16486
7380;T20374
7381;T09409
7382;T18848
7383;T54177
7384;T25676
7385;T00089
7386;T69240
7387;T61108
7388;T19192
7389;T19506
7390;T22287
7391;T06133
7392;T20180
7393;T60021
7394;T18930
7395;T33269
7396;T21770
7397;T19960
7398;T69373
7399;T18332
7400;T18772
7401;T25530
7402;T20714
7403;T08915
7404;T00509
7405;T05038
7406;T22894
7407;T19430
7408;T22647
7409;T16056
7410;T16469
7411;T07652
7412;T25465
7413;T28926
7414;T07575
7415;T00902
7416;T16846
7417;T68686
7418;T25024
7419;T24506
7420;T19008
7421;T66232
7422;T25043
7423;T21576
7424;T64073
7425;T62729
7426;T17717
7427;T16778
7428;T31611
7429;T23459
7430;T16783
7431;T15998
7432;T23517
7433;T11973
7434;T21100
7435;T21732
7436;T23799
7437;T36654
7438;T05010
7439;T16961
7440;T11571
7441;T09876
7442;T21512
7443;T11347
7444;T20301
7445;T23223
7446;T19666
7447;T66856
7448;T43950
7449;T19463
7450;T12748
7451;T10642
7452;T13511
7453;T13514
7454;T13515
7455;T10525
7456;T18935
7457;T59904
7458;T21187
7459;T14123
7460;T04788
7461;T16645
7462;T18075
7463;T00732
7464;T08348
7465;T02023
7466;T11390
7467;T23734
7468;T17391
7469;T05623
7470;T10997
7471;T11632
7472;T21124
7473;T28957
7474;T11709
7475;T17839
7476;T19747
7477;T19092
7478;T25785
7479;T21041
7480;T36756
7481;T02731
7482;T23170
7483;T00179
7484;T67147
7485;T16994
7486;T06568
7487;T22488
7488;T11131
7489;T17443
7490;T00521
7491;T01288
7492;T14794
7493;T16561
7494;T04814
7495;T15380
7496;T24832
7497;T65238
7498;T20447
7499;T01243
7500;T00056
7501;T21334
7502;T12909
7503;T18552
7504;T00049
7505;T13836
7506;T22303
7507;T09878
7508;T09879
7509;T21945
7510;T11855
7511;T04208
7512;T12493
7513;T12080
7514;T69264
7515;T20166
7516;T45662
7517;T14036
7518;T15555
7519;T18481
7520;T01085
7521;T12978
7522;T04059
7523;T01784
7524;T65316
7525;T08535
7526;T16495
7527;T18328
7528;T07027
7529;T23230
7530;T09889
7531;T01534
7532;T12429
7533;T22454
7534;T17286
7535;T14934
7536;T01545
7537;T16447
7538;T18722
7539;T15359
7540;T14647
7541;T23158
7542;T01048
7543;T00937
7544;T22289
7545;T12342
7546;T19875
7547;T10942
7548;T37215
7549;T15258
7550;T00062
7551;T13107
7552;T17113
7553;T02579
7554;T11572
7555;T18891
7556;T15551
7557;T00123
7558;T11468
7559;T11142
7560;T65332
7561;T17856
7562;T15060
7563;T15684
7564;T09857
7565;T10339
7566;T17402
7567;T16995
7568;T16597
7569;T14287
7570;T20133
7571;T00107
7572;T15256
7573;T16650
7574;T11011
7575;T13474
7576;T59981
7577;T20648
7578;T10507
7579;T16073
7580;T13911
7581;T15244
7582;T00311
7583;T14403
7584;T15786
7585;T01420
7586;T14059
7587;T10889
7588;T14216
7589;T15598
7590;T23176
7591;T23898
7592;T17357
7593;T14167
7594;T12084
7595;T16947
7596;T06105
7597;T14151
7598;T52740
7599;T15155
7600;T16770
7601;T00433
7602;T13673
7603;T15574
7604;T07442
7605;T16794
7606;T44732
7607;T20406
7608;T04347
7609;T19273
7610;T19328
7611;T16301
7612;T06725
7613;T11162
7614;T14412
7615;T11956
7616;T25277
7617;T16355
7618;T00985
7619;T15689
7620;T19431
7621;T15486
7622;T09786
7623;T05312
7624;T21705
7625;T15469
7626;T02018
7627;T61176
7628;T13903
7629;T12728
7630;T14728
7631;T01684
7632;T25421
7633;T12504
7634;T18929
7635;T16197
7636;T06026
7637;T10214
7638;T10085
7639;T12519
7640;T00105
7641;T11204
7642;T23872
7643;T14348
7644;T14614
7645;T18358
7646;T24773
7647;T20966
7648;T10871
7649;T18283
7650;T23733
7651;T10323
7652;T20315
7653;T61647
7654;T16773
7655;T21940
7656;T24798
7657;T17496
7658;T25639
7659;T19355
7660;T10430
7661;T10277
7662;T23317
7663;T13481
7664;T14087
7665;T11782
7666;T02168
7667;T14759
7668;T16461
7669;T25774
7670;T19925
7671;T16800
7672;T08997
7673;T14325
7674;T19626
7675;T02891
7676;T44781
7677;T22427
7678;T19197
7679;T20191
7680;T12912
7681;T23623
7682;T00854
7683;T19842
7684;T52600
7685;T00045
7686;T00037
7687;T15752
7688;T16539
7689;T25053
7690;T14156
7691;T16406
7692;T24228
7693;T20144
7694;T69349
7695;T69327
7696;T19244
7697;T36989
7698;T16612
7699;T17998
7700;T18811
7701;T23095
7702;T10324
7703;T21880
7704;T20271
7705;T24834
7706;T67151
7707;T17194
7708;T33403
7709;T05637
7710;T05506
7711;T01395
7712;T18829
7713;T04144
7714;T11250
7715;T04974
7716;T04046
7717;T09674
7719;T60531
7720;T23625
7721;T09736
7722;T19825
7723;T19493
7724;T00551
7725;T54141
7726;T12761
7727;T16543
7728;T18179
7729;T23234
7730;T16681
7731;T12459
7732;T30134
7733;T18352
7734;T15438
7735;T14262
7736;T05708
7737;T19818
7738;T02088
7739;T07802
7740;T64936
7741;T03406
7742;T19576
7743;T18657
7744;T07520
7745;T14657
7746;T33506
7747;T11047
7748;T69210
7749;T14741
7750;T12665
7751;T20805
7752;T06843
7753;T00908
7754;T22939
7755;T36810
7756;T05450
7757;T69331
7758;T18740
7759;T51401
7760;T00596
7761;T05956
7762;T25711
7763;T16582
7764;T09749
7765;T21487
7766;T11411
7767;T69204
7768;T11851
7769;T00278
7770;T06220
7771;T01852
7772;T65273
7773;T00924
7774;T13196
7775;T00134
7776;T01848
7777;T11634
7778;T02538
7779;T12896
7780;T17785
7781;T11397
7782;T11451
7783;T14999
7784;T04446
7785;T23075
7786;T12628
7787;T18819
7788;T22137
7789;T25745
7790;T21076
7791;T18010
7792;T14007
7793;T32573
7794;T23263
7795;T00172
7796;T10075
7797;T16164
7798;T09946
7799;T12586
7800;T11607
7801;T23456
7802;T06530
7803;T07132
7804;T11797
7805;T13425
7806;T21455
7807;T69312
7808;T04465
7809;T02342
7810;T69351
7811;T03381
7812;T15900
7813;T13471
7814;T25063
7815;T33392
7816;T15885
7817;T10110
7818;T14177
7819;T17037
7820;T04808
7821;T21957
7822;T20507
7823;T11147
7824;T15073
7825;T07055
7826;T15522
7827;T27207
7828;T00735
7829;T07747
7830;T13554
7831;T13301
7832;T33560
7833;T22842
7834;T16118
7835;T17358
7836;T20910
7837;T18331
7838;T07046
7839;T09652
7840;T00620
7841;T14545
7842;T12579
7843;T14932
7844;T14937
7845;T61099
7846;T22723
7847;T11266
7848;T55214
7849;T17603
7850;T07456
7851;T04558
7852;T00575
7853;T12570
7854;T12571
7855;T12577
7856;T01446
7857;T13605
7858;T14362
7859;T15462
7860;T00047
7861;T00720
7862;T20711
7863;T06580
7864;T24078
7865;T16080
7866;T22707
7867;T01475
7868;T20811
7869;T21693
7870;T00270
7871;T12358
7872;T11657
7873;T23437
7874;T15642
7875;T16257
7876;T13960
7877;T04445
7878;T23115
7879;T12438
7880;T07678
7881;T45178
7882;T13392
7883;T19853
7884;T02137
7885;T26146
7886;T10672
7887;T01879
7888;T17863
7889;T13396
7890;T10374
7891;T00189
7892;T19388
7893;T15979
7894;T14606
7895;T20310
7896;T15025
7897;T10707
7898;T02777
7899;T13541
7900;T09630
7901;T14772
7902;T00283
7903;T01584
7904;T02241
7905;T15797
7906;T17343
7907;T00841
7908;T21664
7909;T01026
7910;T08596
7911;T13685
7912;T02170
7913;T14795
7914;T00360
7915;T04065
7916;T02221
7917;T12800
7918;T19030
7919;T11149
7920;T16214
7921;T33507
7922;T10787
7923;T65417
7924;T18887
7925;T01544
7926;T14025
7927;T31742
7928;T01802
7929;T13790
7930;T10788
7931;T08347
7932;T09877
7933;T39161
7934;T10872
7935;T10924
7936;T13113
7937;T06987
7938;T01007
7939;T10184
7940;T01860
7941;T14090
7942;T21653
7943;T21752
7944;T23313
7945;T23333
7946;T02390
7947;T07331
7948;T13878
7949;T13371
7950;T20575
7951;T10377
7952;T18900
7953;T17168
7954;T17261
7955;T18679
7956;T03107
7957;T06053
7958;T14422
7959;T16551
7960;T22443
7961;T23903
7962;T25734
7963;T23714
7964;T24751
7965;T03761
7966;T21329
7967;T22414
7968;T04130
7969;T11654
7970;T36255
7971;T05967
7972;T18837
7973;T22226
7974;T00024
7975;T01963
7976;T09938
7977;T17466
7978;T56951
7979;T21461
7980;T14318
7981;T21269
7982;T16522
7983;T00404
7984;T21061
7985;T21591
7986;T25669
7987;T16061
7988;T10532
7989;T19311
7990;T14126
7991;T11790
7992;T19872
7993;T52763
7994;T52737
7995;T21505
7996;T20089
7997;T18739
7998;T06766
7999;T16780
8000;T09831
8001;T03023
8002;T11814
8003;T17045
8004;T20329
8005;T19573
8006;T23467
8007;T06680
8008;T07130
8009;T01961
8010;T13337
8011;T13838
8012;T54184
8013;T13297
8014;T20530
8015;T12096
8016;T16121
8017;T13156
8018;T02225
8019;T08400
8020;T01897
8021;T16256
8022;T16412
8023;T02056
8024;T18816
8025;T13039
8026;T16062
8027;T27214
8028;T24263
8029;T02951
8030;T00216
8031;T13526
8032;T13401
8033;T69275
8034;T15402
8035;T10984
8036;T33663
8037;T23593
8038;T18640
8039;T16849
8040;T25549
8041;T13299
8042;T04314
8043;T13249
8044;T05533
8045;T01520
8046;T26180
8047;T11934
8048;T18701
8049;T02127
8050;T36825
8051;T07661
8052;T53525
8053;T20819
8054;T22595
8055;T17699
8056;T12059
8057;T22697
8058;T21020
8059;T37233
8060;T12241
8061;T01588
8062;T16663
8063;T12517
8064;T21073
8065;T03806
8066;T21912
8067;T18407
8068;T08677
8069;T02123
8070;T13995
8071;T23509
8072;T31340
8073;T19786
8074;T25070
8075;T21222
8076;T32785
8077;T44564
8078;T16479
8079;T01015
8080;T01065
8081;T25797
8082;T28783
8083;T23001
8084;T60108
8085;T52635
8086;T16969
8087;T27338
8088;T16103
8089;T15378
8090;T09210
8091;T45155
8092;T22445
8093;T25613
8094;T20090
8095;T20841
8096;T21318
8097;T17152
8098;T22126
8099;T00861
8100;T21774
8101;T23791
8102;T05022
8103;T20006
8104;T17808
8105;T05526
8106;T66393
8107;T14175
8108;T13688
8109;T68906
8110;T22299
8111;T21648
8112;T14201
8113;T16429
8114;T16675
8115;T00395
8116;T10560
8117;T22165
8118;T16346
8119;T43778
8120;T22854
8121;T07257
8122;T19141
8123;T17121
8124;T21254
8125;T13292
8126;T24817
8127;T10647
8128;T01521
8129;T14717
8130;T21963
8131;T19715
8132;T21964
8133;T21390
8134;T13748
8135;T21723
8136;T14477
8137;T69376
8138;T23388
8139;T17548
8140;T36808
8141;T08520
8142;T13363
8143;T23314
8144;T10775
8145;T53762
8146;T20930
8147;T22593
8148;T00394
8149;T01267
8150;T05833
8151;T18349
8152;T17486
8153;T16909
8154;T16183
8155;T07356
8156;T22706
8157;T10193
8158;T12336
8159;T14376
8160;T22243
8161;T25449
8162;T11393
8163;T01318
8164;T08208
8165;T15769
8166;T16125
8167;T11290
8168;T01931
8169;T04098
8170;T13385
8171;T21639
8172;T11427
8173;T22667
8174;T13674
8175;T00626
8176;T00827
8177;T04158
8178;T03191
8179;T01787
8180;T25694
8181;T08414
8182;T52967
8183;T13096
8184;T01364
8185;T16328
8186;T10498
8187;T17311
8188;T26783
8189;T60534
8190;T20786
8191;T16837
8192;T24384
8193;T21439
8194;T07662
8195;T04290
8196;T36225
8197;T14464
8198;T08721
8199;T10625
8200;T10710
8201;T20505
8202;T13593
8203;T12267
8204;T57429
8205;T58937
8206;T19011
8207;T00594
8208;T01928
8209;T18562
8210;T16244
8211;T12224
8212;T12379
8213;T15514
8214;T03216
8215;T20078
8216;T45386
8217;T28324
8218;T06704
8219;T03957
8220;T15795
8221;T16839
8222;T17025
8223;T19651
8224;T22985
8225;T16883
8226;T16734
8227;T18976
8228;T23137
8229;T25220
8230;T19712
8231;T56638
8232;T00539
8233;T01337
8234;T19874
8235;T08139
8236;T19951
8237;T02267
8238;T19513
8239;T22060
8240;T23989
8241;T11059
8242;T52545
8243;T23232
8244;T24543
8245;T22981
8246;T18575
8247;T07992
8248;T23266
8249;T13795
8250;T20277
8251;T21382
8252;T13854
8253;T13916
8254;T00652
8255;T48560
8256;T20613
8257;T19277
8258;T13546
8259;T15070
8260;T65262
8261;T22091
8262;T19719
8263;T45244
8264;T17359
8265;T25231
8266;T18000
8267;T14865
8268;T17783
8269;T24888
8270;T23878
8271;T52659
8272;T13125
8273;T14194
8274;T13329
8275;T00562
8276;T20397
8277;T24725
8278;T18752
8279;T16171
8280;T06968
8281;T06180
8282;T00867
8283;T08506
8284;T20626
8285;T25041
8286;T01969
8287;T22575
8288;T20292
8289;T12718
8290;T23289
8291;T17083
8292;T19097
8293;T23521
8294;T55242
8295;T69250
8296;T60850
8297;T13316
8298;T35049
8299;T24114
8300;T25120
8301;T20579
8302;T25614
8303;T08027
8304;T15535
8305;T01297
8306;T25641
8307;T38510
8308;T11987
8309;T05681
8310;T00196
8311;T56835
8312;T00669
8313;T00791
8314;T16574
8315;T06420
8316;T09087
8317;T12640
8318;T00764
8319;T08322
8320;T14433
8321;T29431
8322;T32306
8323;T24046
8324;T18831
8325;T11584
8326;T13819
8327;T19625
8328;T22256
8329;T64927
8330;T15618
8331;T24188
8332;T02946
8333;T08080
8334;T29576
8335;T14085
8336;T14686
8337;T22109
8338;T03397
8339;T09033
8340;T16658
8341;T12954
8342;T00294
8343;T05358
8344;T17353
8345;T17692
8346;T60360
8347;T10578
8348;T67898
8349;T23259
8350;T45174
8351;T14302
8352;T18997
8353;T11849
8354;T10245
8355;T22073
8356;T08335
8357;T12887
8358;T12685
8359;T13532
8360;T19300
8361;T00090
8362;T17274
8363;T05549
8364;T00175
8365;T00169
8366;T22961
8367;T01895
8368;T65372
8369;T18733
8370;T10655
8371;T12582
8372;T27356
8373;T12983
8374;T43683
8375;T19177
8376;T21601
8377;T20340
8378;T02063
8379;T15088
8380;T20307
8381;T20136
8382;T21316
8383;T24621
8384;T00420
8385;T12881
8386;T13946
8387;T20118
8388;T12260
8389;T07717
8390;T23271
8391;T00057
8392;T20889
8393;T10588
8394;T10574
8395;T10314
8396;T17457
8397;T18985
8398;T10301
8399;T10316
8400;T12066
8401;T18232
8402;T09981
8403;T57728
8404;T12217
8405;T22425
8406;T21791
8407;T10820
8408;T25172
8409;T11785
8410;T19929
8411;T12876
8412;T05927
8413;T36305
8414;T17296
8415;T02292
8416;T10690
8417;T00430
8418;T00515
8419;T39152
8420;T43674
8421;T01950
8422;T00710
8423;T18145
8424;T17315
8425;T05966
8426;T26205
8427;T69386
8428;T07194
8429;T16108
8430;T14039
8431;T06891
8432;T11760
8433;T11643
8434;T19490
8435;T21678
8436;T15978
8437;T14992
8438;T16907
8439;T36576
8440;T04765
8441;T05678
8442;T16096
8443;T13021
8444;T01459
8445;T66976
8446;T00380
8447;T16999
8448;T19224
8449;T10635
8450;T22569
8451;T68306
8452;T09263
8453;T18031
8454;T14948
8455;T17395
8456;T14344
8457;T27554
8458;T11953
8459;T12559
8460;T20335
8461;T15430
8462;T19288
8463;T15494
8464;T07828
8465;T18966
8466;T14859
8467;T18451
8468;T54170
8469;T02022
8470;T07521
8471;T06208
8472;T21996
8473;T00385
8474;T21462
8475;T36802
8476;T04348
8477;T09021
8478;T00444
8479;T25166
8480;T53232
8481;T02781
8482;T23695
8483;T01438
8484;T65688
8485;T66073
8486;T18246
8487;T25177
8488;T10505
8489;T00690
8490;T16122
8491;T14808
8492;T26407
8493;T11125
8494;T14343
8495;T08371
8496;T13233
8497;T17502
8498;T16036
8499;T36947
8500;T08956
8501;T32580
8502;T21369
8503;T21517
8504;T14996
8505;T25767
8506;T00904
8507;T28580
8508;T45623
8509;T20095
8510;T02151
8511;T10946
8512;T11323
8513;T13773
8514;T24553
8515;T15845
8516;T19319
8517;T22420
8518;T43400
8519;T16070
8520;T24639
8521;T16733
8522;T06477
8523;T11808
8524;T11481
8525;T07523
8526;T13255
8527;T17130
8528;T00680
8529;T04561
8530;T16343
8531;T21955
8532;T02030
8533;T17198
8534;T23335
8535;T18092
8536;T15327
8537;T15504
8538;T26250
8539;T15334
8540;T19937
8541;T10736
8542;T15330
8543;T15332
8544;T06099
8545;T14491
8546;T21134
8547;T15930
8548;T08636
8549;T00412
8550;T23753
8551;T10879
8552;T22313
8553;T00940
8554;T56454
8555;T60035
8556;T09837
8557;T01271
8558;T16578
8559;T15707
8560;T15002
8561;T27300
8562;T60348
8563;T09292
8564;T11002
8565;T65359
8566;T69384
8567;T15128
8568;T17551
8569;T25499
8570;T21016
8571;T23510
8572;T16284
8573;T13408
8574;T22341
8575;T07040
8576;T11641
8577;T00211
8578;T19518
8579;T13780
8580;T11100
8581;T10634
8582;T19223
8583;T16640
8584;T14437
8585;T03539
8586;T20744
8587;T18905
8588;T66155
8589;T17710
8590;T24475
8591;T13462
8592;T19689
8593;T10364
8594;T22610
8595;T16204
8596;T12822
8597;T01034
8598;T36763
8599;T05950
8600;T26253
8601;T00230
8602;T03981
8603;T17632
8604;T22873
8605;T36602
8606;T18134
8607;T27399
8608;T05205
8609;T22594
8610;T03910
8611;T19899
8612;T13778
8613;T18729
8614;T14776
8615;T12165
8616;T14887
8617;T12359
8618;T13813
8619;T07979
8620;T01278
8621;T07596
8622;T01304
8623;T01168
8624;T12677
8625;T47871
8626;T23703
8627;T14985
8628;T20524
8629;T43918
8630;T17899
8631;T11239
8632;T00071
8633;T19074
8634;T09496
8635;T15382
8636;T15861
8637;T23227
8638;T15710
8639;T10865
8640;T69230
8641;T10709
8642;T20038
8643;T09923
8644;T66903
8645;T22239
8646;T13682
8647;T25456
8648;T01713
8649;T01959
8650;T01954
8651;T01143
8652;T66758
8653;T14293
8654;T13656
8655;T16146
8656;T00374
8657;T15307
8658;T00868
8659;T18149
8660;T14184
8661;T01173
8662;T24069
8663;T18199
8664;T05432
8665;T17977
8666;T01265
8667;T13549
8668;T15760
8669;T14807
8670;T20424
8671;T14252
8672;T37034
8673;T18307
8674;T12642
8675;T16221
8676;T25628
8677;T27224
8678;T20697
8679;T20908
8680;T69283
8681;T01455
8682;T22156
8683;T08617
8684;T21443
8685;T56397
8686;T18737
8687;T24929
8688;T15586
8689;T22753
8690;T19168
8691;T69364
8692;T18659
8693;T19661
8694;T23816
8695;T19458
8696;T18221
8697;T02848
8698;T13724
8699;T16900
8700;T07875
8701;T14495
8702;T21742
8703;T06697
8704;T06562
8705;T14847
8706;T17698
8707;T19583
8708;T24094
8709;T10369
8710;T00491
8711;T05273
8712;T16496
8713;T02836
8714;T04944
8715;T57009
8716;T19333
8717;T23740
8718;T19855
8719;T20152
8720;T22570
8721;T37131
8722;T16262
8723;T25037
8724;T17984
8725;T17401
8726;T16813
8727;T23068
8728;T04066
8729;T12050
8730;T08077
8731;T16145
8732;T30728
8733;T14097
8734;T11791
8735;T04321
8736;T13655
8737;T16380
8738;T12639
8739;T22032
8740;T16303
8741;T13300
8742;T04172
8743;T21030
8744;T17499
8745;T15780
8746;T08397
8747;T14171
8748;T15939
8749;T56782
8750;T17421
8751;T43783
8752;T16886
8753;T57226
8754;T21777
8755;T08117
8756;T54205
8757;T13098
8758;T11677
8759;T16684
8760;T24523
8761;T25338
8762;T11410
8763;T06429
8764;T19184
8765;T02203
8766;T11565
8767;T16470
8768;T14468
8769;T12453
8770;T22585
8771;T24636
8772;T18804
8773;T16013
8774;T09015
8775;T15864
8776;T12441
8777;T15893
8778;T69300
8779;T43818
8780;T05761
8781;T10288
8782;T09838
8783;T23880
8784;T57441
8785;T02231
8786;T24805
8787;T24995
8788;T16888
8789;T06711
8790;T22739
8791;T18496
8792;T16932
8793;T24536
8794;T11222
8795;T04553
8796;T22820
8797;T22040
8798;T22633
8799;T22631
8800;T16184
8801;T17980
8802;T11325
8803;T15992
8804;T13728
8805;T17574
8806;T10983
8807;T16018
8808;T17097
8809;T21602
8810;T00892
8811;T25787
8812;T00588
8813;T14206
8814;T25775
8815;T08145
8816;T32508
8817;T21873
8818;T07912
8819;T56477
8820;T20244
8821;T09344
8822;T29612
8823;T05142
8824;T02904
8825;T20465
8826;T13857
8827;T21565
8828;T14792
8829;T22447
8830;T17867
8831;T17557
8832;T21440
8833;T33863
8834;T08573
8835;T08574
8836;T14225
8837;T22102
8838;T23021
8839;T16989
8840;T18636
8841;T21805
8842;T11761
8843;T26242
8844;T18508
8845;T14521
8846;T13667
8847;T17909
8848;T50611
8849;T07270
8850;T22547
8851;T65844
8852;T09826
8853;T14419
8854;T04174
8855;T22583
8856;T09016
8857;T18458
8858;T14507
8859;T11938
8860;T12611
8861;T19544
8862;T09583
8863;T17828
8864;T08603
8865;T13285
8866;T19717
8867;T11526
8868;T15945
8869;T13540
8870;T23755
8871;T12043
8872;T21787
8873;T13032
8874;T18689
8875;T24081
8876;T21027
8877;T16838
8878;T14552
8879;T06957
8880;T00101
8881;T65589
8882;T05317
8883;T23371
8884;T46379
8885;T12397
8886;T25730
8887;T01103
8888;T06998
8889;T07006
8890;T07110
8891;T11619
8892;T17893
8893;T17136
8894;T20912
8895;T25020
8896;T11069
8897;T12734
8898;T00535
8899;T26203
8900;T12883
8901;T01464
8902;T15143
8903;T11627
8904;T12186
8905;T20699
8906;T18482
8907;T30778
8908;T00462
8909;T00498
8910;T09067
8911;T04546
8912;T26252
8913;T15892
8914;T17489
8915;T25122
8916;T05746
8917;T17142
8918;T01619
8919;T00749
8920;T13750
8921;T13666
8922;T20337
8923;T09762
8924;T21894
8925;T13166
8926;T24873
8927;T17082
8928;T12859
8929;T11640
8930;T14966
8931;T14278
8932;T17747
8933;T01249
8934;T05181
8935;T16771
8936;T12371
8937;T37232
8938;T66004
8939;T04619
8940;T15765
8941;T10119
8942;T20088
8943;T13188
8944;T16866
8945;T07087
8946;T19310
8947;T07497
8948;T02075
8949;T08648
8950;T25115
8951;T51649
8952;T10122
8953;T01439
8954;T32802
8955;T05243
8956;T11034
8957;T20124
8958;T01621
8959;T24759
8960;T01033
8961;T44551
8962;T00328
8963;T07794
8964;T16241
8965;T16078
8966;T26219
8967;T25054
8968;T11903
8969;T00070
8970;T08773
8971;T11366
8972;T12308
8973;T21687
8974;T11606
8975;T22962
8976;T25553
8977;T21668
8978;T22910
8979;T13448
8980;T14103
8981;T20214
8982;T42437
8983;T14309
8984;T06976
8985;T11267
8986;T12339
8987;T01088
8988;T01618
8989;T19948
8990;T11500
8991;T03408
8992;T25061
8993;T18416
8994;T22329
8995;T14481
8996;T13594
8997;T06524
8998;T01208
8999;T14340
9000;T16583
9001;T22351
9002;T16404
9003;T24624
9004;T23029
9005;T07487
9006;T04805
9007;T25337
9008;T16337
9009;T22352
9010;T01355
9011;T10509
9012;T67699
9013;T23925
9014;T18647
9015;T58938
9016;T10979
9017;T08105
9018;T01679
9019;T14384
9020;T00032
9021;T11902
9022;T11087
9023;T20014
9024;T16454
9025;T18984
9026;T12002
9027;T21310
9028;T21433
9029;T19064
9030;T36615
9031;T15525
9032;T13443
9033;T15787
9034;T60030
9035;T20048
9036;T12317
9037;T59900
9038;T22687
9039;T01614
9040;T11549
9041;T25178
9042;T19811
9043;T00088
9044;T43958
9045;T28968
9046;T21148
9047;T24138
9048;T13806
9049;T18531
9050;T04660
9051;T14945
9052;T01170
9053;T18526
9054;T20904
9055;T15564
9056;T25738
9057;T12623
9058;T53115
9059;T00726
9060;T17637
9061;T15877
9062;T22712
9063;T27340
9064;T14149
9065;T55211
9066;T20430
9067;T11363
9068;T00496
9069;T06730
9070;T69188
9071;T23475
9072;T11552
9073;T09484
9074;T43954
9075;T01915
9076;T15925
9077;T17961
9078;T19632
9079;T17331
9080;T14558
9081;T06192
9082;T15793
9083;T69332
9084;T17527
9085;T65458
9086;T25603
9087;T12633
9088;T23066
9089;T23617
9090;T19812
9091;T07933
9092;T23865
9093;T06054
9094;T28053
9095;T12743
9096;T01231
9097;T17488
9098;T05776
9099;T25687
9100;T06606
9101;T16289
9102;T61481
9103;T14414
9104;T25796
9105;T37238
9106;T18351
9107;T16858
9108;T61078
9109;T12682
9110;T21708
9111;T07419
9112;T17525
9113;T06217
9114;T15171
9115;T11520
9116;T17277
9117;T18432
9118;T23483
9119;T12535
9120;T12533
9121;T17639
9122;T20468
9123;T23037
9124;T00222
9125;T15298
9126;T23162
9127;T16974
9128;T69401
9129;T00262
9130;T20793
9131;T16680
9132;T15665
9133;T07187
9134;T01097
9135;T03268
9136;T11638
9137;T21773
9138;T45882
9139;T16147
9140;T44562
9141;T11736
9142;T00191
9143;T01929
9144;T18438
9145;T03338
9146;T02529
9147;T12970
9148;T14010
9149;T07710
9150;T20306
9151;T25012
9152;T02064
9153;T14487
9154;T18223
9155;T23604
9156;T01377
9157;T00745
9158;T00604
9159;T13899
9160;T07354
9161;T00292
9162;T30961
9163;T14612
9164;T05729
9165;T14683
9166;T08427
9167;T00029
9168;T24186
9169;T25522
9170;T14513
9171;T07881
9172;T00329
9173;T19519
9174;T12176
9175;T21951
9176;T15023
9177;T22182
9178;T12868
9179;T07062
9180;T12111
9181;T04103
9182;T00900
9183;T23629
9184;T14580
9185;T03642
9186;T08260
9187;T05121
9189;T10476
9190;T06482
9191;T18788
9192;T20146
9193;T16506
9194;T14632
9195;T24126
9196;T15735
9197;T00363
9198;T00366
9199;T52852
9200;T23406
9201;T13072
9202;T22966
9203;T18315
9204;T19787
9205;T16352
9206;T15335
9207;T00030
9208;T03997
9209;T00327
9210;T17844
9211;T05661
9212;T01367
9213;T00484
9214;T14562
9215;T25524
9216;T23261
9217;T23005
9218;T21116
9219;T15477
9220;T06055
9221;T37132
9222;T11489
9223;T11074
9224;T17605
9225;T21558
9226;T36258
9227;T10451
9228;T08793
9229;T24560
9230;T16236
9231;T20728
9232;T04852
9233;T00933
9234;T13694
9235;T11535
9236;T13190
9237;T23648
9238;T23427
9239;T50801
9240;T17030
9241;T13280
9242;T18995
9243;T13040
9244;T12749
9245;T14354
9246;T22527
9247;T37035
9248;T10190
9249;T23624
9250;T24786
9251;T16487
9252;T12910
9253;T12986
9254;T12878
9255;T13003
9256;T00601
9257;T00846
9258;T22600
9259;T60231
9260;T24869
9261;T24355
9262;T26204
9263;T10702
9264;T13109
9265;T22728
9266;T67013
9267;T15489
9268;T12844
9269;T14641
9270;T00459
9271;T13445
9272;T08448
9273;T65757
9274;T13676
9275;T03174
9276;T00198
9277;T17803
9278;T10393
9279;T54148
9280;T18107
9281;T10753
9282;T06520
9283;T00098
9284;T14030
9285;T14573
9286;T15152
9287;T13115
9288;T22183
9289;T20671
9290;T15951
9291;T10307
9292;T21883
9293;T15302
9294;T08034
9295;T00599
9296;T22086
9297;T19170
9298;T17826
9299;T07026
9300;T25213
9301;T20414
9302;T36538
9303;T33635
9304;T54316
9305;T17661
9306;T26378
9307;T23050
9308;T14020
9309;T52639
9310;T02815
9311;T23814
9312;T00151
9313;T24256
9314;T15696
9315;T11061
9316;T21715
9317;T04708
9318;T05108
9319;T11319
9320;T11517
9321;T01998
9322;T21048
9323;T25444
9324;T25789
9325;T13100
9326;T17129
9327;T21560
9328;T06258
9329;T68895
9330;T06621
9331;T29623
9332;T22523
9333;T01690
9334;T14408
9335;T19958
9336;T19944
9337;T32516
9338;T20033
9339;T12879
9340;T10846
9341;T20717
9342;T15206
9343;T14207
9344;T19055
9345;T06145
9346;T18403
9347;T12490
9348;T22295
9349;T00742
9350;T22166
9351;T14211
9352;T19751
9353;T15825
9354;T56890
9355;T52603
9356;T00725
9357;T17530
9358;T23463
9359;T25659
9360;T17362
9361;T14514
9362;T04370
9363;T23041
9364;T22774
9365;T21784
9366;T23207
9367;T12321
9368;T10954
9369;T14267
9370;T15466
9371;T20266
9372;T29552
9373;T18965
9374;T00848
9375;T16065
9376;T14258
9377;T00557
9378;T06625
9379;T17831
9380;T33159
9381;T12989
9382;T21060
9383;T17882
9384;T25769
9385;T23171
9386;T14294
9387;T25494
9388;T22325
9389;T18106
9390;T11974
9391;T06103
9392;T18838
9393;T15315
9394;T02011
9395;T15768
9396;T21250
9397;T15237
9398;T22342
9399;T00129
9400;T15773
9401;T19359
9402;T19710
9403;T13291
9404;T16769
9405;T17712
9406;T21551
9407;T15198
9408;T19225
9409;T23794
9410;T15019
9411;T23893
9412;T11122
9413;T18076
9414;T22376
9415;T04904
9416;T66399
9417;T24008
9418;T17366
9419;T24010
9420;T69211
9421;T16977
9422;T53985
9423;T19327
9424;T57184
9425;T15664
9426;T15113
9427;T12281
9428;T18011
9429;T17456
9430;T11664
9431;T00185
9432;T16215
9433;T19537
9434;T11601
9435;T22828
9436;T03900
9437;T13174
9438;T15882
9439;T14559
9440;T14113
9441;T66017
9442;T19953
9443;T23922
9444;T25623
9445;T65071
9446;T00427
9447;T14383
9448;T22621
9449;T13528
9450;T09964
9451;T21661
9452;T22548
9453;T53500
9454;T11482
9455;T25777
9456;T66636
9457;T13802
9458;T01888
9459;T02892
9460;T18970
9461;T25179
9462;T11983
9463;T23379
9464;T16332
9465;T13164
9466;T09283
9467;T19160
9468;T54124
9469;T18380
9470;T07801
9471;T27623
9472;T52655
9473;T19773
9474;T16372
9475;T18840
9476;T34020
9477;T12223
9478;T18923
9479;T12593
9480;T16719
9481;T23716
9482;T33215
9483;T00762
9484;T00173
9485;T18219
9486;T21062
9487;T14995
9488;T12861
9489;T16294
9490;T23873
9491;T18854
9492;T19617
9493;T13041
9494;T21451
9495;T19911
9496;T41115
9497;T02925
9498;T15518
9499;T19603
9500;T10695
9501;T11115
9502;T10216
9503;T10904
9504;T18363
9505;T01104
9506;T15459
9507;T24134
9508;T19126
9509;T17919
9510;T15071
9511;T13405
9512;T66838
9513;T17644
9514;T10694
9515;T00014
9516;T20534
9517;T27344
9518;T26917
9519;T18151
9520;T14567
9521;T17440
9522;T21239
9523;T19638
9524;T32552
9525;T18623
9526;T21905
9527;T01256
9528;T00906
9529;T20521
9530;T22449
9531;T25803
9532;T00731
9533;T19479
9534;T54204
9535;T11401
9536;T03391
9537;T20783
9538;T15094
9539;T20890
9540;T20072
9541;T15448
9542;T18162
9543;T02515
9544;T23243
9545;T19110
9546;T28584
9547;T18598
9548;T20984
9549;T20602
9550;T19345
9551;T19020
9552;T21833
9553;T20446
9554;T13525
9555;T15788
9556;T19284
9557;T25594
9558;T24755
9559;T19312
9560;T36626
9561;T25523
9562;T06199
9563;T22021
9564;T15033
9565;T15246
9566;T00797
9567;T21413
9568;T14577
9569;T11442
9570;T00061
9571;T27557
9572;T18546
9573;T16998
9574;T24289
9575;T22170
9576;T17027
9577;T16896
9578;T10052
9579;T20466
9580;T22840
9581;T10270
9582;T12464
9583;T00317
9584;T15390
9585;T19442
9586;T69226
9587;T25610
9588;T10909
9589;T17917
9590;T18693
9591;T13271
9592;T31733
9593;T22545
9594;T13258
9595;T15425
9596;T18341
9597;T25697
9598;T20228
9599;T11658
9600;T03124
9601;T23993
9602;T21893
9603;T21861
9604;T17532
9605;T20493
9606;T29205
9607;T14289
9608;T01100
9609;T12828
9610;T17329
9611;T07884
9612;T13609
9613;T17387
9614;T19482
9615;T20846
9616;T12941
9617;T15035
9618;T19196
9619;T25141
9620;T12402
9621;T21435
9622;T14380
9623;T23351
9624;T36313
9625;T22530
9626;T16446
9627;T11259
9628;T16829
9629;T09491
9630;T20541
9631;T11225
9632;T15558
9633;T17442
9634;T00650
9635;T16633
9636;T22579
9637;T05715
9638;T22113
9639;T02188
9640;T15509
9641;T18425
9642;T13770
9643;T43740
9644;T08159
9645;T21219
9646;T14889
9647;T13303
9648;T11062
9649;T21363
9650;T17316
9651;T21976
9652;T02124
9653;T17041
9654;T22531
9655;T23894
9656;T16250
9657;T18587
9658;T23687
9659;T19412
9660;T22559
9661;T23805
9662;T17782
9663;T07766
9664;T23760
9665;T24077
9666;T09686
9667;T15500
9668;T08947
9669;T10411
9670;T11063
9671;T07202
9672;T29119
9673;T13338
9674;T24045
9675;T33263
9676;T09106
9677;T10311
9678;T14078
9679;T23906
9680;T16363
9681;T23975
9682;T25552
9683;T20030
9684;T15678
9685;T16131
9686;T20825
9687;T13427
9688;T00446
9689;T15934
9690;T00934
9691;T15866
9692;T00370
9693;T34480
9694;T69272
9695;T04817
9696;T22809
9697;T18731
9698;T22650
9699;T22437
9700;T18688
9701;T17790
9702;T17744
9703;T21403
9704;T23457
9705;T05261
9706;T13360
9707;T10447
9708;T12064
9709;T36237
9710;T08323
9711;T10145
9712;T19973
9713;T22724
9714;T17485
9715;T19888
9716;T19900
9717;T00051
9718;T27902
9719;T05541
9720;T18741
9721;T13925
9722;T54723
9723;T23556
9724;T19532
9725;T14613
9726;T14548
9727;T15027
9728;T15405
9729;T18346
9730;T20620
9731;T14680
9732;T22399
9733;T02243
9734;T12476
9735;T07752
9736;T20917
9737;T14480
9738;T00338
9739;T24221
9740;T00752
9741;T52634
9742;T18333
9743;T69348
9744;T13495
9745;T22734
9746;T00703
9747;T11888
9748;T23401
9749;T20168
9750;T12636
9751;T15308
9752;T16480
9753;T14509
9754;T15635
9755;T00645
9756;T23956
9757;T23254
9758;T15784
9759;T23862
9760;T23051
9761;T16654
9762;T13636
9763;T03515
9764;T12568
9765;T19150
9766;T03459
9767;T23045
9768;T17930
9769;T15193
9770;T23704
9771;T19919
9772;T14327
9773;T15836
9774;T20489
9775;T09079
9776;T69222
9777;T00347
9778;T15392
9779;T23698
9780;T12235
9781;T10159
9782;T03259
9783;T10217
9784;T03337
9785;T15008
9786;T15329
9787;T22546
9788;T11847
9789;T20213
9790;T26156
9791;T15539
9792;T13026
9793;T02254
9794;T16870
9795;T22164
9796;T17414
9797;T01662
9798;T19517
9799;T16726
9800;T21146
9801;T20788
9802;T21408
9803;T15048
9804;T16172
9805;T19178
9806;T22019
9807;T00987
9808;T11224
9809;T11970
9810;T23193
9811;T06761
9812;T15804
9813;T24982
9814;T13324
9815;T12470
9816;T00293
9817;T13330
9818;T01956
9819;T14542
9820;T18814
9821;T04284
9822;T21102
9823;T15461
9824;T25674
9825;T14272
9826;T10344
9827;T15440
9828;T13180
9829;T20689
9830;T16038
9831;T15366
9832;T12394
9833;T11379
9834;T13879
9835;T23067
9836;T36592
9837;T18161
9838;T22560
9839;T01989
9840;T13179
9841;T15159
9842;T11058
9843;T02148
9844;T23914
9845;T23376
9846;T14971
9847;T12704
9848;T14568
9849;T04389
9850;T02560
9851;T06193
9852;T10192
9853;T24376
9854;T01259
9855;T18943
9856;T02434
9857;T20791
9858;T21900
9859;T17859
9860;T16590
9861;T09363
9862;T15037
9863;T02100
9864;T07540
9865;T16635
9866;T22752
9867;T10723
9868;T01576
9869;T10784
9870;T07863
9871;T03248
9872;T17577
9873;T07610
9874;T24735
9875;T06473
9876;T05923
9877;T01661
9878;T01109
9879;T00063
9880;T03282
9881;T00013
9882;T20516
9883;T11593
9884;T07350
9885;T12721
9886;T10494
9887;T24806
9888;T14232
9889;T16254
9890;T16267
9891;T29559
9892;T16674
9893;T17235
9894;T23348
9895;T15841
9896;T17589
9897;T16321
9898;T17879
9899;T11400
9900;T22283
9901;T02494
9902;T21709
9903;T24043
9904;T15789
9905;T11772
9906;T02628
9907;T03497
9908;T11676
9909;T22049
9910;T11129
9911;T22636
9912;T66490
9913;T05858
9914;T17396
9915;T15727
9916;T11933
9917;T08889
9918;T22871
9919;T13853
9920;T20497
9921;T16943
9922;T11863
9923;T20351
9924;T13195
9925;T66076
9926;T13148
9927;T24196
9928;T12662
9929;T25755
9930;T19375
9931;T22890
9932;T10284
9933;T24567
9934;T16478
9935;T11723
9936;T22316
9937;T23631
9938;T19700
9939;T30051
9940;T14718
9941;T18557
9942;T14463
9943;T18172
9944;T10038
9945;T12452
9946;T17491
9947;T25662
9948;T10796
9949;T20915
9950;T22366
9951;T20178
9952;T15022
9953;T18132
9954;T06064
9955;T19267
9956;T07516
9957;T22110
9958;T69254
9959;T14642
9960;T10348
9961;T13122
9962;T10418
9963;T14924
9964;T20087
9965;T11673
9966;T12143
9967;T12625
9968;T13290
9969;T16205
9970;T03504
9971;T26177
9972;T16956
9973;T20694
9974;T22354
9975;T03448
9976;T18649
9977;T19209
9978;T03122
9979;T00163
9980;T24668
9981;T15802
9982;T17051
9983;T19646
9984;T17308
9985;T06918
9986;T36973
9987;T14489
9988;T22574
9989;T21538
9990;T18420
9991;T16910
9992;T15812
9993;T15811
9994;T52785
9995;T12435
9996;T12031
9997;T17467
9998;T23032
9999;T15168
10000;T14138
10001;T59649
10002;T15320
10003;T12723
10004;T01172
10005;T00926
10006;T02302
10007;T60669
10008;T14054
10009;T07173
10010;T14044
10011;T00997
10012;T00970
10013;T19935
10014;T17022
10015;T17069
10016;T21736
10017;T15272
10018;T16639
10019;T12067
10020;T20874
10021;T20546
10022;T31673
10023;T19926
10024;T18906
10025;T21604
10026;T09785
10027;T16493
10028;T18925
10029;T11195
10030;T02195
10031;T21360
10032;T12130
10033;T11161
10034;T06377
10035;T25726
10036;T11608
10037;T11281
10038;T12817
10039;T18600
10040;T22887
10041;T14540
10042;T12769
10043;T18129
10044;T43427
10045;T14319
10046;T06560
10047;T17259
10048;T21843
10049;T15605
10050;T69392
10051;T04500
10052;T12163
10053;T16276
10054;T10869
10055;T15702
10056;T01207
10057;T16718
10058;T14266
10059;T20619
10060;T16564
10061;T10438
10062;T17985
10063;T61193
10064;T09561
10065;T18167
10066;T13370
10067;T05347
10068;T23011
10069;T21755
10070;T30346
10071;T10571
10072;T18685
10073;T00303
10074;T36601
10075;T14390
10076;T55215
10077;T12509
10078;T15089
10079;T22400
10080;T19105
10081;T21024
10082;T24351
10083;T03909
10084;T22117
10085;T25413
10086;T01774
10087;T25254
10088;T00641
10089;T57077
10090;T01482
10091;T24563
10092;T16381
10093;T19237
10094;T09503
10095;T09662
10096;T04157
10097;T13993
10098;T14342
10099;T18660
10100;T00660
10101;T21906
10102;T17055
10103;T15474
10104;T23479
10105;T16810
10106;T15146
10107;T00560
10108;T24267
10109;T00826
10110;T18790
10111;T16208
10112;T01414
10113;T12151
10114;T17556
10115;T16722
10116;T13412
10117;T14407
10118;T19098
10119;T27336
10120;T20800
10121;T21361
10122;T16353
10123;T16824
10124;T24371
10125;T21605
10126;T13767
10127;T10325
10128;T10328
10129;T19031
10130;T45006
10131;T16736
10132;T14736
10133;T15437
10134;T14047
10135;T15455
10136;T13825
10137;T14242
10138;T05320
10139;T16988
10140;T15770
10141;T21006
10142;T10802
10143;T15888
10144;T23400
10145;T22918
10146;T19730
10147;T10714
10148;T66884
10149;T24004
10150;T15869
10151;T21999
10152;T18574
10153;T69414
10154;T05178
10155;T22479
10156;T57501
10157;T25483
10158;T18821
10159;T12356
10160;T18493
10161;T10326
10162;T10933
10163;T03924
10164;T09489
10165;T17119
10166;T12177
10167;T19414
10168;T07648
10169;T37213
10170;T09143
10171;T11829
10172;T14314
10173;T11001
10174;T00996
10175;T00298
10176;T15092
10177;T10914
10178;T18395
10179;T16730
10180;T16712
10181;T13439
10182;T11773
10183;T05111
10184;T20068
10185;T20287
10186;T12028
10187;T13529
10188;T10137
10189;T16715
10190;T07457
10191;T20666
10192;T05180
10193;T19721
10194;T53130
10195;T21166
10196;T23977
10197;T18381
10198;T23200
10199;T60088
10200;T14716
10201;T10849
10202;T15691
10203;T14745
10204;T16325
10205;T23720
10206;T10457
10207;T66572
10208;T16142
10209;T23269
10210;T19422
10211;T22274
10212;T20388
10213;T60070
10214;T18176
10215;T22264
10216;T68904
10217;T21778
10218;T19824
10219;T22629
10220;T16884
10221;T66948
10222;T19707
10223;T19219
10224;T17475
10225;T02534
10226;T18394
10227;T16508
10228;T06250
10229;T04145
10230;T10866
10231;T10859
10232;T17940
10233;T21002
10234;T00957
10235;T13001
10236;T17536
10237;T23850
10238;T18045
10239;T00642
10240;T23144
10241;T35046
10242;T13689
10243;T10607
10244;T02394
10245;T00941
10246;T25618
10247;T07247
10248;T03095
10249;T56853
10250;T12068
10251;T25314
10252;T15075
10253;T00450
10254;T43669
10255;T19737
10256;T01269
10257;T20810
10258;T05117
10259;T36603
10260;T31900
10261;T24099
10262;T02061
10263;T19727
10264;T08359
10265;T10346
10266;T13018
10267;T22380
10268;T04523
10269;T07504
10270;T05819
10271;T14028
10272;T15781
10273;T14570
10274;T14353
10275;T19419
10276;T01331
10277;T16903
10278;T18684
10279;T00578
10280;T01632
10281;T21798
10282;T18103
10283;T15755
10284;T23231
10285;T11273
10286;T18110
10287;T12428
10288;T20654
10289;T51669
10290;T06515
10291;T18625
10292;T05697
10293;T07867
10294;T15434
10295;T10996
10296;T25728
10297;T13095
10298;T05013
10299;T00325
10300;T45440
10301;T24927
10302;T67695
10303;T00492
10304;T13634
10305;T10401
10306;T13909
10307;T04838
10308;T23542
10309;T13346
10310;T08394
10311;T19865
10312;T11540
10313;T22763
10314;T19129
10315;T12812
10316;T12166
10317;T65874
10318;T13403
10319;T10692
10320;T00214
10321;T18534
10322;T15154
10323;T09698
10324;T14378
10325;T21966
10326;T13406
10327;T21557
10328;T00021
10329;T16014
10330;T02943
10331;T08969
10332;T05067
10333;T11459
10334;T25719
10335;T22284
10336;T20273
10337;T20693
10338;T14543
10339;T21640
10340;T10582
10341;T10922
10342;T18429
10343;T57776
10344;T23128
10345;T13974
10346;T07416
10347;T15666
10348;T17091
10349;T15197
10350;T00077
10351;T14896
10352;T13637
10353;T12962
10354;T04513
10355;T23832
10356;T22071
10357;T17251
10358;T07738
10359;T02633
10360;T14914
10361;T29659
10362;T20965
10363;T19182
10364;T12837
10365;T08061
10366;T12950
10367;T14775
10368;T10716
10369;T03225
10370;T56781
10371;T04353
10372;T25117
10373;T23781
10374;T00964
10375;T12925
10376;T14100
10377;T12018
10378;T14235
10379;T10794
10380;T64639
10381;T37265
10382;T20652
10383;T07420
10384;T22245
10385;T07004
10386;T19378
10387;T00453
10388;T18981
10389;T20855
10390;T11587
10391;T03794
10392;T08865
10393;T16916
10394;T24005
10395;T13560
10396;T58827
10397;T20364
10398;T18462
10399;T45017
10400;T21734
10401;T21198
10402;T22914
10403;T12518
10404;T16143
10405;T14783
10406;T14748
10407;T12492
10408;T24281
10409;T26179
10410;T20363
10411;T18606
10412;T17393
10413;T16085
10414;T01110
10415;T24085
10416;T03748
10417;T16748
10418;T59894
10419;T23689
10420;T43713
10421;T03086
10422;T65851
10423;T16573
10424;T23876
10425;T15581
10426;T25207
10427;T00701
10428;T18980
10429;T12319
10430;T43675
10431;T12946
10432;T15827
10433;T04997
10434;T14063
10435;T06687
10436;T20002
10437;T17265
10438;T09311
10439;T18164
10440;T17902
10441;T17932
10442;T17934
10443;T17933
10444;T17962
10445;T18515
10446;T18500
10447;T20972
10448;T12724
10449;T18864
10450;T66356
10451;T10917
10452;T47847
10453;T09814
10454;T18911
10455;T14490
10456;T16124
10457;T23518
10458;T03307
10459;T13388
10460;T43869
10461;T00109
10462;T13469
10463;T16438
10464;T20580
10465;T19526
10466;T13977
10467;T18147
10468;T07056
10469;T21991
10470;T17056
10471;T05980
10472;T01258
10473;T17317
10474;T15346
10475;T29577
10476;T20482
10477;T24625
10478;T12751
10479;T24518
10480;T17881
10481;T12326
10482;T04764
10483;T15331
10484;T07899
10485;T13664
10486;T19634
10487;T13442
10488;T22932
10489;T16074
10490;T09149
10491;T35158
10492;T24988
10493;T02976
10494;T16022
10495;T22863
10496;T00495
10497;T23040
10498;T06702
10499;T25658
10500;T32833
10501;T17260
10502;T02424
10503;T22441
10504;T23971
10505;T45134
10506;T27228
10507;T22979
10508;T02101
10509;T16850
10510;T08063
10511;T29609
10512;T17741
10513;T24359
10514;T10089
10515;T07322
10516;T15436
10517;T09771
10518;T69378
10519;T15447
10520;T00320
10521;T22263
10522;T23214
10523;T21425
10524;T17634
10525;T18116
10526;T19181
10527;T23482
10528;T24752
10529;T11569
10530;T00610
10531;T14782
10532;T13539
10533;T14705
10534;T12610
10535;T24123
10536;T18415
10537;T20577
10538;T20827
10539;T24133
10540;T02691
10541;T23639
10542;T16857
10543;T22864
10544;T16549
10545;T20799
10546;T32792
10547;T57181
10548;T11769
10549;T20555
10550;T00028
10551;T03588
10552;T15915
10553;T20044
10554;T11674
10555;T16252
10556;T13384
10557;T13070
10558;T22893
10559;T22819
10560;T65073
10561;T13947
10562;T56319
10563;T12014
10564;T10479
10565;T13783
10566;T17484
10567;T22350
10568;T12736
10569;T02131
10570;T12770
10571;T13331
10572;T16768
10573;T12239
10574;T55218
10575;T24972
10576;T11327
10577;T13868
10578;T15613
10579;T15754
10580;T05069
10581;T26181
10582;T15582
10583;T24007
10584;T06806
10585;T21444
10586;T15828
10587;T06169
10588;T24122
10589;T16105
10590;T12054
10591;T00078
10592;T09982
10593;T11484
10594;T00126
10595;T14401
10596;T14595
10597;T12752
10598;T18444
10599;T01780
10600;T69301
10601;T20444
10602;T15524
10603;T18382
10604;T18883
10605;T65431
10606;T15571
10607;T19806
10608;T23030
10609;T18441
10610;T05465
10611;T22309
10612;T13569
10613;T19578
10614;T19698
10615;T00398
10616;T69284
10617;T13322
10618;T10908
10619;T22131
10620;T22806
10621;T13307
10622;T17330
10623;T18488
10624;T19722
10625;T13648
10626;T25374
10627;T23827
10628;T19813
10629;T52911
10630;T16101
10631;T17487
10632;T16845
10633;T11241
10634;T04318
10635;T04918
10636;T12529
10637;T21267
10638;T25031
10639;T60561
10640;T22481
10641;T12269
10642;T01066
10643;T27274
10644;T27505
10645;T22059
10646;T10992
10647;T18475
10648;T22830
10650;T14192
10651;T24904
10652;T20650
10653;T00451
10654;T15266
10655;T20953
10656;T11892
10657;T11171
10658;T44731
10659;T13545
10660;T22360
10661;T16185
10662;T00800
10663;T24131
10664;T00065
10665;T18284
10666;T16452
10667;T22812
10668;T25588
10669;T21647
10670;T13409
10671;T13149
10672;T18060
10673;T19971
10674;T22919
10675;T14488
10676;T12985
10677;T10776
10678;T06460
10679;T02651
10680;T17120
10681;T16361
10682;T37139
10683;T22680
10684;T14522
10685;T14890
10686;T05650
10687;T14187
10688;T14797
10689;T15860
10690;T18375
10691;T16136
10692;T11432
10693;T13135
10694;T13904
10695;T23942
10696;T12440
10697;T20010
10698;T20009
10699;T27435
10700;T26305
10701;T23808
10702;T21312
10703;T24335
10704;T02165
10705;T14431
10706;T18339
10707;T17211
10708;T24969
10709;T08062
10710;T14784
10711;T14071
10712;T22849
10713;T24970
10714;T22928
10715;T01906
10716;T09963
10717;T12291
10718;T14869
10719;T19370
10720;T07298
10721;T00243
10722;T69218
10723;T17367
10724;T23014
10725;T18090
10726;T18384
10727;T10825
10728;T13368
10729;T01291
10730;T05224
10731;T15336
10732;T21256
10733;T23188
10734;T04511
10735;T14257
10736;T08726
10737;T41578
10738;T25066
10739;T16814
10740;T52277
10741;T61638
10742;T21491
10743;T23359
10744;T56984
10745;T12006
10746;T20804
10747;T04831
10748;T18627
10749;T19344
10750;T12401
10751;T21998
10752;T12651
10753;T06784
10754;T25105
10755;T19398
10756;T18758
10757;T16914
10758;T08345
10759;T20188
10760;T04913
10761;T02024
10762;T06334
10763;T14780
10764;T10711
10765;T10689
10766;T11667
10767;T04023
10768;T10335
10769;T17449
10770;T09267
10771;T16945
10772;T15180
10773;T11843
10774;T14801
10775;T16011
10776;T02706
10777;T02000
10778;T59959
10779;T11794
10780;T52755
10781;T07514
10782;T18354
10783;T10891
10784;T20126
10785;T02054
10786;T02094
10787;T15235
10788;T21140
10789;T20870
10790;T18828
10791;T22361
10792;T31989
10793;T19769
10794;T21566
10795;T22241
10796;T09288
10797;T16089
10798;T20961
10799;T10036
10800;T08745
10801;T22382
10802;T14405
10803;T04110
10804;T01605
10805;T19154
10806;T51704
10807;T00091
10808;T18345
10809;T13782
10810;T15971
10811;T22999
10812;T19013
10813;T36234
10814;T18368
10815;T47378
10816;T26413
10817;T17897
10818;T01517
10819;T20226
10820;T25394
10821;T11299
10822;T69412
10823;T69214
10824;T56226
10825;T04993
10826;T05141
10827;T04867
10828;T08253
10829;T19801
10830;T13452
10831;T19630
10832;T04301
10833;T06528
10834;T04547
10835;T02938
10836;T05290
10837;T17133
10838;T15927
10839;T16093
10840;T16094
10841;T21559
10842;T03629
10843;T13236
10844;T13851
10845;T69286
10846;T24702
10847;T13948
10848;T22865
10849;T21783
10850;T13181
10851;T13847
10852;T15205
10853;T22222
10854;T18083
10855;T14935
10856;T02223
10857;T24437
10858;T24924
10859;T00435
10860;T00618
10861;T22460
10862;T65671
10863;T27337
10864;T15996
10865;T08184
10866;T19976
10867;T12674
10868;T15592
10869;T03873
10870;T27174
10871;T16892
10872;T23696
10873;T17212
10874;T66902
10875;T16191
10876;T19685
10877;T23566
10878;T15838
10879;T64932
10880;T19746
10881;T26338
10882;T12430
10883;T10353
10884;T10391
10885;T14877
10886;T15024
10887;T23017
10888;T20391
10889;T19390
10890;T07651
10891;T01803
10892;T17169
10893;T19410
10894;T15597
10895;T00930
10896;T24234
10897;T27371
10898;T22335
10899;T14137
10900;T02236
10901;T07862
10902;T05832
10903;T15600
10904;T01290
10905;T14439
10906;T16473
10907;T12091
10908;T17612
10909;T06478
10910;T11685
10911;T04107
10912;T15292
10913;T47026
10914;T21729
10915;T12448
10916;T11429
10917;T12838
10918;T00073
10919;T14531
10920;T14557
10921;T01096
10922;T20661
10923;T01793
10924;T10400
10925;T16819
10926;T25621
10927;T06153
10928;T18115
10929;T13009
10930;T25391
10931;T12309
10932;T45253
10933;T24547
10934;T16401
10935;T17360
10936;T31680
10937;T36751
10938;T20098
10939;T22880
10940;T12710
10941;T21718
10942;T16797
10943;T23868
10944;T23362
10945;T14768
10946;T02961
10947;T66463
10948;T25792
10949;T23981
10950;T66495
10951;T15015
10952;T21004
10953;T06111
10954;T15160
10955;T16409
10956;T21282
10957;T36777
10958;T61207
10959;T12219
10960;T14366
10961;T13590
10962;T11867
10963;T17761
10964;T01688
10965;T26335
10966;T11012
10967;T52912
10968;T56246
10969;T43723
10970;T16345
10971;T02609
10972;T14055
10973;T07482
10974;T01653
10975;T05909
10976;T04646
10978;T04901
10979;T20143
10980;T23504
10981;T08457
10982;T14198
10983;T10750
10984;T13209
10985;T14988
10986;T25562
10987;T12110
10988;T11976
10989;T17435
10990;T17880
10991;T02033
10992;T21803
10993;T11134
10994;T10903
10995;T21650
10996;T02012
10997;T17042
10998;T13920
10999;T23327
11000;T17351
11001;T16865
11002;T23499
11003;T11841
11004;T30039
11005;T10040
11006;T11020
11007;T22387
11008;T23377
11009;T13855
11010;T22542
11011;T53120
11012;T11800
11013;T52869
11014;T24697
11015;T14209
11016;T11437
11017;T15065
11018;T10855
11019;T03141
11020;T16521
11021;T11209
11022;T11937
11023;T61320
11024;T25507
11025;T21113
11026;T25278
11027;T19553
11028;T08294
11029;T65826
11030;T22096
11031;T01153
11032;T20302
11033;T12024
11034;T00659
11035;T30121
11036;T22446
11037;T25545
11038;T24979
11039;T21641
11040;T21673
11041;T01608
11042;T13230
11043;T21939
11044;T20380
11045;T13934
11046;T18915
11047;T24688
11048;T57785
11049;T18185
11050;T04153
11051;T14423
11052;T26965
11053;T60741
11054;T14264
11055;T04719
11056;T10782
11057;T13351
11058;T04855
11059;T00318
11060;T15531
11061;T07931
11062;T09563
11063;T11278
11064;T14916
11065;T18043
11066;T25665
11067;T02293
11068;T60221
11069;T03172
11070;T10407
11071;T17397
11072;T02046
11073;T13555
11074;T23020
11075;T24579
11076;T53014
11077;T00387
11078;T18201
11079;T25333
11080;T15409
11081;T05119
11082;T00718
11083;T20939
11084;T13418
11085;T21660
11086;T03061
11087;T24219
11088;T23092
11089;T05873
11090;T18023
11091;T18237
11092;T19158
11093;T21844
11094;T12209
11095;T08476
11096;T11077
11097;T14084
11098;T20147
11099;T20247
11100;T25029
11101;T24968
11102;T20212
11103;T18879
11104;T16119
11105;T00874
11106;T20867
11107;T16624
11108;T12984
11109;T17342
11110;T10653
11111;T12663
11112;T23803
11113;T19628
11114;T20896
11115;T00709
11116;T00103
11117;T22704
11118;T17173
11119;T61323
11120;T12587
11121;T07399
11122;T16526
11123;T00086
11124;T17624
11125;T17188
11126;T43797
11127;T00477
11128;T18297
11129;T11376
11130;T17344
11131;T01058
11132;T06978
11133;T19877
11134;T15512
11135;T20475
11136;T08799
11137;T26277
11138;T14818
11139;T22247
11140;T19069
11141;T23705
11142;T19942
11143;T13153
11144;T16572
11145;T52757
11146;T10988
11147;T14879
11148;T14755
11149;T18208
11150;T10918
11151;T19549
11152;T08333
11153;T10492
11154;T10440
11155;T65264
11156;T59217
11157;T20346
11158;T52710
11159;T18896
11160;T04138
11161;T01766
11162;T10459
11163;T12491
11164;T05231
11165;T16161
11166;T13479
11167;T21750
11168;T24566
11169;T21767
11170;T14202
11171;T25209
11172;T09759
11173;T16400
11174;T14687
11175;T00218
11176;T29639
11177;T01368
11178;T03222
11179;T11252
11180;T11870
11181;T45441
11182;T21811
11183;T13601
11184;T08078
11185;T12974
11186;T15411
11187;T16238
11188;T19901
11189;T19683
11190;T23130
11191;T15017
11192;T14396
11193;T16064
11194;T00631
11195;T22578
11196;T01685
11197;T18197
11198;T00621
11199;T07923
11200;T10822
11201;T16320
11202;T15579
11203;T05810
11204;T65664
11205;T20958
11206;T04463
11207;T16450
11208;T12198
11209;T00054
11210;T24115
11211;T18239
11212;T21281
11213;T21467
11214;T19753
11215;T22178
11216;T12759
11217;T19967
11218;T18521
11219;T55688
11220;T01492
11221;T20985
11222;T02900
11223;T01032
11224;T07491
11225;T18180
11226;T21473
11227;T00869
11228;T24810
11229;T56525
11230;T15588
11231;T18786
11232;T14906
11233;T20012
11234;T23080
11235;T23078
11236;T13126
11237;T06082
11238;T21822
11239;T12329
11240;T26154
11241;T14508
11242;T00113
11243;T13669
11244;T16782
11245;T15912
11246;T14652
11247;T19249
11248;T02209
11249;T02204
11250;T21682
11251;T66936
11252;T17518
11253;T17722
11254;T02167
11255;T18744
11256;T21714
11257;T00670
11258;T14332
11259;T05381
11260;T16616
11261;T18195
11262;T23647
11263;T11212
11264;T13302
11265;T10254
11266;T15108
11267;T19251
11268;T11501
11269;T02072
11270;T06522
11271;T10572
11272;T02175
11273;T08016
11274;T02066
11275;T20342
11276;T00275
11277;T67694
11278;T04338
11279;T03543
11280;T07165
11281;T20610
11282;T02742
11283;T23097
11284;T08265
11285;T07637
11286;T02028
11287;T23165
11288;T08572
11289;T09915
11290;T33445
11291;T16312
11292;T09091
11293;T12851
11294;T01551
11295;T09295
11296;T19201
11297;T00912
11298;T07841
11299;T01857
11300;T14591
11301;T00991
11302;T13898
11303;T09799
11304;T20317
11305;T18597
11306;T16540
11307;T13859
11308;T18300
11309;T20331
11310;T18165
11311;T21947
11312;T15894
11313;T00072
11314;T66220
11315;T12888
11316;T23433
11317;T19913
11318;T21502
11319;T38482
11320;T20185
11321;T00069
11322;T11786
11323;T22718
11324;T00665
11325;T07995
11326;T19433
11327;T69365
11328;T23502
11329;T10615
11330;T17209
11331;T03420
11332;T10055
11333;T05326
11334;T18230
11335;T15913
11336;T06136
11337;T14713
11338;T56062
11339;T22124
11340;T15470
11341;T21896
11342;T00202
11343;T19459
11344;T21530
11345;T11044
11346;T14086
11347;T18963
11348;T22891
11349;T00760
11350;T11993
11351;T25211
11352;T21610
11353;T17989
11354;T02149
11355;T23008
11356;T11706
11357;T22031
11358;T05493
11359;T07196
11360;T21345
11361;T18644
11362;T23345
11363;T19377
11364;T09317
11365;T00465
11366;T18218
11367;T67148
11368;T23582
11369;T13353
11370;T09821
11371;T12120
11372;T09233
11373;T18815
11374;T21670
11375;T23126
11376;T18143
11377;T18266
11378;T00112
11379;T15445
11380;T13980
11381;T16421
11382;T12026
11383;T61319
11384;T04436
11385;T17285
11386;T09315
11387;T17768
11388;T24116
11389;T07176
11390;T26263
11391;T17797
11392;T11852
11393;T13172
11394;T21039
11395;T29603
11396;T01195
11397;T16395
11398;T10804
11399;T12106
11400;T02739
11401;T19635
11402;T69396
11403;T06764
11404;T19703
11405;T22423
11406;T17423
11407;T07837
11408;T25180
11409;T15639
11410;T20691
11411;T22797
11412;T16755
11413;T12832
11414;T02159
11415;T16990
11416;T00359
11417;T00493
11418;T17346
11419;T06755
11420;T25596
11421;T20407
11422;T21616
11423;T21596
11424;T21941
11425;T11728
11426;T01289
11427;T05674
11428;T17269
11429;T20486
11430;T22911
11431;T11929
11432;T15961
11433;T30980
11434;T14478
11435;T14485
11436;T00736
11437;T22948
11438;T23369
11439;T06591
11440;T17282
11441;T21984
11442;T00125
11443;T14668
11444;T21902
11445;T18868
11446;T10387
11447;T18560
11448;T17203
11449;T21617
11450;T24027
11451;T16816
11452;T03834
11453;T14066
11454;T20304
11455;T10637
11456;T56210
11457;T13467
11458;T26108
11459;T21756
11460;T08198
11461;T16323
11462;T19326
11463;T15817
11464;T33393
11465;T04521
11466;T19648
11467;T06809
11468;T10971
11469;T14336
11470;T15718
11471;T00646
11472;T07117
11473;T16951
11474;T13025
11475;T13253
11476;T03446
11477;T21152
11478;T24067
11479;T16216
11480;T21417
11481;T03303
11482;T21059
11483;T13930
11484;T20708
11485;T21771
11486;T14248
11487;T01556
11488;T10797
11489;T03015
11490;T14360
11491;T14179
11492;T59915
11493;T18573
11494;T20586
11495;T20404
11496;T13197
11497;T18293
11498;T00538
11499;T18780
11500;T18095
11501;T33512
11502;T09337
11503;T09014
11504;T06645
11505;T23555
11506;T18548
11507;T30956
11508;T36610
11509;T24282
11510;T17096
11511;T03361
11512;T22626
11513;T60789
11514;T19914
11515;T23990
11516;T19983
11517;T17418
11518;T18261
11519;T36611
11520;T00968
11521;T14962
11522;T22794
11523;T14476
11524;T52679
11525;T21793
11526;T52947
11527;T27382
11528;T64070
11529;T03522
11530;T21624
11531;T23522
11532;T22640
11533;T28798
11534;T18533
11535;T20515
11536;T19611
11537;T16955
11538;T23315
11539;T19735
11540;T21936
11541;T18738
11542;T16523
11543;T22944
11544;T20283
11545;T15293
11546;T18089
11547;T61648
11548;T18298
11549;T12139
11550;T19162
11551;T11614
11552;T11198
11553;T22146
11554;T13159
11555;T02340
11556;T14970
11557;T18417
11558;T25663
11559;T18715
11560;T22977
11561;T22793
11562;T05634
11563;T14190
11564;T05223
11565;T18099
11566;T19536
11567;T14921
11568;T20649
11569;T20809
11570;T23091
11571;T52591
11572;T08014
11573;T14315
11574;T00355
11575;T18987
11576;T40769
11577;T20832
11578;T11730
11579;T01792
11580;T53060
11581;T17999
11582;T61354
11583;T23132
11584;T14994
11585;T18720
11586;T19475
11587;T30914
11588;T24522
11589;T15185
11590;T20183
11591;T60001
11592;T03781
11593;T23619
11594;T69402
11595;T19918
11596;T11010
11597;T23088
11598;T01820
11599;T12471
11600;T19323
11601;T12020
11602;T13633
11603;T16290
11604;T19998
11605;T27211
11606;T20767
11607;T19121
11608;T10712
11609;T22721
11610;T69266
11611;T18282
11612;T53361
11613;T21276
11614;T14040
11615;T27235
11616;T15475
11617;T13038
11618;T12343
11619;T00712
11620;T21514
11621;T22277
11622;T12900
11623;T00615
11624;T17769
11625;T25740
11626;T16270
11627;T13870
11628;T17857
11629;T25385
11630;T14131
11631;T19563
11632;T24014
11633;T22947
11634;T18785
11635;T10437
11636;T16991
11637;T13184
11638;T18637
11639;T19584
11640;T11108
11641;T01648
11642;T20946
11643;T17038
11644;T21609
11645;T20028
11646;T16076
11647;T20989
11648;T18234
11649;T15931
11650;T14349
11651;T18871
11652;T15247
11653;T15465
11654;T36479
11655;T00261
11656;T17101
11657;T13050
11658;T22886
11659;T01317
11660;T16622
11661;T10728
11662;T21110
11663;T48575
11664;T05442
11665;T36830
11666;T04613
11667;T04291
11668;T17689
11669;T10074
11670;T01130
11671;T14998
11672;T15553
11673;T11739
11674;T17946
11675;T14547
11676;T14585
11677;T22808
11678;T20551
11679;T22381
11680;T08158
11681;T27263
11682;T17843
11683;T27290
11684;T25571
11685;T22651
11686;T23932
11687;T16567
11688;T16671
11689;T17126
11690;T15686
11691;T14619
11692;T14328
11693;T24101
11694;T20952
11695;T19487
11696;T21064
11697;T18222
11698;T25476
11699;T47043
11700;T17250
11701;T09389
11702;T07742
11703;T17481
11704;T36794
11705;T25151
11706;T19923
11707;T25125
11708;T05897
11709;T02503
11710;T13066
11711;T23169
11712;T12503
11713;T19601
11714;T10899
11715;T23172
11716;T25625
11717;T21658
11718;T15476
11719;T14052
11720;T52779
11721;T43539
11722;T24562
11723;T15948
11724;T17280
11725;T18025
11726;T18724
11727;T59274
11728;T23665
11729;T07453
11730;T17255
11731;T66855
11732;T15217
11733;T19423
11734;T31563
11735;T07630
11736;T19623
11737;T20635
11738;T22468
11739;T20806
11740;T10396
11741;T10395
11742;T21942
11743;T61643
11744;T13243
11745;T00899
11746;T53528
11747;T13732
11748;T00635
11749;T01129
11750;T22209
11751;T19959
11752;T21264
11753;T19253
11754;T07097
11755;T17573
11756;T56565
11757;T20640
11758;T20907
11759;T21125
11760;T10745
11761;T23643
11762;T25345
11763;T43782
11764;T21404
11765;T13905
11766;T16856
11767;T15583
11768;T16544
11769;T20318
11770;T13616
11771;T14429
11772;T16199
11773;T24544
11774;T07745
11775;T23420
11776;T02264
11777;T19939
11778;T22654
11779;T01729
11780;T09847
11781;T34967
11782;T19091
11783;T14867
11784;T69370
11785;T19956
11786;T25693
11787;T56799
11788;T56712
11789;T21075
11790;T20061
11791;T23661
11792;T25806
11793;T16798
11794;T14389
11795;T18569
11796;T00274
11797;T17814
11798;T18773
11799;T53079
11800;T20005
11801;T22907
11802;T22662
11803;T19428
11804;T11111
11805;T18039
11806;T24993
11807;T00332
11808;T20688
11809;T16456
11810;T13283
11811;T10167
11812;T19483
11813;T14009
11814;T21547
11815;T11766
11816;T06703
11817;T22317
11818;T00248
11819;T52968
11820;T09490
11821;T19894
11822;T20279
11823;T04051
11824;T11711
11825;T20670
11826;T13211
11827;T23796
11828;T20352
11829;T06550
11830;T18310
11831;T06270
11832;T12038
11833;T01445
11834;T13282
11835;T01202
11836;T12257
11837;T23454
11838;T52975
11839;T10232
11840;T25643
11841;T19078
11842;T33862
11843;T18792
11844;T14162
11845;T18258
11846;T10408
11847;T01004
11848;T43647
11849;T06248
11850;T36265
11851;T17554
11852;T27403
11853;T20428
11854;T13776
11855;T22478
11856;T19893
11857;T22778
11858;T15505
11859;T69342
11860;T18996
11861;T19417
11862;T07788
11863;T22897
11864;T00392
11865;T23488
11866;T18972
11867;T10718
11868;T05551
11869;T56012
11870;T02239
11871;T52758
11872;T22365
11873;T21665
11874;T20437
11875;T21401
11876;T05498
11877;T04375
11878;T03460
11879;T22010
11880;T20348
11881;T02084
11882;T15444
11883;T21268
11884;T14727
11885;T18672
11886;T13461
11887;T25464
11888;T23715
11889;T21230
11890;T19608
11891;T22045
11892;T01861
11893;T19405
11894;T18414
11895;T07232
11896;T22974
11897;T22767
11898;T18377
11899;T02206
11900;T00777
11901;T20911
11902;T12814
11903;T18944
11904;T12813
11905;T21349
11906;T12009
11907;T06320
11908;T54201
11909;T22528
11910;T05851
11911;T16806
11912;T18312
11913;T16379
11914;T20000
11915;T00528
11916;T03679
11917;T17752
11918;T19045
11919;T44841
11920;T14639
11922;T32318
11923;T12532
11924;T18491
11925;T18619
11926;T20770
11927;T07393
11928;T10638
11929;T14165
11930;T19065
11931;T19204
11932;T22624
11933;T24379
11934;T19650
11935;T02152
11936;T13103
11937;T17258
11938;T02458
11939;T15810
11940;T36984
11941;T22576
11942;T04933
11943;T21779
11944;T14541
11945;T37083
11946;T10282
11947;T22149
11948;T69337
11949;T20416
11950;T11141
11951;T07673
11952;T14169
11953;T01159
11954;T03469
11955;T22053
11956;T20662
11957;T08884
11958;T12973
11959;T12150
11960;T22070
11961;T05004
11962;T31779
11963;T14982
11964;T11597
11965;T53110
11966;T53113
11967;T04556
11968;T17669
11969;T02769
11970;T15667
11971;T21386
11972;T15856
11973;T18321
11974;T03103
11975;T13497
11976;T18707
11977;T20690
11978;T16232
11979;T02450
11980;T14805
11982;T03272
11983;T13709
11984;T08172
11985;T18956
11986;T22219
11987;T21412
11988;T18280
11989;T20375
11990;T03449
11991;T16304
11992;T10015
11993;T01369
11994;T15608
11995;T12170
11996;T21082
11997;T17780
11998;T01597
11999;T11617
12000;T20607
12001;T02388
12002;T21746
12003;T03804
12004;T03139
12005;T17004
12006;T23418
12007;T22677
12008;T19838
12009;T06653
12010;T18428
12011;T13702
12012;T10761
12013;T16084
12014;T18257
12015;T07547
12016;T17593
12017;T00984
12018;T67328
12019;T20669
12020;T12657
12021;T11819
12022;T69160
12023;T29417
12024;T22185
12025;T06089
12026;T00682
12027;T17287
12028;T21554
12029;T20684
12030;T28750
12031;T16072
12032;T23810
12033;T22554
12034;T21260
12035;T36406
12036;T15995
12037;T00167
12038;T11740
12039;T00945
12040;T10894
12041;T01119
12042;T25583
12043;T52807
12044;T18040
12045;T14449
12046;T08984
12047;T01277
12048;T09555
12049;T11625
12050;T21674
12051;T22475
12052;T20184
12053;T18497
12054;T13486
12055;T19728
12056;T00231
12057;T06299
12058;T66684
12059;T19963
12060;T07829
12061;T01638
12062;T24961
12063;T02972
12064;T19809
12065;T04631
12066;T25702
12067;T02603
12068;T22281
12069;T09276
12070;T21409
12071;T17696
12072;T18393
12073;T24593
12074;T20581
12075;T23642
12076;T03118
12077;T20063
12078;T19400
12079;T02271
12080;T21676
12081;T20115
12082;T08571
12083;T15368
12084;T47138
12085;T20764
12086;T53135
12087;T13090
12088;T21358
12089;T13535
12090;T19936
12091;T13639
12092;T03837
12093;T14155
12094;T12388
12095;T22988
12096;T19527
12097;T17570
12098;T17072
12099;T15712
12100;T17789
12101;T17812
12102;T51374
12103;T23052
12104;T17982
12105;T17858
12106;T00739
12107;T11446
12108;T29198
12109;T14067
12110;T20396
12111;T19592
12112;T17884
12113;T12383
12114;T24528
12115;T01360
12116;T09074
12117;T17463
12118;T21330
12119;T18374
12120;T23601
12121;T14249
12122;T04094
12123;T01878
12124;T01311
12125;T21817
12126;T17199
12127;T17176
12128;T23441
12129;T11955
12130;T11118
12131;T06225
12132;T43553
12133;T13764
12134;T09924
12135;T12497
12136;T18857
12137;T21961
12138;T00602
12139;T52560
12140;T10733
12141;T20359
12142;T19794
12143;T11369
12144;T11051
12145;T67007
12146;T15314
12147;T21570
12148;T12764
12149;T01397
12150;T14721
12151;T17560
12152;T22613
12153;T20872
12154;T67014
12155;T09554
12156;T22935
12157;T18894
12158;T01916
12159;T23549
12160;T00244
12161;T23257
12162;T22742
12163;T15907
12164;T44675
12165;T27339
12166;T27370
12167;T46300
12168;T16981
12169;T01224
12170;T44246
12171;T16410
12172;T18628
12173;T22847
12174;T36250
12175;T60371
12176;T11777
12177;T23807
12178;T20116
12179;T00362
12180;T52899
12181;T20105
12182;T23926
12183;T10676
12184;T23928
12185;T17514
12186;T09475
12187;T10434
12188;T10790
12189;T16513
12190;T53984
12191;T23544
12192;T17611
12193;T26925
12194;T14866
12195;T22085
12196;T14046
12197;T19783
12198;T25701
12199;T21542
12200;T16804
12201;T19360
12202;T17981
12203;T10972
12204;T19822
12205;T22832
12206;T06644
12207;T23955
12208;T21835
12209;T10547
12210;T52736
12211;T36228
12212;T01182
12213;T46356
12214;T11430
12215;T22120
12216;T15257
12217;T07255
12218;T22672
12219;T19834
12220;T20625
12221;T18120
12223;T00139
12224;T65570
12225;T09456
12226;T20848
12227;T19265
12228;T25620
12229;T21044
12230;T61639
12231;T14026
12232;T19339
12233;T06569
12234;T15855
12235;T17650
12236;T17654
12237;T25146
12238;T14529
12239;T22161
12240;T24338
12241;T33675
12242;T19222
12243;T22211
12244;T04027
12245;T33255
12246;T23818
12247;T23374
12248;T22896
12249;T18682
12250;T18471
12251;T22878
12252;T23033
12253;T18064
12254;T20294
12255;T35097
12256;T22266
12257;T36276
12258;T25632
12259;T43952
12260;T09773
12261;T15078
12262;T23445
12263;T16285
12264;T08468
12265;T16370
12266;T12310
12267;T23312
12268;T18316
12269;T18898
12270;T09062
12271;T20571
12272;T19124
12273;T23278
12274;T19362
12275;T24291
12276;T37252
12277;T37217
12278;T22023
12279;T45133
12280;T23527
12281;T66946
12282;T06058
12283;T17150
12284;T23634
12285;T23439
12286;T11068
12287;T14281
12288;T69246
12289;T45598
12290;T65263
12291;T17954
12292;T23991
12293;T69420
12294;T46119
12295;T19125
12296;T19134
12297;T10939
12298;T22719
12299;T66806
12300;T18411
12301;T19802
12302;T16327
12303;T07611
12304;T63140
12305;T12647
12306;T25708
12307;T20504
12308;T19357
12309;T23307
12310;T18680
12311;T00033
12312;T03194
12313;T18278
12314;T20077
12315;T19495
12316;T20319
12317;T12630
12318;T19058
12319;T18056
12320;T60758
12321;T15100
12322;T10878
12323;T18400
12324;T16432
12325;T19682
12326;T06168
12327;T53160
12328;T23123
12329;T18449
12330;T22744
12331;T18884
12332;T10349
12333;T21327
12334;T17864
12335;T25140
12336;T20440
12337;T25642
12338;T45614
12339;T11486
12340;T26132
12341;T13335
12342;T17256
12343;T19701
12344;T10544
12345;T21841
12346;T22725
12347;T14358
12348;T69206
12349;T14236
12350;T01087
12351;T13434
12352;T17403
12353;T13235
12354;T10567
12355;T36231
12356;T11275
12357;T16948
12358;T18726
12359;T01176
12360;T10271
12361;T19521
12362;T10654
12363;T18962
12364;T03741
12365;T19374
12366;T12716
12367;T16630
12368;T29323
12369;T66216
12370;T19680
12371;T37096
12372;T25700
12373;T06655
12374;T19908
12375;T00015
12376;T13034
12377;T37089
12378;T21028
12379;T19161
12380;T17335
12381;T10061
12382;T20389
12383;T23410
12384;T65240
12385;T08817
12386;T09604
12387;T20762
12388;T22300
12389;T22038
12390;T08317
12391;T13533
12392;T14563
12393;T19120
12394;T36938
12395;T69308
12396;T10456
12397;T00447
12398;T09359
12399;T19831
12400;T09406
12401;T22500
12402;T19522
12403;T17678
12404;T20568
12405;T18080
12406;T52917
12407;T23949
12408;T22696
12409;T17065
12410;T24930
12411;T22311
12412;T11200
12413;T23425
12414;T25428
12415;T05155
12416;T23156
12417;T19804
12418;T11805
12419;T15761
12420;T20584
12421;T09689
12422;T19955
12423;T09776
12424;T00436
12425;T20047
12426;T69233
12427;T24129
12428;T66206
12429;T15580
12430;T19777
12431;T18418
12432;T12637
12433;T25637
12434;T23778
12435;T12921
12436;T14825
12437;T26421
12438;T09971
12439;T25713
12440;T23602
12441;T23616
12442;T29553
12444;T22058
12445;T01225
12446;T15625
12447;T20598
12448;T25386
12449;T23699
12450;T18224
12451;T20267
12452;T22214
12453;T25488
12454;T09487
12455;T56282
12456;T48052
12457;T17552
12458;T15363
12459;T26238
12460;T19805
12461;T11594
12462;T29416
12463;T22678
12464;T21228
12465;T10557
12466;T23963
12467;T14503
12468;T00779
12469;T23236
12470;T19252
12471;T12649
12472;T17242
12473;T11613
12474;T10577
12475;T16863
12476;T17208
12477;T00138
12478;T08483
12479;T20773
12480;T21080
12481;T23249
12482;T20438
12483;T17736
12484;T19113
12485;T19044
12486;T24992
12487;T17684
12488;T18618
12489;T15226
12490;T19006
12491;T53171
12492;T14333
12493;T19015
12494;T26281
12495;T29330
12496;T14367
12497;T19907
12498;T16576
12499;T14073
12500;T16679
12501;T23776
12502;T19440
12503;T11856
12504;T24513
12505;T18998
12506;T21243
12507;T13458
12508;T17793
12509;T23902
12510;T56830
12511;T09266
12512;T14226
12513;T10766
12514;T19884
12515;T10853
12516;T23341
12517;T17755
12518;T13823
12519;T08454
12520;T29419
12521;T23626
12522;T23363
12523;T12660
12524;T27377
12525;T07824
12526;T12384
12527;T32826
12528;T01440
12529;T04054
12530;T20251
12531;T20784
12532;T11285
12533;T00649
12534;T16750
12535;T17990
12536;T68891
12537;T23206
12538;T24055
12539;T18594
12540;T12174
12541;T55538
12542;T14426
12543;T16194
12544;T19704
12545;T19179
12546;T15357
12547;T12659
12548;T20303
12549;T00299
12550;T14602
12551;T01962
12552;T14870
12553;T05604
12554;T31657
12555;T29465
12556;T15999
12557;T21977
12558;T15801
12559;T00532
12560;T00157
12561;T14952
12562;T14672
12563;T10803
12564;T23332
12565;T21159
12566;T21155
12567;T01569
12568;T07758
12569;T60640
12570;T00637
12571;T69196
12572;T13701
12573;T14200
12574;T37256
12575;T00060
12576;T23750
12577;T26218
12578;T22018
12579;T67704
12580;T22888
12581;T23285
12582;T25130
12583;T26283
12584;T43893
12585;T43964
12586;T27566
12587;T15941
12588;T17849
12589;T15645
12590;T56218
12591;T59220
12592;T10937
12593;T25526
12594;T00802
12595;T37220
12596;T23929
12597;T23930
12598;T16859
12599;T18119
12600;T23006
12601;T20296
12602;T13340
12603;T36272
12604;T16872
12605;T15899
12606;T16895
12607;T21527
12608;T19029
12609;T20675
12610;T15872
12611;T21544
12612;T18530
12613;T07431
12614;T17936
12615;T19758
12616;T13111
12617;T17210
12618;T01623
12619;T18611
12620;T43369
12621;T19038
12622;T66013
12623;T18529
12624;T16980
12625;T22698
12626;T15633
12627;T04721
12628;T20695
12629;T14553
12630;T06989
12631;T11078
12632;T11218
12633;T00031
12634;T06857
12635;T16206
12636;T21656
12637;T12708
12638;T14299
12639;T68905
12640;T00609
12641;T06380
12642;T22848
12643;T29660
12644;T03824
12645;T03608
12646;T37306
12647;T16869
12648;T23633
12649;T17116
12650;T32799
12651;T62010
12652;T21426
12653;T25771
12654;T04200
12655;T23526
12656;T20172
12657;T20439
12658;T18113
12659;T21407
12660;T16397
12661;T22817
12662;T08466
12663;T05638
12664;T10868
12665;T15708
12666;T16315
12667;T15759
12668;T21837
12669;T49430
12670;T20815
12671;T19890
12672;T24334
12673;T17965
12674;T61644
12675;T23961
12676;T17293
12677;T17217
12678;T20330
12679;T14022
12680;T19083
12681;T10839
12682;T19472
12683;T22580
12684;T12585
12685;T16634
12686;T00668
12687;T20297
12688;T21824
12689;T02078
12690;T21118
12691;T13400
12692;T56783
12693;T13314
12694;T16364
12695;T17241
12696;T10831
12697;T23938
12698;T05305
12699;T13124
12700;T13552
12701;T13586
12702;T11014
12703;T21197
12704;T01809
12705;T22163
12706;T07667
12707;T19365
12708;T09700
12709;T21101
12710;T09477
12711;T12125
12712;T12717
12713;T19897
12714;T01993
12715;T11260
12716;T57426
12717;T20025
12718;T19067
12719;T19229
12720;T16777
12721;T19857
12722;T22051
12723;T69354
12724;T18704
12725;T29197
12726;T17834
12727;T12884
12728;T31720
12729;T45985
12730;T22855
12731;T20372
12732;T00943
12733;T15138
12734;T23831
12735;T19788
12736;T12815
12737;T10973
12738;T03424
12739;T69417
12740;T24132
12741;T04415
12742;T09529
12743;T36467
12744;T19203
12745;T13496
12746;T02270
12747;T00052
12748;T13287
12749;T22384
12750;T01724
12751;T01669
12752;T00141
12753;T03963
12754;T13543
12755;T07576
12756;T17195
12757;T15989
12758;T01980
12759;T17540
12760;T13722
12761;T00813
12762;T07853
12763;T06999
12764;T15946
12765;T10091
12766;T22879
12767;T12282
12768;T23583
12769;T22367
12770;T10356
12771;T24771
12772;T07761
12773;T01712
12774;T23580
12775;T13036
12777;T15309
12778;T11891
12779;T19393
12780;T29412
12781;T21138
12782;T08189
12783;T15731
12784;T11378
12785;T25430
12786;T20019
12787;T16830
12788;T18893
12789;T23513
12790;T20922
12791;T22385
12792;T01474
12793;T00245
12794;T66079
12795;T21949
12796;T13079
12797;T20875
12798;T12614
12799;T19714
12800;T69259
12801;T20624
12802;T05589
12803;T00513
12804;T20211
12805;T13428
12806;T15975
12807;T23572
12808;T22764
12809;T14379
12810;T17005
12811;T20253
12812;T33882
12813;T17445
12814;T22276
12815;T24473
12816;T02874
12817;T36464
12818;T10549
12819;T10548
12820;T23833
12821;T13901
12822;T13558
12823;T21581
12824;T05262
12825;T13531
12826;T19733
12827;T22845
12828;T32235
12829;T65253
12830;T13803
12831;T23382
12832;T27325
12833;T61085
12834;T43702
12835;T14303
12836;T21588
12837;T19820
12838;T23853
12839;T22101
12840;T02201
12841;T10439
12842;T07535
12843;T20138
12844;T10502
12845;T10194
12846;T22310
12847;T17347
12848;T69409
12849;T11732
12850;T12214
12851;T13309
12852;T12480
12853;T15575
12854;T02098
12855;T17409
12856;T22521
12857;T01868
12858;T04840
12859;T26178
12860;T19551
12861;T13423
12862;T08185
12863;T24742
12864;T54087
12865;T69295
12866;T17444
12867;T21366
12868;T21450
12869;T09134
12870;T22782
12871;T65811
12872;T22895
12873;T17224
12874;T11364
12875;T15400
12876;T19205
12877;T21631
12878;T03727
12879;T06449
12880;T04970
12881;T15562
12882;T21007
12883;T52966
12884;T22740
12885;T18016
12886;T11984
12887;T07621
12888;T01299
12889;T20861
12890;T22544
12891;T20361
12892;T20114
12893;T21922
12894;T20814
12895;T21395
12896;T20270
12897;T08327
12898;T12953
12899;T14835
12900;T22042
12901;T20470
12902;T11883
12903;T13785
12904;T02824
12905;T16202
12906;T03899
12907;T21523
12908;T15399
12909;T08107
12910;T03692
12911;T25395
12912;T15090
12913;T23489
12914;T23350
12915;T11875
12916;T00576
12917;T21748
12918;T17504
12919;T17908
12920;T12714
12921;T21845
12922;T18609
12923;T19622
12924;T12638
12925;T22709
12926;T56240
12927;T55965
12928;T20639
12929;T22152
12930;T08637
12931;T23179
12932;T23589
12933;T19510
12934;T45005
12935;T20245
12936;T00254
12937;T56241
12938;T12908
12939;T20970
12940;T20450
12941;T26299
12942;T01500
12943;T04164
12944;T01806
12945;T66819
12946;T24631
12947;T24662
12948;T22682
12949;T16710
12950;T01565
12951;T13241
12952;T25690
12953;T66454
12954;T01781
12955;T05609
12956;T20402
12957;T69413
12958;T36540
12959;T05364
12960;T04330
12961;T61634
12962;T43741
12963;T25509
12964;T25508
12965;T52549
12966;T01746
12967;T22069
12968;T60384
12969;T23724
12970;T17273
12971;T11247
12972;T15697
12973;T11895
12974;T05969
12975;T52765
12976;T21380
12977;T16852
12978;T64911
12979;T16844
12980;T18907
12981;T01227
12982;T15695
12983;T08365
12984;T25080
12985;T19111
12986;T20160
12987;T17462
12988;T04517
12989;T14609
12990;T03067
12991;T01017
12992;T17506
12993;T22992
12994;T33476
12995;T17257
12996;T18579
12997;T18540
12998;T05430
12999;T21728
13000;T19562
13001;T02996
13002;T21553
13003;T20853
13004;T17469
13005;T20859
13006;T06218
13007;T15120
13008;T12039
13009;T21806
13010;T20975
13011;T22598
13012;T14417
13013;T21583
13014;T05157
13015;T05405
13016;T04219
13017;T04069
13018;T43760
13019;T69262
13020;T24143
13021;T20780
13022;T27243
13023;T03689
13024;T53767
13025;T23133
13026;T18775
13027;T03011
13028;T10246
13029;T11846
13030;T21210
13031;T20883
13032;T36232
13033;T12757
13034;T15914
13035;T24062
13036;T21524
13037;T15905
13038;T21184
13039;T01451
13040;T17425
13041;T10487
13042;T33479
13043;T09955
13044;T19837
13045;T00339
13046;T18233
13047;T21180
13048;T01810
13049;T20593
13050;T01655
13051;T56451
13052;T18710
13053;T15819
13054;T14947
13055;T17925
13056;T22714
13057;T18150
13058;T16019
13059;T12173
13060;T22225
13061;T18522
13062;T18650
13063;T18888
13064;T17019
13065;T25165
13066;T17728
13067;T41729
13068;T16028
13069;T23470
13070;T36555
13071;T13918
13072;T22067
13073;T02800
13074;T02785
13075;T23435
13076;T69329
13077;T24922
13078;T29415
13079;T14700
13080;T23039
13081;T14453
13082;T20611
13083;T11269
13084;T17327
13085;T17658
13086;T43720
13087;T19042
13088;T03988
13089;T04050
13090;T05307
13091;T05663
13092;T20230
13093;T20813
13094;T15175
13095;T28956
13096;T15818
13097;T10986
13098;T21985
13099;T19381
13100;T12372
13101;T09098
13102;T08392
13103;T17039
13104;T16746
13105;T08168
13106;T22913
13107;T08891
13108;T23918
13109;T18338
13110;T20796
13111;T19644
13112;T07492
13113;T08120
13114;T16263
13115;T02202
13116;T07410
13117;T28461
13118;T07677
13119;T02407
13120;T00281
13121;T24276
13122;T09466
13123;T12226
13124;T10919
13125;T04795
13126;T19115
13127;T66625
13128;T15587
13129;T14875
13130;T23801
13131;T20962
13132;T23465
13133;T18695
13134;T61084
13135;T25423
13136;T19062
13137;T21430
13138;T23964
13139;T23983
13140;T56223
13141;T22235
13142;T24721
13143;T10580
13144;T05630
13145;T06383
13146;T33410
13147;T45107
13148;T12906
13149;T13267
13150;T03168
13151;T12917
13152;T17021
13153;T25392
13154;T11598
13155;T23627
13156;T14958
13157;T17375
13158;T21397
13159;T15557
13160;T19336
13161;T61165
13162;T05461
13163;T19848
13164;T18476
13165;T07711
13166;T28568
13167;T22162
13168;T14515
13169;T16818
13170;T13592
13171;T22346
13172;T13162
13173;T07572
13174;T17390
13175;T00765
13176;T15481
13177;T17824
13178;T01133
13179;T19450
13180;T20685
13181;T02053
13182;T17000
13183;T00686
13184;T03412
13185;T18264
13186;T26291
13187;T00256
13188;T03892
13189;T16048
13190;T24515
13191;T13706
13192;T00316
13193;T24271
13194;T22972
13195;T23725
13196;T01393
13197;T00678
13198;T53544
13199;T12511
13200;T19503
13201;T43423
13202;T21981
13203;T19795
13204;T66892
13205;T21721
13206;T25169
13207;T23074
13208;T20045
13209;T18247
13210;T16751
13211;T16382
13212;T03537
13213;T19306
13214;T22147
13215;T22807
13216;T00728
13217;T37047
13218;T14600
13219;T11825
13220;T65414
13221;T09240
13222;T17852
13223;T05986
13224;T13800
13225;T25555
13226;T18456
13227;T24092
13228;T69361
13229;T00271
13230;T25675
13231;T04000
13232;T13893
13233;T18559
13234;T09204
13235;T22779
13236;T04188
13237;T61159
13238;T18705
13239;T18155
13240;T21143
13241;T09899
13242;T04376
13243;T18181
13244;T22259
13245;T69302
13246;T19131
13247;T09069
13248;T04873
13249;T20187
13250;T02339
13251;T13681
13252;T24328
13253;T13725
13254;T22692
13255;T16791
13256;T23591
13257;T19673
13258;T01827
13259;T16548
13260;T24259
13261;T10807
13262;T16466
13263;T08844
13264;T20647
13265;T16894
13266;T18551
13267;T31550
13268;T60370
13269;T23167
13270;T16959
13271;T18290
13272;T21975
13273;T25591
13274;T15890
13275;T00308
13276;T25344
13277;T27267
13278;T22242
13279;T01762
13280;T15687
13281;T08017
13282;T04101
13283;T27620
13284;T20119
13285;T01752
13286;T00962
13287;T15653
13288;T16012
13289;T16648
13290;T04759
13291;T14951
13292;T19982
13293;T12323
13294;T13769
13295;T24269
13296;T01723
13297;T20746
13298;T00782
13299;T21597
13300;T22099
13301;T58069
13302;T19274
13303;T03053
13304;T21549
13305;T16091
13306;T18211
13307;T20413
13308;T11448
13309;T69298
13310;T22922
13311;T20667
13312;T13509
13313;T22858
13314;T22057
13315;T23145
13316;T18123
13317;T18885
13318;T06389
13319;T21017
13320;T02358
13321;T14145
13322;T54851
13323;T18624
13324;T12922
13325;T13444
13326;T13691
13327;T16904
13328;T18217
13329;T23561
13330;T08240
13331;T13176
13332;T66060
13333;T17303
13334;T23711
13335;T15742
13336;T22394
13337;T18877
13338;T22796
13339;T08241
13340;T13696
13341;T10151
13342;T14270
13343;T00913
13344;T00737
13345;T20986
13346;T41587
13347;T19754
13348;T15858
13349;T03021
13350;T25670
13351;T22462
13352;T16862
13353;T08736
13354;T16311
13355;T23844
13356;T14035
13357;T17842
13358;T18495
13359;T01753
13360;T18671
13361;T52787
13362;T23999
13363;T14260
13364;T16054
13365;T22839
13366;T22689
13367;T23432
13368;T22363
13369;T07468
13370;T23094
13371;T21275
13372;T19293
13373;T24658
13374;T20869
13375;T21813
13376;T17854
13377;T13349
13378;T04748
13379;T18979
13380;T69217
13381;T11853
13382;T07250
13383;T13810
13384;T09791
13385;T12890
13386;T37179
13387;T22534
13388;T21521
13389;T10999
13390;T08766
13391;T21066
13392;T20015
13393;T22543
13394;T54088
13395;T16175
13396;T01508
13397;T20223
13398;T22826
13399;T23431
13400;T43673
13401;T10590
13402;T07326
13403;T19358
13404;T10523
13405;T12979
13406;T16356
13407;T21585
13408;T10236
13409;T18942
13410;T20067
13411;T24262
13412;T21908
13413;T01626
13414;T12730
13415;T17778
13416;T04986
13417;T12678
13418;T04468
13419;T21753
13420;T14214
13421;T04779
13422;T08029
13423;T13883
13424;T12004
13425;T12854
13426;T00685
13427;T02427
13428;T20503
13429;T13218
13430;T23295
13431;T25580
13432;T17878
13433;T08748
13434;T16786
13435;T13482
13436;T09232
13437;T01866
13438;T45165
13439;T21141
13440;T14321
13441;T01101
13442;T12521
13443;T01018
13444;T61491
13445;T46338
13446;T11522
13447;T00681
13448;T15883
13449;T13160
13450;T13875
13451;T02230
13452;T19943
13453;T01118
13454;T12022
13455;T00553
13456;T16934
13457;T52686
13458;T23786
13459;T10934
13460;T13047
13461;T56083
13462;T56649
13463;T19250
13464;T18506
13465;T29633
13466;T36809
13467;T53080
13468;T15884
13469;T00378
13470;T16879
13471;T11097
13472;T17159
13473;T29432
13474;T02356
13475;T09548
13476;T11946
13477;T69411
13478;T53114
13479;T11226
13480;T19596
13481;T01307
13482;T57180
13483;T21790
13484;T22883
13485;T14828
13486;T19198
13487;T15901
13488;T31817
13489;T21009
13490;T16157
13491;T19263
13492;T69394
13493;T12549
13494;T18405
13495;T13508
13496;T01108
13497;T02025
13498;T19940
13499;T15847
13500;T15443
13501;T15657
13502;T24980
13503;T20860
13504;T29440
13505;T17872
13506;T17992
13507;T22867
13508;T24949
13509;T06177
13510;T01223
13511;T11036
13512;T15408
13513;T20004
13514;T16716
13515;T18767
13516;T20987
13517;T10109
13518;T01273
13519;T14204
13520;T11454
13521;T23840
13522;T19340
13523;T08084
13524;T13478
13525;T22332
13526;T25168
13527;T18114
13528;T13842
13529;T00910
13530;T13581
13531;T11796
13532;T19047
13533;T22288
13534;T05544
13535;T13503
13536;T22237
13537;T18194
13538;T17164
13539;T12945
13540;T25794
13541;T22052
13542;T21781
13543;T36854
13544;T24712
13545;T19768
13546;T15660
13547;T14240
13548;T11655
13549;T02898
13550;T12799
13551;T12798
13552;T20539
13553;T14250
13554;T01342
13555;T49442
13556;T03743
13557;T12274
13558;T17410
13559;T22561
13560;T13816
13561;T11105
13562;T18652
13563;T18851
13564;T10226
13565;T10225
13566;T15631
13567;T10222
13568;T15632
13569;T17891
13570;T17894
13571;T17376
13572;T17892
13573;T15772
13574;T16090
13575;T15823
13576;T19488
13577;T16610
13578;T22347
13579;T69344
13580;T15614
13581;T14300
13582;T16428
13583;T12632
13584;T12631
13585;T23744
13586;T12407
13587;T20522
13588;T17225
13589;T11029
13590;T02093
13591;T69380
13592;T60926
13593;T10856
13594;T26236
13595;T18709
13596;T69416
13597;T20347
13598;T01495
13599;T15990
13600;T07819
13601;T21634
13602;T11958
13603;T02932
13604;T21578
13605;T12523
13606;T12915
13607;T66065
13608;T65546
13609;T20755
13610;T23660
13611;T18364
13612;T20415
13613;T27622
13614;T12939
13615;T10768
13616;T21911
13617;T19688
13618;T24018
13619;T15166
13620;T28793
13621;T01583
13622;T01581
13623;T20155
13624;T26217
13625;T21123
13626;T17718
13627;T25388
13628;T23338
13629;T22022
13630;T45110
13631;T21319
13632;T16225
13633;T22132
13634;T44672
13635;T23852
13636;T20562
13637;T00653
13638;T21229
13639;T04857
13640;T18389
13641;T18154
13642;T20173
13643;T17452
13644;T11016
13645;T19731
13646;T36811
13647;T23326
13648;T07012
13649;T04016
13650;T00440
13651;T10896
13652;T07252
13653;T24052
13654;T16293
13655;T21438
13656;T21137
13657;T23777
13658;T17044
13659;T23606
13660;T19507
13661;T44557
13662;T22307
13663;T23296
13664;T06492
13665;T24550
13666;T19654
13667;T19767
13668;T21618
13669;T16152
13670;T06953
13671;T03686
13672;T23394
13673;T05885
13674;T14153
13675;T04425
13676;T05481
13677;T16196
13678;T20200
13679;T21023
13680;T01883
13681;T19448
13682;T12027
13683;T16843
13684;T14099
13685;T12056
13686;T19708
13687;T10482
13688;T14465
13689;T15715
13690;T00066
13691;T10334
13692;T10499
13693;T14345
13694;T19656
13695;T21419
13696;T22160
13697;T19663
13698;T02212
13699;T11234
13700;T54175
13701;T08606
13702;T15367
13703;T13205
13704;T55690
13705;T24833
13706;T16860
13707;T22401
13708;T10176
13709;T19607
13710;T17983
13711;T22194
13712;T37268
13713;T22492
13714;T22331
13715;T00260
13716;T04563
13717;T27203
13718;T08195
13719;T12988
13720;T17971
13721;T11096
13722;T43814
13723;T11783
13724;T13061
13725;T19619
13726;T19372
13727;T12794
13728;T19329
13729;T66131
13730;T11052
13731;T10165
13732;T25116
13733;T19814
13734;T20122
13735;T63052
13736;T18277
13737;T36539
13738;T16212
13739;T21518
13740;T61629
13741;T07284
13742;T06919
13743;T03852
13744;T66016
13745;T07779
13746;T32777
13747;T21920
13748;T17587
13749;T16340
13750;T01045
13751;T07991
13752;T12500
13753;T23545
13754;T00950
13755;T07926
13756;T15698
13757;T18872
13758;T18124
13759;T19724
13760;T23192
13761;T18385
13762;T14649
13763;T07299
13764;T05149
13765;T00953
13766;T03721
13767;T26107
13768;T18314
13769;T17076
13770;T10319
13771;T45091
13772;T15821
13773;T15051
13774;T14714
13775;T04712
13776;T20481
13777;T14386
13778;T13711
13779;T09625
13780;T09871
13781;T00866
13782;T15619
13783;T22853
13784;T16772
13785;T23673
13786;T00040
13787;T07550
13788;T10378
13789;T10614
13790;T17479
13791;T01548
13792;T03440
13793;T16871
13794;T00121
13795;T61526
13796;T39302
13797;T00723
13798;T66837
13799;T21515
13800;T03278
13801;T14072
13802;T25493
13803;T23745
13804;T16077
13805;T07174
13806;T04482
13807;T21247
13808;T06710
13809;T20256
13810;T18494
13811;T16512
13812;T10774
13813;T14369
13814;T17604
13815;T24826
13816;T21875
13817;T21170
13818;T13199
13819;T12732
13820;T02338
13821;T15744
13822;T22912
13823;T44588
13824;T23979
13825;T27299
13826;T19764
13827;T10357
13828;T69292
13829;T11687
13830;T21285
13831;T02741
13832;T11649
13833;T16545
13834;T12145
13835;T18590
13836;T19745
13837;T05382
13838;T53773
13839;T17618
13840;T23533
13841;T21716
13842;T18953
13843;T29944
13844;T25741
13845;T18656
13846;T13809
13847;T15601
13848;T13817
13849;T26304
13850;T19452
13851;T22785
13852;T45192
13853;T18050
13854;T18292
13855;T22267
13856;T14706
13857;T16632
13858;T07288
13859;T03187
13860;T22803
13861;T46318
13862;T25550
13863;T23139
13864;T13928
13865;T22875
13866;T00917
13867;T22196
13868;T22271
13869;T05559
13870;T02256
13871;T20041
13872;T11487
13873;T14246
13874;T65301
13875;T21130
13876;T60664
13877;T01755
13878;T10604
13879;T18626
13880;T12590
13881;T02756
13882;T07070
13883;T06067
13884;T19765
13885;T20851
13886;T22254
13887;T00402
13888;T19289
13889;T19979
13890;T20260
13891;T20723
13892;T05894
13893;T16589
13894;T00584
13895;T24103
13896;T02194
13897;T18723
13898;T02189
13899;T06295
13900;T23937
13901;T49443
13902;T18555
13903;T04738
13904;T15958
13905;T05706
13906;T23574
13907;T14208
13908;T16402
13909;T12332
13910;T16418
13911;T09723
13912;T20268
13913;T08445
13914;T18916
13915;T10829
13916;T06737
13917;T18870
13918;T22597
13919;T20578
13920;T24372
13921;T00671
13922;T69228
13923;T11237
13924;T21652
13925;T10021
13926;T17779
13927;T00079
13928;T11304
13929;T16367
13930;T37120
13931;T05860
13932;T00806
13933;T30089
13934;T18750
13935;T02244
13936;T18156
13937;T22823
13938;T07599
13939;T00679
13940;T00771
13941;T17571
13942;T21651
13943;T15889
13944;T11550
13945;T22804
13946;T10673
13947;T23649
13948;T12550
13949;T21688
13950;T53011
13951;T23933
13952;T22733
13953;T19408
13954;T12980
13955;T29637
13956;T18658
13957;T24902
13958;T02480
13959;T01670
13960;T29462
13961;T09481
13962;T52764
13963;T10944
13964;T11525
13965;T02363
13966;T17997
13967;T20455
13968;T12055
13969;T19645
13970;T08013
13971;T00512
13972;T19740
13973;T68892
13974;T08342
13975;T43722
13976;T15649
13977;T15757
13978;T22801
13979;T01607
13980;T53761
13981;T01039
13982;T13761
13983;T25219
13984;T00629
13985;T03249
13986;T16920
13987;T19577
13988;T22062
13989;T19338
13990;T03973
13991;T33254
13992;T11586
13993;T30712
13994;T18371
13995;T25087
13996;T17068
13997;T03514
13998;T10726
13999;T23621
14000;T17140
14001;T66503
14002;T23910
14003;T04567
14004;T18439
14005;T01270
14006;T20113
14007;T08112
14008;T12271
14009;T23611
14010;T14370
14011;T22664
14012;T13756
14013;T20495
14014;T19132
14015;T15139
14016;T22872
14017;T19325
14018;T21780
14019;T22453
14020;T00434
14021;T10958
14022;T09453
14023;T17408
14024;T13675
14025;T12377
14026;T53129
14027;T53139
14028;T16181
14029;T07999
14030;T07517
14031;T05353
14032;T06516
14033;T10083
14034;T12758
14035;T19334
14036;T19342
14037;T18692
14038;T18269
14039;T33671
14040;T03328
14041;T16926
14042;T03747
14043;T22294
14044;T15142
14045;T17542
14046;T06829
14047;T06826
14048;T17762
14049;T22956
14050;T07018
14051;T14011
14052;T19775
14053;T05573
14054;T18357
14055;T63686
14056;T03219
14057;T10956
14058;T67961
14059;T59975
14060;T06941
14061;T00494
14062;T03014
14063;T07151
14064;T08147
14065;T18513
14066;T21000
14067;T19830
14068;T23613
14069;T25649
14070;T10609
14071;T04452
14072;T12541
14073;T23923
14074;T29425
14075;T20360
14076;T17537
14077;T13991
14078;T15936
14079;T01600
14080;T30349
14081;T03297
14082;T16044
14083;T25171
14084;T10661
14085;T01709
14086;T22379
14087;T05550
14088;T14285
14089;T19500
14090;T25253
14091;T21918
14092;T17758
14093;T18348
14094;T31422
14095;T65665
14096;T10693
14097;T23299
14098;T21831
14099;T23679
14100;T65385
14101;T21150
14102;T12045
14103;T14166
14104;T20341
14105;T60071
14106;T66807
14107;T07380
14108;T00253
14109;T17764
14110;T22493
14111;T22450
14112;T21314
14113;T00542
14114;T01003
14115;T18130
14116;T17106
14117;T22748
14118;T21628
14119;T23121
14120;T01389
14121;T25511
14122;T18711
14123;T25578
14124;T00309
14125;T08259
14126;T44786
14127;T20583
14128;T01163
14129;T22963
14130;T47460
14131;T18159
14132;T45647
14133;T24454
14134;T10147
14135;T00269
14136;T22643
14137;T19151
14138;T01515
14139;T15213
14140;T22757
14141;T31291
14142;T57742
14143;T16233
14144;T23148
14145;T00763
14146;T20412
14147;T22673
14148;T16083
14149;T21582
14150;T10350
14151;T18044
14152;T18677
14153;T13128
14154;T28921
14155;T22205
14156;T21163
14157;T18844
14158;T20112
14159;T13726
14160;T24390
14161;T00475
14162;T25400
14163;T18545
14164;T10542
14165;T04707
14166;T23016
14167;T01760
14168;T17914
14169;T21174
14170;T19949
14171;T65321
14172;T52345
14173;T04984
14174;T02622
14175;T69249
14176;T16485
14177;T52672
14178;T21263
14179;T25023
14180;T09307
14181;T17701
14182;T12443
14183;T17772
14184;T21526
14185;T11072
14186;T20298
14187;T05527
14188;T13112
14189;T16282
14190;T21623
14191;T00661
14192;T07635
14193;T21347
14194;T12863
14195;T20974
14196;T00379
14197;T16179
14198;T07083
14199;T23718
14200;T67701
14201;T12473
14202;T19734
14203;T08262
14204;T13186
14205;T20453
14206;T52937
14207;T23194
14208;T02237
14209;T19789
14210;T11271
14211;T17104
14212;T25382
14213;T20604
14214;T02697
14215;T09071
14216;T26135
14217;T23038
14218;T00416
14219;T21759
14220;T19593
14221;T18235
14222;T17679
14223;T20978
14224;T00753
14225;T20943
14226;T23300
14227;T23428
14228;T20327
14229;T19597
14230;T33516
14231;T41700
14232;T22615
14233;T05466
14234;T13323
14235;T20334
14236;T29588
14237;T44427
14238;T23867
14239;T23866
14240;T03260
14241;T20081
14242;T17304
14243;T24022
14244;T53469
14245;T25131
14246;T18334
14247;T05767
14248;T13454
14249;T13952
14250;T16921
14251;T16530
14252;T11930
14253;T16259
14254;T00102
14255;T22655
14256;T25036
14257;T13990
14258;T17494
14259;T13982
14260;T23398
14261;T27771
14262;T14997
14263;T17707
14264;T20824
14265;T26157
14266;T22006
14267;T20281
14268;T20676
14269;T15977
14270;T04607
14271;T19821
14272;T21598
14273;T19032
14274;T00266
14275;T17356
14276;T19934
14277;T20687
14278;T08094
14279;T06385
14280;T01645
14281;T25071
14282;T18426
14283;T08406
14284;T56452
14285;T00265
14286;T14579
14287;T03662
14288;T21629
14289;T23010
14290;T24223
14291;T26260
14292;T10641
14293;T21689
14294;T15321
14295;T13463
14296;T11000
14297;T02442
14298;T02701
14299;T08264
14300;T21579
14301;T00605
14302;T03151
14303;T00582
14304;T01255
14305;T26173
14306;T16881
14307;T12556
14308;T19565
14309;T20731
14310;T10860
14311;T11541
14312;T13608
14313;T15517
14314;T56543
14315;T11419
14316;T16673
14317;T04878
14318;T45645
14319;T24537
14320;T06107
14321;T15910
14322;T16611
14323;T15140
14324;T36998
14325;T22967
14326;T12873
14327;T16319
14328;T00534
14329;T04605
14330;T25174
14331;T01283
14332;T00485
14333;T01149
14334;T07115
14335;T05486
14336;T01938
14337;T68901
14338;T21862
14339;T16399
14340;T00287
14341;T22484
14342;T22482
14343;T26261
14344;T14212
14345;T16173
14346;T53983
14347;T27419
14348;T16167
14349;T15617
14350;T12574
14351;T05618
14352;T04293
14353;T17515
14354;T17935
14355;T66126
14356;T43925
14357;T21070
14358;T18882
14359;T17539
14360;T16297
14361;T16887
14362;T09641
14363;T01620
14364;T10847
14365;T19127
14366;T16005
14367;T64641
14368;T01412
14369;T20823
14370;T19916
14371;T16032
14372;T15662
14373;T05258
14374;T15981
14375;T13269
14376;T69352
14377;T20108
14378;T36252
14379;T10887
14380;T13281
14381;T21283
14382;T15719
14383;T22195
14384;T09073
14385;T19870
14386;T00458
14387;T14643
14388;T05357
14389;T61039
14390;T21645
14391;T23822
14392;T01627
14393;T21891
14394;T19531
14395;T23149
14396;T15986
14397;T15463
14398;T25246
14399;T15548
14400;T18889
14401;T12508
14402;T15429
14403;T04807
14404;T16877
14405;T13240
14406;T10397
14407;T13493
14408;T14965
14409;T04994
14410;T08215
14411;T15482
14412;T07748
14413;T04097
14414;T36213
14415;T19807
14416;T36806
14417;T00137
14418;T15714
14419;T23472
14420;T24613
14421;T20655
14422;T06544
14423;T23275
14424;T02135
14425;T22945
14426;T07235
14427;T00741
14428;T23507
14429;T36609
14430;T14946
14431;T22368
14432;T14758
14433;T21848
14434;T06184
14435;T01371
14436;T21175
14437;T13365
14438;T06085
14439;T23255
14440;T17704
14441;T13837
14442;T02765
14443;T00217
14444;T15362
14445;T11599
14446;T18919
14447;T19085
14448;T14524
14449;T18365
14450;T65083
14451;T66847
14452;T13935
14453;T18421
14454;T13814
14455;T13975
14456;T20018
14457;T02108
14458;T05440
14459;T20336
14460;T15969
14461;T11815
14462;T02676
14463;T10321
14464;T13033
14465;T13716
14466;T22603
14467;T21510
14468;T10359
14469;T11335
14470;T11314
14471;T23380
14472;T17819
14473;T13731
14474;T29491
14475;T12703
14476;T01165
14477;T14969
14478;T32791
14479;T14143
14480;T52856
14481;T19155
14482;T20818
14483;T23421
14484;T08936
14485;T03396
14486;T18764
14487;T15243
14488;T21322
14489;T13824
14490;T00357
14491;T14584
14492;T08054
14493;T17676
14494;T12021
14495;T00719
14496;T22305
14497;T21642
14498;T01811
14499;T19528
14500;T07421
14501;T23967
14502;T52986
14503;T21021
14504;T13707
14505;T18765
14506;T14316
14507;T67750
14508;T15141
14509;T18856
14510;T14109
14511;T18378
14512;T13888
14513;T07601
14514;T15415
14515;T05434
14516;T10910
14517;T15777
14518;T16557
14519;T01326
14520;T06884
14521;T20672
14522;T19823
14523;T01997
14524;T28983
14525;T13191
14526;T01178
14527;T07435
14528;T03708
14529;T27458
14530;T16384
14531;T20634
14532;T23821
14533;T13651
14534;T10436
14535;T23595
14536;T53966
14537;T07670
14538;T24357
14539;T23754
14540;T01894
14541;T05416
14542;T16392
14543;T16817
14544;T25156
14545;T21181
14546;T17674
14547;T31782
14548;T11612
14549;T13455
14550;T11943
14551;T09380
14552;T57761
14553;T01804
14554;T12826
14555;T00998
14556;T14505
14557;T01687
14558;T14112
14559;T02401
14560;T14968
14561;T09671
14562;T32243
14563;T00092
14564;T04060
14565;T14555
14566;T11042
14567;T16752
14568;T18904
14569;T23824
14570;T19757
14571;T14290
14572;T00958
14573;T09780
14574;T10481
14575;T06187
14576;T20071
14577;T26145
14578;T17448
14579;T04122
14580;T20866
14581;T54848
14582;T23112
14583;T11049
14584;T69231
14585;T19322
14586;T23304
14587;T53982
14588;T12898
14589;T10062
14590;T22532
14591;T43779
14592;T36214
14593;T21599
14594;T27199
14595;T29544
14596;T43536
14597;T13683
14598;T00918
14599;T15599
14600;T04770
14601;T05472
14602;T12616
14603;T19446
14604;T20393
14605;T02002
14606;T16688
14607;T21420
14608;T16071
14609;T25033
14610;T05891
14611;T21142
14612;T19087
14613;T19427
14614;T00155
14615;T00643
14616;T13860
14617;T00612
14618;T00796
14619;T03940
14620;T54169
14621;T08085
14622;T15179
14623;T06586
14624;T01341
14625;T01090
14626;T09863
14627;T13399
14628;T15911
14629;T20074
14630;T12340
14631;T14676
14632;T09349
14633;T13523
14634;T13356
14635;T22727
14636;T11653
14637;T18018
14638;T10261
14639;T22749
14640;T03475
14641;T08711
14642;T15940
14643;T47363
14644;T16711
14645;T16281
14646;T00209
14647;T12404
14648;T03922
14649;T11762
14650;T11795
14651;T21953
14652;T22498
14653;T15413
14654;T00770
14655;T10688
14656;T23328
14657;T22044
14658;T19927
14659;T25396
14660;T18401
14661;T23829
14662;T18755
14663;T16336
14664;T23058
14665;T30147
14666;T22775
14667;T26159
14668;T26153
14669;T19889
14670;T23709
14671;T18801
14672;T18778
14673;T16562
14674;T16441
14675;T25720
14676;T11405
14677;T16498
14678;T18564
14679;T03769
14680;T18791
14681;T69340
14682;T21274
14683;T22107
14684;T14704
14685;T20435
14686;T37098
14687;T13863
14688;T16358
14689;T06445
14690;T13359
14691;T16603
14692;T20164
14693;T04163
14694;T37033
14695;T69317
14696;T00085
14697;T24508
14698;T15774
14699;T23652
14700;T10558
14701;T20845
14702;T16560
14703;T04510
14704;T05676
14705;T17024
14706;T18543
14707;T06480
14708;T13379
14709;T00748
14710;T17080
14711;T15778
14712;T15898
14713;T20803
14714;T15610
14715;T22901
14716;T29422
14717;T53007
14718;T23103
14719;T15547
14720;T26284
14721;T22207
14722;T18847
14723;T15850
14724;T03602
14725;T20547
14726;T23283
14727;T18058
14728;T18873
14729;T21340
14730;T11722
14731;T01696
14732;T10612
14733;T16398
14734;T20079
14735;T23738
14736;T11521
14737;T19992
14738;T13460
14739;T23599
14740;T16088
14741;T13739
14742;T09151
14743;T18973
14744;T37229
14745;T01000
14746;T02220
14747;T49387
14748;T10591
14749;T36186
14750;T22771
14751;T22212
14752;T12712
14753;T22314
14754;T07081
14755;T22429
14756;T14941
14757;T26164
14758;T15749
14759;T19612
14760;T22024
14761;T11804
14762;T25060
14763;T18630
14764;T01741
14765;T20969
14766;T20280
14767;T20169
14768;T23392
14769;T05085
14770;T60072
14771;T25498
14772;T21479
14773;T13970
14774;T10322
14775;T17586
14776;T47450
14777;T21876
14778;T04603
14779;T04642
14780;T21874
14781;T17860
14782;T21594
14783;T02423
14784;T16277
14785;T17781
14786;T19386
14787;T18353
14788;T20585
14789;T19546
14790;T18306
14791;T19497
14792;T21167
14793;T17713
14794;T25390
14795;T12172
14796;T19852
14797;T23641
14798;T06972
14799;T15891
14800;T10691
14801;T16420
14802;T25640
14803;T12767
14804;T22487
14805;T19525
14806;T23543
14807;T01862
14808;T20968
14809;T12159
14810;T18499
14811;T10652
14812;T01336
14813;T13949
14814;T10830
14815;T43902
14816;T14451
14817;T27280
14818;T11399
14819;T10854
14820;T18041
14821;T18423
14822;T13580
14823;T06437
14824;T20834
14825;T15603
14826;T12109
14827;T17951
14828;T22843
14829;T19581
14830;T23758
14831;T19904
14832;T22861
14833;T56537
14834;T12327
14835;T20657
14836;T09517
14837;T22526
14838;T16347
14839;T17945
14840;T01742
14841;T17840
14842;T00055
14843;T07922
14844;T52938
14845;T23741
14846;T69391
14847;T02351
14848;T53760
14849;T12727
14850;T24648
14851;T60003
14852;T23487
14853;T12772
14854;T23795
14855;T19732
14856;T04201
14857;T23107
14858;T15926
14859;T22079
14860;T16649
14861;T01838
14862;T16425
14863;T03207
14864;T65864
14865;T11495
14866;T13417
14867;T12287
14868;T14698
14869;T22936
14870;T07592
14871;T13693
14872;T08055
14873;T22326
14874;T21220
14875;T16265
14876;T20395
14877;T23155
14878;T21165
14879;T10715
14880;T05607
14881;T05132
14882;T20938
14883;T16092
14884;T14826
14885;T20854
14886;T13625
14887;T16391
14888;T16260
14889;T22539
14890;T17927
14891;T20215
14892;T11060
14893;T14213
14894;T14882
14895;T01995
14896;T19208
14897;T15641
14898;T16764
14899;T16727
14900;T01435
14901;T69245
14902;T13506
14903;T27222
14904;T19215
14905;T21033
14906;T20156
14907;T09716
14908;T00025
14909;T01204
14910;T23430
14911;T12259
14912;T06720
14913;T66391
14914;T22690
14915;T13312
14916;T00803
14917;T17018
14918;T13631
14919;T21154
14920;T02183
14921;T17677
14922;T06601
14923;T17957
14924;T24017
14925;T18641
14926;T15865
14927;T35498
14928;T12527
14929;T01604
14930;T33444
14931;T05612
14932;T22674
14933;T11357
14934;T12816
14935;T16851
14936;T12070
14937;T00699
14938;T14834
14939;T44214
14940;T12102
14941;T16803
14942;T13084
14943;T00740
14944;T19726
14945;T16598
14946;T07503
14947;T05183
14948;T12322
14949;T59930
14950;T18020
14951;T20275
14952;T20370
14953;T12141
14954;T17751
14955;T17651
14956;T11570
14957;T11382
14958;T21038
14959;T09804
14960;T09255
14961;T09239
14962;T23904
14963;T69781
14964;T69826
14965;T69807
14966;T69597
14967;T69635
14968;T69863
14969;T69667
14970;T69647
14971;T69703
14972;T69709
14973;T69793
14974;T69694
14975;T69737
14976;T69626
14977;T69783
14978;T69590
14979;T69839
14980;T69610
14981;T69722
14982;T69653
14983;T69684
14984;T69658
14985;T69702
14986;T69707
14987;T69773
14988;T69803
14989;T69584
14990;T69753
14991;T69593
14992;T69712
14993;T69665
14994;T69582
14995;T69566
14996;T69713
14997;T69767
14998;T69640
14999;T69591
15000;T69648
15001;T69606
15002;T69576
15003;T69875
15004;T69706
15005;T69642
15006;T69588
15007;T69581
15008;T69600
15009;T69762
15010;T69592
15011;T69880
15012;T69649
15013;T69639
15014;T69696
15015;T69627
15016;T69577
15017;T69578
15018;T69732
15019;T69884
15020;T69618
15021;T69777
15022;T69601
15023;T69663
15024;T69842
15025;T69675
15026;T69602
15027;T69756
15028;T69526
15029;T69662
15030;T69818
15031;T69729
15032;T69755
15033;T69567
15034;T69569
15035;T69683
15036;T69570
15037;T69780
15038;T69819
15039;T69630
15040;T69901
15041;T69571
15042;T69701
15043;T69897
15044;T69748
15045;T69846
15046;T69741
15047;T69724
15048;T69733
15049;T69828
15050;T69723
15051;T69824
15052;T69805
15053;T69623
15054;T69608
15055;T69725
15056;T69708
15057;T69585
15058;T69868
15059;T69619
15060;T69720
15061;T69676
15062;T69575
15063;T69829
15064;T69714
15065;T69742
15066;T69728
15067;T69573
15068;T69692
15069;T69787
15070;T69835
15071;T69804
15072;T69788
15073;T69798
15074;T07344
15075;T69896
15076;T69739
15077;T69688
15078;T69738
15079;T69680
15080;T69691
15081;T69686
15082;T69704
15083;T69650
15084;T69841
15085;T69711
15086;T69695
15087;T69659
15088;T69616
15089;T69745
15090;T69664
15091;T69770
15092;T69758
15093;T69716
15094;T69655
15095;T69813
15096;T69861
15097;T69848
15098;T69637
15099;T69838
15100;T69757
15101;T69645
15102;T69866
15103;T69844
15104;T69843
15105;T69633
15106;T69612
15107;T69749
15108;T69858
15109;T69632
15110;T69743
15111;T69586
15112;T69809
15113;T69816
15114;T69797
15115;T69689
15116;T69679
15117;T69894
15118;T69697
15119;T69589
15120;T69652
15121;T69881
15122;T13629
15123;T69752
15124;T69579
15125;T69580
15126;T69681
15127;T69796
15128;T69624
15129;T69769
15130;T69668
15131;T69768
15132;T69893
15133;T69776
15134;T69654
15135;T69677
15136;T69690
15137;T69698
15138;T69587
15139;T69782
15140;T69823
15141;T69727
15142;T69825
15143;T69669
15144;T69792
15145;T69607
15146;T69811
15147;T69615
15148;T69572
15149;T69789
15150;T69717
15151;T69671
15152;T69778
15153;T69750
15154;T69802
15155;T69568
15156;T69609
15157;T69845
15158;T69611
15159;T69666
15160;T69763
15161;T69898
15162;T69674
15163;T69786
15164;T69700
15165;T69656
15166;T69867
15167;T69827
15168;T69810
15169;T69785
15170;T69853
15171;T69613
15172;T69830
15173;T69821
15174;T07808
15175;T69687
15176;T69693
15177;T69885
15178;T69860
15179;T69621
15180;T69766
15181;T69603
15182;T69775
15183;T69622
15184;T69605
15185;T69651
15186;T69747
15187;T69682
15188;T69754
15189;T69815
15190;T69840
15191;T69678
15192;T69646
15193;T69820
15194;T69772
15195;T69795
15196;T69877
15197;T69598
15198;T69794
15199;T69705
15200;T69629
15201;T69784
15202;T69806
15203;T69672
15204;T69791
15205;T69641
15206;T69911
15207;T21494
15209;T13441
15210;T36226
15216;T69482
15226;T45202
15229;T60643
15255;T15922