id_as400;id_prestashop
T15238;1
T16759;2
T13730;3
T23756;4
T17028;5
T18270;6
T10518;7
T12396;8
T18749;9
T18721;10
T14675;11
T15806;12
T13501;13
T24959;14
T12155;15
T16329;16
T19147;17
T17553;18
T21324;19
T14271;20
T28870;21
T14800;22
T13484;23
T12348;24
T12375;25
T11906;26
T09611;27
T17186;28
T16222;29
T56946;30
T11588;31
T18783;32
T18608;33
T17809;34
T12131;35
T13568;36
T15125;37
T14224;38
T20378;39
T17243;40
T17244;41
T21208;42
T21205;43
T16676;44
T19027;45
T07398;46
T19589;47
T44158;48
T14894;49
T28567;50
T15510;51
T11936;52
T21049;53
T12000;54
T18398;55
T23106;56
T16678;57
T16271;58
T20517;59
T10646;60
T15406;61
T16745;62
T12197;63
T12869;64
T18036;65
T11871;66
T00951;67
T11494;68
T12128;69
T17332;70
T16243;71
T12315;73
T09914;74
T15875;75
T17112;76
T10425;77
T05737;78
T16825;79
T08800;80
T14798;81
T35482;82
T12923;83
T16419;84
T16694;85
T16820;86
T18409;87
T11874;88
T16278;89
T17773;90
T12118;91
T08526;92
T17947;93
T23530;94
T12302;95
T22550;96
T12765;97
T22827;98
T12355;99
T13566;100
T02042;101
T13108;102
T12479;103
T13827;104
T16115;105
T12306;106
T22522;107
T23282;108
T18945;109
T16015;110
T00076;111
T10778;112
T20282;113
T15105;114
T08880;115
T08887;116
T14640;117
T17492;118
T18678;119
T03865;120
T12514;121
T17272;122
T17904;123
T14415;124
T14091;125
T13144;127
T19051;128
T16756;129
T13988;130
T16069;131
T12344;132
T12101;133
T15186;134
T13219;135
T56465;136
T13069;137
T14636;138
T22568;139
T17253;140
T56552;141
T16249;142
T10594;143
T08334;144
T01429;145
T19101;146
T18653;147
T11951;148
T18486;149
T12735;150
T11954;151
T20752;152
T12793;153
T13031;154
T20614;155
T17450;156
T15830;157
T13553;158
T02262;159
T17870;160
T21968;161
T15049;162
T16234;163
T12528;164
T16575;165
T13882;166
T18015;168
T16965;169
T22490;170
T12551;171
T19068;172
T16324;173
T16647;174
T00106;175
T03185;176
T11719;177
T23567;178
T12279;179
T14350;180
T03934;181
T19080;182
T00497;183
T14881;184
T15087;185
T09763;186
T18983;187
T13659;188
T20730;189
T21053;190
T16023;191
T21587;192
T05566;193
T17821;194
T19600;195
T20084;196
T25820;197
T19999;198
T20368;199
T08179;200
T17434;201
T05448;202
T09037;203
T16848;204
T25369;205
T07449;206
T15764;207
T11702;208
T17721;209
T29196;210
T20162;211
T21259;212
T19298;213
T22216;214
T19947;215
T23140;216
T22955;217
T20457;218
T16563;219
T48865;220
T15468;221
T44368;222
T01865;223
T14950;224
T36963;225
T10259;226
T14435;227
T20021;228
T20802;229
T06753;230
T23668;231
T07545;232
T20419;233
T09332;234
T07972;235
T01230;236
T12299;237
T45170;238
T12560;239
T67692;240
T16535;241
T08475;242
T23563;243
T19713;244
T22952;245
T17791;246
T33454;247
T26249;248
T14615;249
T15638;250
T22899;251
T10659;252
T22129;253
T18327;254
T03583;255
T36222;256
T02043;257
T23009;258
T20243;259
T23905;260
T22605;261
T14164;262
T43914;263
T33501;264
T14142;265
T11395;266
T22323;267
T69213;268
T12188;269
T36820;270
T23919;271
T00333;272
T22224;273
T00027;274
T14737;275
T11150;276
T21786;277
T16351;278
T24587;279
T23773;280
T24683;281
T20008;282
T10888;283
T52789;284
T18216;285
T44594;286
T60652;287
T20794;288
T13721;289
T15209;290
T19677;291
T20203;292
T13192;293
T66776;294
T52993;295
T14963;296
T05271;297
T16930;298
T09120;299
T04520;300
T17622;301
T18646;302
T20167;303
T12926;304
T21690;305
T19384;306
T00284;307
T69227;308
T23637;309
T12285;310
T35499;311
T01633;312
T17281;313
T20617;314
T09897;315
T22333;316
T19629;317
T17374;318
T17371;319
T12643;320
T15962;321
T10304;322
T11548;323
T44603;324
T08856;325
T13996;326
T67693;327
T14286;328
T13212;329
T64883;330
T22192;331
T02179;332
T19620;333
T13994;334
T00523;335
T16552;336
T22426;337
T20839;338
T34953;339
T24090;340
T00972;341
T17049;342
T18938;343
T19832;344
T20106;345
T21884;346
T12469;347
T06598;348
T22694;349
T11758;350
T11611;351
T06818;352
T06045;353
T00907;354
T23154;355
T21235;356
T22474;357
T19833;358
T22635;359
T01031;360
T60022;361
T23851;362
T06509;363
T46955;364
T23537;365
T30746;366
T06311;367
T16533;368
T12104;369
T13831;370
T13799;371
T16741;372
T15723;373
T01497;374
T00501;375
T28893;376
T11254;377
T30440;378
T69356;379
T24145;380
T12190;381
T20365;382
T20729;383
T16029;384
T23553;385
T11620;386
T14006;387
T13643;388
T20959;389
T20350;390
T13579;391
T18928;392
T17626;393
T23742;394
T13014;395
T17071;396
T21988;397
T18047;398
T15039;399
T21816;400
T11315;401
T19272;402
T17811;403
T20681;404
T13692;405
T25729;406
T18193;407
T15643;408
T08594;409
T03840;410
T23450;411
T14535;412
T23839;413
T25737;414
T22552;415
T56404;416
T22720;417
T11965;418
T17743;419
T19849;420
T00285;421
T21074;422
T20820;423
T13244;424
T14986;425
T17633;426
T01422;427
T04842;428
T23952;429
T03013;430
T01222;431
T12695;432
T18467;433
T14861;434
T17052;435
T63401;436
T17013;437
T18271;438
T19957;439
T17460;440
T08425;441
T12698;442
T00502;443
T15521;444
T17796;445
T00893;446
T11636;447
T16180;448
T14428;449
T05274;450
T17750;451
T18178;452
T69232;453
T67022;454
T21261;455
T11242;456
T22617;457
T21969;458
T17630;459
T17196;460
T11297;461
T25424;462
T22251;463
T22250;464
T22248;465
T07905;466
T00460;467
T11039;468
T01735;469
T16962;470
T22116;471
T22123;472
T00630;473
T17023;474
T08720;475
T13114;476
T15822;477
T18135;478
T16808;479
T21927;480
T22135;481
T14551;482
T18466;483
T20720;484
T22112;485
T22555;486
T00684;487
T06699;488
T20621;489
T01216;490
T10483;491
T09911;492
T12626;493
T18921;494
T20651;495
T58476;496
T32819;497
T21294;498
T59587;499
T18940;500
T01098;501
T04514;502
T00794;503
T16982;504
T24840;505
T10991;506
T65812;507
T06000;508
T17547;509
T02263;510
T01275;511
T08052;512
T18527;513
T13387;514
T14863;515
T10287;516
T17085;517
T01971;518
T18153;519
T23774;520
T00988;521
T04285;522
T00456;523
T19542;524
T18206;525
T18299;526
T60024;527
T02535;528
T22606;529
T07463;530
T20718;531
T23586;532
T32788;533
T21037;534
T15291;535
T14391;536
T16515;537
T33373;538
T41794;539
T17737;540
T13987;541
T56805;542
T15745;543
T21077;544
T13606;545
T36760;546
T26322;547
T02181;548
T22348;549
T19675;550
T00487;551
T20754;552
T15106;553
T17474;554
T00280;555
T21520;556
T13347;557
T21056;558
T16793;559
T17400;560
T17151;561
T05946;562
T20311;563
T23150;564
T05636;565
T03553;566
T21035;567
T17428;568
T22206;569
T19718;570
T20140;571
T45450;572
T18843;573
T61404;574
T52611;575
T21916;576
T18388;577
T17918;578
T16129;579
T21710;580
T06734;581
T45132;582
T23809;583
T26124;584
T24987;585
T02295;586
T08892;587
T22213;588
T21826;589
T11081;590
T21986;591
T23279;592
T02398;593
T56981;594
T15312;595
T14125;596
T11132;597
T07851;598
T11121;599
T17302;600
T23612;601
T33634;602
T00847;603
T22048;604
T16891;605
T01672;606
T18867;607
T20537;608
T23677;609
T36795;610
T18809;611
T47803;612
T19356;613
T25184;614
T10473;615
T18404;616
T07910;617
T20523;618
T11298;619
T24026;620
T13720;621
T17298;622
T23059;623
T16458;624
T21974;625
T20840;626
T36335;627
T19790;628
T02215;629
T20871;630
T21057;631
T22230;632
T14734;633
T24539;634
T16464;635
T07440;636
T14398;637
T22964;638
T16828;639
T07690;640
T14752;641
T11004;642
T21792;643
T20637;644
T12947;645
T06542;646
T03825;647
T17697;648
T12126;649
T22835;650
T22336;651
T23570;652
T25155;653
T16189;654
T20982;655
T20382;656
T11026;657
T22573;658
T14013;659
T18558;660
T66860;661
T14004;662
T15988;663
T10262;664
T25638;665
T23175;666
T13229;667
T01819;668
T18835;669
T10435;670
T21383;671
T10399;672
T43900;673
T16373;674
T03269;675
T15519;676
T18213;677
T08769;678
T22993;679
T22997;680
T05502;681
T22628;682
T23252;683
T04837;684
T18362;685
T23476;686
T13703;687
T26325;688
T11326;689
T15867;690
T16706;691
T61166;692
T01658;693
T56341;694
T15344;695
T16626;696
T16864;697
T58901;698
T23142;699
T18136;700
T27321;701
T57187;702
T16950;703
T00250;704
T15737;705
T17015;706
T06129;707
T65668;708
T65702;709
T18825;710
T00059;711
T23446;712
T36298;713
T21863;714
T14785;715
T56775;716
T23861;717
T11249;718
T66074;719
T10513;720
T21424;721
T09979;722
T23552;723
T07542;724
T22253;725
T06733;726
T09054;727
T00423;728
T01749;729
T19520;730
T24963;731
T19631;732
T03291;733
T02133;734
T22105;735
T20227;736
T01280;737
T03039;738
T12602;739
T00722;740
T20736;741
T16655;742
T13866;743
T01379;744
T22541;745
T12425;746
T26418;747
T18862;748
T22592;749
T29314;750
T16097;751
T15184;752
T16408;753
T13099;754
T12382;755
T02026;756
T20897;757
T02214;758
T24790;759
T19743;760
T15255;761
T11015;762
T21980;763
T22838;764
T11842;765
T00875;766
T18033;767
T19286;768
T12390;769
T14942;770
T65000;771
T10443;772
T67884;773
T15074;774
T14533;775
T16547;776
T04488;777
T01458;778
T18173;779
T21804;780
T01099;781
T24679;782
T05662;783
T00689;784
T19271;785
T02911;786
T21298;787
T18662;788
T11876;789
T15275;790
T12681;791
T05212;792
T10967;793
T13225;794
T01378;795
T11616;796
T21139;797
T18670;798
T19829;799
T07444;800
T04399;801
T12346;802
T01705;803
T22005;804
T10285;805
T21672;806
T11995;807
T12847;808
T14470;809
T12951;810
T45119;811
T66947;812
T67992;813
T13208;814
T03493;815
T01452;816
T21414;817
T01564;818
T21136;819
T18839;820
T10881;821
T23276;822
T12414;823
T52661;824
T11493;825
T00181;826
T14456;827
T13022;828
T20603;829
T06933;830
T11408;831
T20919;832
T24066;833
T23301;834
T21168;835
T69305;836
T53378;837
T23848;838
T24006;839
T24509;840
T26400;841
T22095;842
T18899;843
T24125;844
T19246;845
T19516;846
T21680;847
T01320;848
T01332;849
T11650;850
T14062;851
T14012;852
T18226;853
T20305;854
T18697;855
T17522;856
T19570;857
T02865;858
T17615;859
T36310;860
T20239;861
T25204;862
T16027;863
T25133;864
T16492;865
T03685;866
T24477;867
T00075;868
T23381;869
T01358;870
T09609;871
T61191;872
T30040;873
T20765;874
T16388;875
T09606;876
T02960;877
T22750;878
T17154;879
T21495;880
T17600;881
T23609;882
T20679;883
T19130;884
T10445;885
T24035;886
T22908;887
T61098;888
T20208;889
T56917;890
T23320;891
T21864;892
T12220;893
T01380;894
T25436;895
T68898;896
T01609;897
T11421;898
T17221;899
T19776;900
T23655;901
T18101;902
T61225;903
T22334;904
T43957;905
T36995;906
T19729;907
T04215;908
T10940;909
T11665;910
T15131;911
T37121;912
T02218;913
T00425;914
T11999;915
T10801;916
T09666;917
T25027;918
T22228;919
T15537;920
T10017;921
T02719;922
T10562;923
T20459;924
T13668;925
T14056;926
T18091;927
T10539;928
T01730;929
T26296;930
T16268;931
T17354;932
T17635;933
T22924;934
T17093;935
T25712;936
T01155;937
T01152;938
T14599;939
T22514;940
T16006;941
T33672;942
T23783;943
T00555;944
T19610;945
T17490;946
T18408;947
T11744;948
T21079;949
T25216;950
T22713;951
T22641;952
T18174;953
T27408;954
T10960;955
T18160;956
T17720;957
T01571;958
T19725;959
T21359;960
T20101;961
T06802;962
T24056;963
T05138;964
T19301;965
T19464;966
T11288;967
T01156;968
T22436;969
T20053;970
T17929;971
T21485;972
T13902;973
T68437;974
T61079;975
T20665;976
T20664;977
T19313;978
T16636;979
T21608;980
T68634;981
T06705;982
T19779;983
T66775;984
T16377;985
T68893;986
T23147;987
T15410;988
T22428;989
T21252;990
T24083;991
T36275;992
T18267;993
T64611;994
T58924;995
T17564;996
T07833;997
T18578;998
T69405;999
T13684;1000
T15622;1001
T13551;1002
T17705;1003
T00199;1004
T14102;1005
T18523;1006
T61486;1007
T21802;1008
T11963;1009
T10798;1010
T16360;1011
T18296;1012
T04198;1013
T00108;1014
T21735;1015
T18003;1016
T19657;1017
T18517;1018
T02608;1019
T36711;1020
T18708;1021
T22171;1022
T05316;1023
T24053;1024
T23003;1025
T21196;1026
T24109;1027
T11817;1028
T21012;1029
T00766;1030
T09657;1031
T17596;1032
T24442;1033
T22356;1034
T00023;1035
T11969;1036
T02665;1037
T08986;1038
T36480;1039
T23378;1040
T17426;1041
T10472;1042
T20408;1043
T16875;1044
T10552;1045
T13791;1046
T17703;1047
T24478;1048
T15937;1049
T23395;1050
T13390;1051
T20288;1052
T22257;1053
T19033;1054
T20354;1055
T21972;1056
T22637;1057
T11727;1058
T08510;1059
T20218;1060
T13065;1061
T12620;1062
T14218;1063
T24893;1064
T17680;1065
T22581;1066
T21508;1067
T25059;1068
T22410;1069
T26240;1070
T43804;1071
T10627;1072
T02145;1073
T03953;1074
T01511;1075
T57182;1076
T21825;1077
T22184;1078
T05801;1079
T18005;1080
T09286;1081
T23405;1082
T16952;1083
T24019;1084
T47516;1085
T23043;1086
T11123;1087
T08341;1088
T19658;1089
T03128;1090
T14041;1091
T20369;1092
T13781;1093
T20529;1094
T14678;1095
T20460;1096
T03007;1097
T10556;1098
T14269;1099
T54178;1100
T13416;1101
T13273;1102
T21785;1103
T00448;1104
T17958;1105
T14603;1106
T18294;1107
T07631;1108
T11232;1109
T14550;1110
T18676;1111
T12294;1112
T08130;1113
T12380;1114
T09185;1115
T23355;1116
T23680;1117
T01454;1118
T01196;1119
T22659;1120
T19241;1121
T56806;1122
T12153;1123
T17495;1124
T21763;1125
T01821;1126
T00585;1127
T05255;1128
T18532;1129
T21236;1130
T56221;1131
T65758;1132
T07404;1133
T24471;1134
T10372;1135
T16341;1136
T17503;1137
T18126;1138
T03764;1139
T30027;1140
T23916;1141
T19486;1142
T17297;1143
T21719;1144
T01590;1145
T19145;1146
T04478;1147
T14065;1148
T02169;1149
T22622;1150
T03044;1151
T17079;1152
T01814;1153
T13386;1154
T19348;1155
T00627;1156
T11217;1157
T21622;1158
T09325;1159
T01546;1160
T19591;1161
T21701;1162
T20918;1163
T12566;1164
T60866;1165
T12733;1166
T22218;1167
T19183;1168
T56536;1169
T17349;1170
T29589;1171
T20325;1172
T20107;1173
T20392;1174
T33329;1175
T01704;1176
T16422;1177
T13999;1178
T19554;1179
T01462;1180
T22994;1181
T13081;1182
T14229;1183
T09150;1184
T27283;1185
T53136;1186
T04525;1187
T22657;1188
T18805;1189
T15606;1190
T25539;1191
T20259;1192
T18019;1193
T16601;1194
T22028;1195
T25081;1196
T21336;1197
T33109;1198
T23797;1199
T02602;1200
T15955;1201
T17827;1202
T18621;1203
T10175;1204
T15093;1205
T12248;1206
T20599;1207
T15020;1208
T21279;1209
T18875;1210
T19604;1211
T21046;1212
T25487;1213
T18582;1214
T12262;1215
T11170;1216
T13932;1217
T14147;1218
T10850;1219
T13963;1220
T18308;1221
T22681;1222
T26398;1223
T16774;1224
T24075;1225
T69383;1226
T23141;1227
T00808;1228
T23806;1229
T25247;1230
T24050;1231
T13056;1232
T12077;1233
T01167;1234
T61126;1235
T05540;1236
T22519;1237
T18286;1238
T13250;1239
T24474;1240
T13121;1241
T22730;1242
T69330;1243
T15750;1244
T15568;1245
T14821;1246
T09626;1247
T00616;1248
T16833;1249
T35495;1250
T25153;1251
T00522;1252
T15973;1253
T20781;1254
T13705;1255
T05329;1256
T19402;1257
T15602;1258
T20029;1259
T37262;1260
T09072;1261
T04432;1262
T20921;1263
T01488;1264
T17236;1265
T01300;1266
T00774;1267
T03495;1268
T25135;1269
T06618;1270
T18570;1271
T00064;1272
T19797;1273
T07861;1274
T23497;1275
T29546;1276
T18200;1277
T07427;1278
T10786;1279
T20343;1280
T66770;1281
T23370;1282
T04710;1283
T05377;1284
T20174;1285
T16132;1286
T15651;1287
T15286;1288
T21739;1289
T36819;1290
T12313;1291
T25747;1292
T10404;1293
T00920;1294
T14726;1295
T03098;1296
T04763;1297
T14809;1298
T18330;1299
T24705;1300
T00547;1301
T16413;1302
T08710;1303
T08451;1304
T10651;1305
T02261;1306
T19840;1307
T16111;1308
T12588;1309
T00983;1310
T18204;1311
T13858;1312
T20248;1313
T14940;1314
T21121;1315
T20706;1316
T11555;1317
T23968;1318
T15316;1319
T14430;1320
T07629;1321
T21747;1322
T16925;1323
T02010;1324
T12398;1325
T13447;1326
T25786;1327
T14628;1328
T23342;1329
T61301;1330
T02574;1331
T08973;1332
T21807;1333
T10143;1334
T00178;1335
T10493;1336
T26359;1337
T09006;1338
T08194;1339
T12746;1340
T02455;1341
T22362;1342
T66301;1343
T19220;1344
T69290;1345
T11826;1346
T05402;1347
T26130;1348
T20927;1349
T13045;1350
T05794;1351
T14605;1352
T15156;1353
T13680;1354
T20289;1355
T12234;1356
T22158;1357
T19361;1358
T09576;1359
T39173;1360
T08234;1361
T17598;1362
T13178;1363
T13284;1364
T03845;1365
T12575;1366
T01775;1367
T18215;1368
T29503;1369
T36478;1370
T13563;1371
T03974;1372
T17659;1373
T00421;1374
T14949;1375
T24120;1376
T16713;1377
T05545;1378
T17086;1379
T12200;1380
T23026;1381
T33556;1382
T69215;1383
T14253;1384
T17786;1385
T16405;1386
T19568;1387
T14416;1388
T20458;1389
T21302;1390
T21398;1391
T06066;1392
T23294;1393
T04315;1394
T20739;1395
T18437;1396
T10844;1397
T18989;1398
T15970;1399
T16357;1400
T20863;1401
T03186;1402
T16853;1403
T01514;1404
T14857;1405
T14644;1406
T56211;1407
T08839;1408
T17841;1409
T21635;1410
T22841;1411
T18022;1412
T13266;1413
T21344;1414
T21289;1415
T08563;1416
T13362;1417
T02213;1418
T16296;1419
T29488;1420
T20842;1421
T07893;1422
T03705;1423
T26360;1424
T22921;1425
T19407;1426
T01794;1427
T01743;1428
T13665;1429
T12132;1430
T17100;1431
T18450;1432
T19749;1433
T39180;1434
T10840;1435
T67889;1436
T15815;1437
T09595;1438
T18171;1439
T17968;1440
T15700;1441
T20768;1442
T00691;1443
T17993;1444
T05278;1445
T17523;1446
T23182;1447
T09407;1448
T12427;1449
T06856;1450
T12707;1451
T19332;1452
T23481;1453
T00159;1454
T08173;1455
T07104;1456
T19556;1457
T14335;1458
T12100;1459
T22064;1460
T18643;1461
T21104;1462
T12007;1463
T16016;1464
T37322;1465
T17223;1466
T05806;1467
T14549;1468
T13908;1469
T13839;1470
T16787;1471
T22549;1472
T20349;1473
T24971;1474
T01244;1475
T12875;1476
T12366;1477
T25680;1478
T10154;1479
T19318;1480
T07871;1481
T11013;1482
T13923;1483
T24905;1484
T22154;1485
T25716;1486
T21638;1487
T09895;1488
T10633;1489
T20001;1490
T17180;1491
T22286;1492
T08336;1493
T22834;1494
T22951;1495
T20157;1496
T25538;1497
T19046;1498
T11961;1499
T16744;1500
T16742;1501
T04729;1502
T02453;1503
T18674;1504
T43546;1505
T04317;1506
T16594;1507
T24975;1508
T02780;1509
T12666;1510
T14351;1511
T05383;1512
T14766;1513
T20353;1514
T05699;1515
T37168;1516
T11582;1517
T01933;1518
T17628;1519
T24812;1520
T14913;1521
T09642;1522
T21967;1523
T20525;1524
T02899;1525
T00967;1526
T29261;1527
T44911;1528
T15532;1529
T29896;1530
T01591;1531
T21851;1532
T01417;1533
T13372;1534
T16831;1535
T23657;1536
T29401;1537
T11967;1538
T12548;1539
T18140;1540
T11554;1541
T00461;1542
T01651;1543
T02174;1544
T16553;1545
T14461;1546
T00257;1547
T02861;1548
T00382;1549
T18347;1550
T60023;1551
T10930;1552
T10870;1553
T22971;1554
T25715;1555
T18774;1556
T14210;1557
T12203;1558
T15450;1559
T08249;1560
T22777;1561
T01720;1562
T18727;1563
T18666;1564
T22627;1565
T16558;1566
T16593;1567
T03483;1568
T11358;1569
T22676;1570
T00561;1571
T00034;1572
T16217;1573
T15031;1574
T00489;1575
T11245;1576
T03544;1577
T15670;1578
T26254;1579
T02247;1580
T14862;1581
T08605;1582
T12029;1583
T28982;1584
T06844;1585
T09289;1586
T20097;1587
T12937;1588
T16785;1589
T66842;1590
T69268;1591
T21613;1592
T21011;1593
T17431;1594
T18127;1595
T23815;1596
T06298;1597
T24886;1598
T00721;1599
T14846;1600
T15080;1601
T18231;1602
T16542;1603
T45673;1604
T19057;1605
T20250;1606
T02818;1607
T14936;1608
T10554;1609
T21454;1610
T15520;1611
T08786;1612
T14517;1613
T05259;1614
T15814;1615
T21321;1616
T24266;1617
T13470;1618
T15006;1619
T26212;1620
T18797;1621
T17153;1622
T15391;1623
T12619;1624
T23628;1625
T20367;1626
T61397;1627
T56880;1628
T21834;1629
T28261;1630
T19235;1631
T16253;1632
T23440;1633
T02173;1634
T02596;1635
T26174;1636
T20898;1637
T07859;1638
T29669;1639
T19278;1640
T22816;1641
T13146;1642
T09570;1643
T07217;1644
T18256;1645
T01138;1646
T04426;1647
T25691;1648
T12737;1649
T15756;1650
T18189;1651
T13598;1652
T24720;1653
T18326;1654
T24389;1655
T22217;1656
T13345;1657
T19574;1658
T12857;1659
T15675;1660
T13473;1661
T14561;1662
T20636;1663
T69219;1664
T22940;1665
T36494;1666
T12804;1667
T14655;1668
T15560;1669
T13914;1670
T22684;1671
T18514;1672
T24472;1673
T22751;1674
T00345;1675
T19524;1676
T18275;1677
T04728;1678
T07093;1679
T02567;1680
T18648;1681
T18603;1682
T10980;1683
T01649;1684
T12942;1685
T36509;1686
T36853;1687
T14779;1688
T14903;1689
T13965;1690
T24908;1691
T23519;1692
T01351;1693
T13333;1694
T21683;1695
T15976;1696
T13265;1697
T13600;1698
T21830;1699
T10815;1700
T67142;1701
T14199;1702
T01550;1703
T09451;1704
T03550;1705
T15341;1706
T01027;1707
T24700;1708
T15556;1709
T00633;1710
T06604;1711
T27208;1712
T18021;1713
T06455;1714
T16968;1715
T20252;1716
T10931;1717
T16566;1718
T04828;1719
T23419;1720
T16227;1721
T15909;1722
T20563;1723
T18901;1724
T18687;1725
T19484;1726
T10724;1727
T22679;1728
T22903;1729
T23858;1730
T22870;1731
T14519;1732
T22503;1733
T05285;1734
T10835;1735
T20715;1736
T00734;1737
T25714;1738
T17497;1739
T00793;1740
T25646;1741
T17664;1742
T15281;1743
T15283;1744
T05791;1745
T08693;1746
T17706;1747
T08959;1748
T10966;1749
T00042;1750
T18072;1751
T14690;1752
T18125;1753
T69374;1754
T16714;1755
T10150;1756
T69274;1757
T05098;1758
T11053;1759
T00464;1760
T57434;1761
T20520;1762
T15837;1763
T00932;1764
T13027;1765
T12078;1766
T17558;1767
T21185;1768
T16459;1769
T18245;1770
T19037;1771
T18361;1772
T08005;1773
T22516;1774
T18909;1775
T24565;1776
T02364;1777
T12777;1778
T22566;1779
T08728;1780
T16133;1781
T23907;1782
T13548;1783
T15032;1784
T08828;1785
T15833;1786
T23028;1787
T26419;1788
T19800;1789
T25667;1790
T10680;1791
T22699;1792
T19187;1793
T01996;1794
T11418;1795
T13116;1796
T12855;1797
T08890;1798
T24839;1799
T22338;1800
T13602;1801
T12805;1802
T14107;1803
T00999;1804
T23802;1805
T07432;1806
T03954;1807
T09448;1808
T18410;1809
T13224;1810
T12760;1811
T65860;1812
T23759;1813
T10617;1814
T24837;1815
T45988;1816
T01252;1817
T13807;1818
T10398;1819
T15055;1820
T20366;1821
T14000;1822
T04276;1823
T24071;1824
T15081;1825
T26256;1826
T20722;1827
T20779;1828
T23310;1829
T04885;1830
T04030;1831
T15043;1832
T21636;1833
T65753;1834
T11648;1835
T17382;1836
T11041;1837
T05276;1838
T02857;1839
T13787;1840
T23701;1841
T22415;1842
T01363;1843
T22965;1844
T24794;1845
T25076;1846
T36614;1847
T16927;1848
T23935;1849
T18387;1850
T14352;1851
T23240;1852
T19023;1853
T21498;1854
T22292;1855
T20566;1856
T24729;1857
T17835;1858
T09018;1859
T12194;1860
T16021;1861
T17266;1862
T09805;1863
T12617;1864
T01473;1865
T15196;1866
T14298;1867
T20686;1868
T14743;1869
T12904;1870
T23581;1871
T18759;1872
T21655;1873
T12675;1874
T11602;1875
T22877;1876
T00872;1877
T06932;1878
T55950;1879
T02789;1880
T07292;1881
T56249;1882
T67879;1883
T07488;1884
T19438;1885
T45163;1886
T01622;1887
T44474;1888
T14288;1889
T01859;1890
T22330;1891
T16449;1892
T14845;1893
T18014;1894
T25793;1895
T11694;1896
T15096;1897
T22535;1898
T00026;1899
T00361;1900
T07243;1901
T23946;1902
T14574;1903
T11511;1904
T52609;1905
T14806;1906
T14462;1907
T13137;1908
T18802;1909
T16437;1910
T02208;1911
T17182;1912
T15058;1913
T22587;1914
T15490;1915
T07094;1916
T08161;1917
T61266;1918
T06143;1919
T26409;1920
T06399;1921
T21808;1922
T00654;1923
T14586;1924
T11705;1925
T19373;1926
T25238;1927
T18301;1928
T13341;1929
T19763;1930
T14762;1931
T14648;1932
T13490;1933
T22755;1934
T01468;1935
T09632;1936
T10951;1937
T12652;1938
T12612;1939
T21126;1940
T21477;1941
T01697;1942
T14617;1943
T13968;1944
T09819;1945
T14778;1946
T12543;1947
T17278;1948
T24652;1949
T16954;1950
T27226;1951
T13028;1952
T17787;1953
T12971;1954
T06724;1955
T08213;1956
T16059;1957
T12295;1958
T14671;1959
T14296;1960
T15201;1961
T11528;1962
T09002;1963
T12722;1964
T16527;1965
T18910;1966
T19991;1967
T13630;1968
T05672;1969
T05525;1970
T00204;1971
T17240;1972
T02803;1973
T13187;1974
T36167;1975
T65746;1976
T16941;1977
T19505;1978
T12213;1979
T28641;1980
T16511;1981
T08050;1982
T17398;1983
T06290;1984
T16646;1985
T00164;1986
T69318;1987
T05765;1988
T13715;1989
T19352;1990
T01505;1991
T06631;1992
T09280;1993
T01563;1994
T03597;1995
T15879;1996
T11960;1997
T15552;1998
T04752;1999
T15375;2000
T31439;2001
T14275;2002
T11470;2003
T12542;2004
T00949;2005
T09545;2006
T20128;2007
T00115;2008
T25645;2009
T10309;2010
T14930;2011
T00154;2012
T05177;2013
T30760;2014
T12823;2015
T06977;2016
T04458;2017
T15014;2018
T01552;2019
T21625;2020
T13367;2021
T14770;2022
T13150;2023
T10540;2024
T10458;2025
T14791;2026
T46120;2027
T57718;2028
T12218;2029
T15273;2030
T14402;2031
T19702;2032
T22345;2033
T16471;2034
T00961;2035
T05000;2036
T55494;2037
T01407;2038
T12108;2039
T05935;2040
T05621;2041
T11710;2042
T07604;2043
T43679;2044
T16386;2045
T66064;2046
T24719;2047
T12668;2048
T21712;2049
T11834;2050
T09313;2051
T18747;2052
T00452;2053
T11137;2054
T01823;2055
T01523;2056
T16316;2057
T18817;2058
T23336;2059
T16113;2060
T15079;2061
T20553;2062
T29381;2063
T43953;2064
T02705;2065
T09351;2066
T25503;2067
T12060;2068
T17575;2069
T01698;2070
T15483;2071
T15259;2072
T10249;2073
T13004;2074
T02395;2075
T20792;2076
T17727;2077
T24640;2078
T02052;2079
T18607;2080
T04289;2081
T69334;2082
T23105;2083
T09493;2084
T03638;2085
T13394;2086
T15204;2087
T15503;2088
T21238;2089
T21063;2090
T20429;2091
T14172;2092
T21173;2093
T21812;2094
T11692;2095
T10260;2096
T24011;2097
T18576;2098
T08164;2099
T05172;2100
T03584;2101
T14445;2102
T05605;2103
T02187;2104
T12952;2105
T23772;2106
T01166;2107
T04248;2108
T03986;2109
T44396;2110
T11133;2111
T12960;2112
T25554;2113
T00533;2114
T15491;2115
T17231;2116
T20295;2117
T19547;2118
T14276;2119
T01710;2120
T05738;2121
T15561;2122
T14888;2123
T26264;2124
T69205;2125
T29584;2126
T12391;2127
T23153;2128
T20606;2129
T17595;2130
T00301;2131
T18903;2132
T24332;2133
T68897;2134
T01433;2135
T23486;2136
T04979;2137
T00406;2138
T21431;2139
T36942;2140
T19157;2141
T07017;2142
T16258;2143
T15848;2144
T12999;2145
T15798;2146
T14483;2147
T00160;2148
T06896;2149
T00863;2150
T23496;2151
T11631;2152
T08829;2153
T09482;2154
T11923;2155
T05464;2156
T14594;2157
T17507;2158
T24051;2159
T18845;2160
T13661;2161
T15319;2162
T11473;2163
T03904;2164
T69343;2165
T10303;2166
T00603;2167
T09612;2168
T01426;2169
T65378;2170
T10826;2171
T13886;2172
T17871;2173
T01947;2174
T11030;2175
T14976;2176
T37026;2177
T15279;2178
T13678;2179
T27384;2180
T14135;2181
T19514;2182
T08099;2183
T66392;2184
T15347;2185
T20066;2186
T22557;2187
T20977;2188
T40852;2189
T21889;2190
T16120;2191
T23044;2192
T21823;2193
T36952;2194
T18999;2195
T23462;2196
T20491;2197
T23819;2198
T01228;2199
T23089;2200
T15683;2201
T60786;2202
T08616;2203
T18858;2204
T25042;2205
T23251;2206
T22691;2207
T24590;2208
T25136;2209
T19324;2210
T17165;2211
T25085;2212
T52791;2213
T10640;2214
T21452;2215
T02870;2216
T18427;2217
T21054;2218
T18782;2219
T21025;2220
T17922;2221
T05610;2222
T21950;2223
T69311;2224
T10832;2225
T20398;2226
T14355;2227
T01348;2228
T13262;2229
T36227;2230
T02185;2231
T04977;2232
T21040;2233
T06823;2234
T14307;2235
T12418;2236
T06219;2237
T01547;2238
T13421;2239
T13451;2240
T16387;2241
T00190;2242
T60686;2243
T14356;2244
T25144;2245
T01354;2246
T14121;2247
T15928;2248
T47046;2249
T00187;2250
T02260;2251
T66122;2252
T17832;2253
T14744;2254
T24524;2255
T26140;2256
T17267;2257
T00714;2258
T00041;2259
T05387;2260
T14799;2261
T13383;2262
T01635;2263
T19782;2264
T28047;2265
T61394;2266
T17108;2267
T17584;2268
T21626;2269
T17653;2270
T07739;2271
T00200;2272
T17621;2273
T17657;2274
T07010;2275
T18964;2276
T14070;2277
T15688;2278
T25158;2279
T23387;2280
T12376;2281
T00168;2282
T14658;2283
T14765;2284
T19664;2285
T12268;2286
T17477;2287
T18991;2288
T15009;2289
T36591;2290
T21114;2291
T20942;2292
T10465;2293
T19009;2294
T14082;2295
T04640;2296
T57179;2297
T13201;2298
T13567;2299
T00337;2300
T00335;2301
T13619;2302
T21087;2303
T17352;2304
T21098;2305
T00939;2306
T15173;2307
T09864;2308
T22275;2309
T06842;2310
T20103;2311
T23888;2312
T01235;2313
T01301;2314
T02227;2315
T05078;2316
T05731;2317
T12901;2318
T15377;2319
T07036;2320
T01319;2321
T03730;2322
T19995;2323
T05339;2324
T19169;2325
T63020;2326
T20887;2327
T17805;2328
T00878;2329
T01055;2330
T22645;2331
T10685;2332
T41768;2333
T16933;2334
T21758;2335
T10780;2336
T14050;2337
T18525;2338
T69339;2339
T13843;2340
T03931;2341
T14848;2342
T17310;2343
T00905;2344
T66003;2345
T17906;2346
T23997;2347
T24097;2348
T65649;2349
T17668;2350
T10747;2351
T20743;2352
T08931;2353
T16559;2354
T09558;2355
T37218;2356
T15441;2357
T25014;2358
T16275;2359
T67006;2360
T19989;2361
T07541;2362
T02089;2363
T24040;2364
T01321;2365
T03575;2366
T15842;2367
T23787;2368
T21692;2369
T11780;2370
T00550;2371
T03080;2372
T17098;2373
T20096;2374
T16683;2375
T22121;2376
T17555;2377
T01846;2378
T13969;2379
T05988;2380
T22452;2381
T22448;2382
T19555;2383
T36340;2384
T06245;2385
T18728;2386
T21376;2387
T26272;2388
T23385;2389
T18544;2390
T13571;2391
T14254;2392
T00081;2393
T00510;2394
T10816;2395
T23357;2396
T25543;2397
T22536;2398
T19367;2399
T64888;2400
T25298;2401
T12996;2402
T26292;2403
T21153;2404
T16731;2405
T21633;2406
T18027;2407
T15057;2408
T07116;2409
T22776;2410
T18454;2411
T17952;2412
T10208;2413
T15612;2414
T16104;2415
T24749;2416
T14152;2417
T05477;2418
T04299;2419
T09353;2420
T05207;2421
T15873;2422
T14827;2423
T11381;2424
T21034;2425
T08250;2426
T17850;2427
T68907;2428
T19186;2429
T12325;2430
T43684;2431
T23721;2432
T03929;2433
T24889;2434
T17092;2435
T15567;2436
T26298;2437
T22202;2438
T12811;2439
T23046;2440
T11264;2441
T16251;2442
T22134;2443
T17559;2444
T21086;2445
T24996;2446
T00417;2447
T21765;2448
T37025;2449
T21731;2450
T20526;2451
T08503;2452
T04283;2453
T54847;2454
T66777;2455
T04009;2456
T21145;2457
T16885;2458
T12280;2459
T27523;2460
T13278;2461
T05655;2462
T19190;2463
T01095;2464
T05949;2465
T21838;2466
T01834;2467
T17017;2468
T19238;2469
T52618;2470
T18383;2471
T04875;2472
T31702;2473
T04592;2474
T17528;2475
T59926;2476
T13013;2477
T15839;2478
T06838;2479
T22959;2480
T15724;2481
T12276;2482
T17413;2483
T33453;2484
T15746;2485
T03447;2486
T23196;2487
T16414;2488
T15820;2489
T14393;2490
T13237;2491
T17430;2492
T08732;2493
T12117;2494
T15528;2495
T66820;2496
T20217;2497
T11941;2498
T21489;2499
T13805;2500
T00810;2501
T13640;2502
T13110;2503
T27179;2504
T23503;2505
T05924;2506
T14058;2507
T14670;2508
T17620;2509
T20221;2510
T16970;2511
T01719;2512
T28270;2513
T38429;2514
T11140;2515
T15133;2516
T10843;2517
T18109;2518
T03457;2519
T13892;2520
T13274;2521
T15676;2522
T04439;2523
T00623;2524
T00927;2525
T15544;2526
T22177;2527
T12399;2528
T00118;2529
T03390;2530
T17215;2531
T00114;2532
T19785;2533
T28472;2534
T18443;2535
T21933;2536
T05910;2537
T24669;2538
T16501;2539
T11351;2540
T19686;2541
T22638;2542
T23191;2543
T11216;2544
T18243;2545
T00801;2546
T05411;2547
T22741;2548
T23122;2549
T24100;2550
T21178;2551
T60061;2552
T06159;2553
T36779;2554
T14371;2555
T24701;2556
T25671;2557
T58737;2558
T27221;2559
T23921;2560
T08144;2561
T25161;2562
T10448;2563
T21483;2564
T20091;2565
T15966;2566
T19535;2567
T19598;2568
T56301;2569
T17158;2570
T21928;2571
T10755;2572
T11309;2573
T00687;2574
T18329;2575
T19902;2576
T56395;2577
T11837;2578
T25013;2579
T01847;2580
T01112;2581
T23889;2582
T04374;2583
T16188;2584
T20345;2585
T13068;2586
T23248;2587
T19585;2588
T16761;2589
T04397;2590
T01132;2591
T13163;2592
T24564;2593
T10852;2594
T19665;2595
T00700;2596
T01914;2597
T53772;2598
T12236;2599
T22688;2600
T05989;2601
T11693;2602
T14083;2603
T14373;2604
T11924;2605
T10586;2606
T57743;2607
T12943;2608
T12087;2609
T21317;2610
T02709;2611
T22675;2612
T69335;2613
T58895;2614
T01824;2615
T13498;2616
T20597;2617
T22327;2618
T14975;2619
T23189;2620
T61170;2621
T20790;2622
T12948;2623
T12615;2624
T20207;2625
T23945;2626
T33272;2627
T15076;2628
T22407;2629
T07973;2630
T00982;2631
T01423;2632
T23739;2633
T19564;2634
T21377;2635
T16066;2636
T18303;2637
T16555;2638
T24974;2639
T07945;2640
T65006;2641
T10947;2642
T14320;2643
T15741;2644
T16274;2645
T09862;2646
T24106;2647
T15792;2648
T15018;2649
T69294;2650
T07787;2651
T17166;2652
T39251;2653
T10269;2654
T20757;2655
T15501;2656
T21815;2657
T15398;2658
T20485;2659
T23311;2660
T05429;2661
T15886;2662
T44808;2663
T03069;2664
T69307;2665
T01316;2666
T19397;2667
T37305;2668
T08808;2669
T17394;2670
T12345;2671
T08248;2672
T13334;2673
T01966;2674
T14324;2675
T09458;2676
T18255;2677
T17988;2678
T29187;2679
T13472;2680
T00082;2681
T52471;2682
T07137;2683
T04178;2684
T26133;2685
T45950;2686
T17077;2687
T22927;2688
T13884;2689
T19854;2690
T16703;2691
T18225;2692
T69303;2693
T09765;2694
T19690;2695
T26295;2696
T00349;2697
T03941;2698
T15808;2699
T01338;2700
T01335;2701
T23302;2702
T19616;2703
T13547;2704
T13774;2705
T14089;2706
T05578;2707
T23340;2708
T16279;2709
T23779;2710
T06581;2711
T15508;2712
T21402;2713
T26114;2714
T21307;2715
T16922;2716
T11920;2717
T54171;2718
T01542;2719
T19678;2720
T19173;2721
T20031;2722
T20036;2723
T14560;2724
T16310;2725
T05291;2726
T05947;2727
T14578;2728
T05586;2729
T13784;2730
T12499;2731
T19140;2732
T00922;2733
T18251;2734
T16628;2735
T21313;2736
T15851;2737
T11669;2738
T25474;2739
T36590;2740
T06008;2741
T05186;2742
T22799;2743
T01021;2744
T10632;2745
T00067;2746
T22467;2747
T24713;2748
T15626;2749
T16472;2750
T25611;2751
T19269;2752
T01489;2753
T00527;2754
T19383;2755
T15972;2756
T11055;2757
T01890;2758
T14273;2759
T19003;2760
T14259;2761
T00048;2762
T15713;2763
T09372;2764
T15785;2765
T09954;2766
T15433;2767
T09653;2768
T18431;2769
T11917;2770
T07371;2771
T12465;2772
T00833;2773
T11792;2774
T14196;2775
T00344;2776
T01892;2777
T15261;2778
T52935;2779
T16123;2780
T18484;2781
T14511;2782
T12552;2783
T19468;2784
T05330;2785
T01340;2786
T02347;2787
T24653;2788
T14593;2789
T56250;2790
T14446;2791
T04017;2792
T56345;2793
T17594;2794
T00639;2795
T01535;2796
T16156;2797
T23242;2798
T03817;2799
T08486;2800
T18931;2801
T13221;2802
T06521;2803
T29632;2804
T13729;2805
T14928;2806
T18580;2807
T14884;2808
T03092;2809
T14537;2810
T27223;2811
T13202;2812
T35479;2813
T55226;2814
T06923;2815
T08629;2816
T25742;2817
T18978;2818
T01325;2819
T01282;2820
T01745;2821
T23854;2822
T23749;2823
T27240;2824
T16110;2825
T44612;2826
T20902;2827
T05606;2828
T12789;2829
T52964;2830
T60879;2831
T23670;2832
T24036;2833
T25457;2834
T17572;2835
T01795;2836
T23713;2837
T01716;2838
T19012;2839
T19112;2840
T57431;2841
T12776;2842
T13127;2843
T12840;2844
T15028;2845
T29496;2846
T15758;2847
T19691;2848
T22389;2849
T20929;2850
T18663;2851
T20417;2852
T20905;2853
T22989;2854
T17949;2855
T23640;2856
T22066;2857
T20037;2858
T20181;2859
T53006;2860
T22004;2861
T18763;2862
T22564;2863
T21092;2864
T22340;2865
T22860;2866
T43908;2867
T21789;2868
T24110;2869
T49439;2870
T17197;2871
T21871;2872
T20564;2873
T23535;2874
T19476;2875
T20677;2876
T19167;2877
T24044;2878
T23358;2879
T18719;2880
T19534;2881
T18866;2882
T21212;2883
T13414;2884
T09656;2885
T25004;2886
T25003;2887
T06633;2888
T14751;2889
T04420;2890
T11294;2891
T15038;2892
T11426;2893
T25750;2894
T56860;2895
T04600;2896
T20436;2897
T13786;2898
T28761;2899
T66521;2900
T17500;2901
T16151;2902
T02465;2903
T05298;2904
T12162;2905
T20992;2906
T16240;2907
T08499;2908
T07403;2909
T14634;2910
T00931;2911
T15529;2912
T25540;2913
T07180;2914
T03846;2915
T05460;2916
T20240;2917
T20601;2918
T23881;2919
T00733;2920
T06828;2921
T18285;2922
T16963;2923
T14538;2924
T11417;2925
T03427;2926
T01460;2927
T11492;2928
T01314;2929
T11942;2930
T25082;2931
T06422;2932
T01447;2933
T18273;2934
T23412;2935
T17883;2936
T00288;2937
T15593;2938
T02468;2939
T20479;2940
T22186;2941
T18614;2942
T17910;2943
T36248;2944
T22442;2945
T10597;2946
T11067;2947
T12850;2948
T25492;2949
T03860;2950
T15374;2951
T19810;2952
T23131;2953
T27120;2954
T18807;2955
T23528;2956
T23769;2957
T00282;2958
T19166;2959
T17636;2960
T16477;2961
T65542;2962
T20111;2963
T15016;2964
T01783;2965
T01768;2966
T15782;2967
T12622;2968
T12683;2969
T17300;2970
T58134;2971
T13239;2972
T03400;2973
T21657;2974
T06259;2975
T69282;2976
T22344;2977
T22246;2978
T66269;2979
T20434;2980
T26278;2981
T21856;2982
T18951;2983
T36799;2984
T05173;2985
T17865;2986
T15668;2987
T19481;2988
T11308;2989
T16261;2990
T16613;2991
T16138;2992
T08757;2993
T13043;2994
T11124;2995
T14978;2996
T19077;2997
T20704;2998
T25739;2999
T07203;3000
T15647;3001
T10863;3002
T18188;3003
T16874;3004
T37272;3005
T18769;3006
T18168;3007
T13596;3008
T00809;3009
T18048;3010
T03208;3011
T19575;3012
T37216;3013
T15982;3014
T14492;3015
T14042;3016
T21492;3017
T17454;3018
T59903;3019
T25624;3020
T14238;3021
T59916;3022
T11117;3023
T15163;3024
T14708;3025
T69229;3026
T65239;3027
T02997;3028
T20532;3029
T24548;3030
T20464;3031
T11513;3032
T12164;3033
T15245;3034
T12462;3035
T25772;3036
T24096;3037
T17163;3038
T14750;3039
T14516;3040
T13573;3041
T15921;3042
T15376;3043
T19122;3044
T22716;3045
T18302;3046
T69273;3047
T22666;3048
T09532;3049
T19415;3050
T14621;3051
T11088;3052
T36349;3053
T20511;3054
T02699;3055
T11452;3056
T14244;3057
T25292;3058
T20039;3059
T18616;3060
T14581;3061
T29579;3062
T13550;3063
T36507;3064
T00546;3065
T20945;3066
T15628;3067
T06751;3068
T17439;3069
T22644;3070
T07832;3071
T02783;3072
T15887;3073
T11083;3074
T14856;3075
T23667;3076
T12238;3077
T11192;3078
T07218;3079
T13289;3080
T15370;3081
T20785;3082
T22646;3083
T16901;3084
T21042;3085
T17665;3086
T21388;3087
T23253;3088
T14217;3089
T27323;3090
T24638;3091
T01385;3092
T14329;3093
T11065;3094
T15026;3095
T52877;3096
T03977;3097
T17960;3098
T16348;3099
T36518;3100
T18133;3101
T15816;3102
T12030;3103
T14654;3104
T20032;3105
T14364;3106
T33505;3107
T17907;3108
T53084;3109
T21926;3110
T53089;3111
T69257;3112
T01812;3113
T10639;3114
T43660;3115
T18977;3116
T01522;3117
T20313;3118
T10948;3119
T14534;3120
T23403;3121
T06170;3122
T25590;3123
T16821;3124
T20293;3125
T13913;3126
T22611;3127
T14596;3128
T00901;3129
T10809;3130
T04296;3131
T09167;3132
T14786;3133
T02729;3134
T56833;3135
T22234;3136
T15985;3137
T07993;3138
T16223;3139
T15102;3140
T04135;3141
T20182;3142
T18700;3143
T02126;3144
T20758;3145
T23697;3146
T15460;3147
T21005;3148
T15920;3149
T13530;3150
T13700;3151
T01507;3152
T52566;3153
T14575;3154
T14413;3155
T09793;3156
T02268;3157
T05677;3158
T13000;3159
T03034;3160
T10650;3161
T08246;3162
T12821;3163
T24737;3164
T20980;3165
T23183;3166
T21385;3167
T21265;3168
T64887;3169
T17143;3170
T23354;3171
T22319;3172
T17563;3173
T18713;3174
T22388;3175
T12367;3176
T14311;3177
T52916;3178
T23598;3179
T27307;3180
T17754;3181
T17437;3182
T14110;3183
T00177;3184
T22717;3185
T24808;3186
T12827;3187
T13510;3188
T01345;3189
T67143;3190
T13044;3191
T12836;3192
T05129;3193
T01738;3194
T12895;3195
T23104;3196
T23890;3197
T24530;3198
T10729;3199
T21472;3200
T21177;3201
T00087;3202
T60236;3203
T11610;3204
T09336;3205
T10805;3206
T15620;3207
T12516;3208
T12627;3209
T17975;3210
T23277;3211
T45109;3212
T13092;3213
T00263;3214
T03690;3215
T23305;3216
T16861;3217
T05843;3218
T23985;3219
T27917;3220
T18583;3221
T02905;3222
T01570;3223
T18503;3224
T18006;3225
T34478;3226
T23838;3227
T16230;3228
T21379;3229
T23284;3230
T18974;3231
T17007;3232
T02193;3233
T25154;3234
T13741;3235
T15264;3236
T15826;3237
T06095;3238
T08678;3239
T12699;3240
T23390;3241
T18480;3242
T16569;3243
T13763;3244
T03213;3245
T00197;3246
T25107;3247
T19004;3248
T36262;3249
T00018;3250
T23940;3251
T19748;3252
T33665;3253
T19741;3254
T01463;3255
T23743;3256
T21351;3257
T66786;3258
T10113;3259
T21026;3260
T12445;3261
T16847;3262
T13035;3263
T06845;3264
T02139;3265
T19529;3266
T22726;3267
T08741;3268
T20615;3269
T44381;3270
T11155;3271
T16020;3272
T69216;3273
T04184;3274
T01979;3275
T20880;3276
T19697;3277
T00044;3278
T23659;3279
T16529;3280
T13393;3281
T17777;3282
T18927;3283
T11099;3284
T13607;3285
T15938;3286
T22189;3287
T17326;3288
T43759;3289
T21052;3290
T41613;3291
T01639;3292
T20998;3293
T00744;3294
T59897;3295
T15216;3296
T69415;3297
T20710;3298
T19189;3299
T10965;3300
T54333;3301
T24672;3302
T20338;3303
T01905;3304
T69368;3305
T23792;3306
T05143;3307
T00443;3308
T20618;3309
T01205;3310
T16034;3311
T20357;3312
T17666;3313
T06050;3314
T23686;3315
T14313;3316
T13494;3317
T15054;3318
T16007;3319
T21375;3320
T20500;3321
T21698;3322
T15607;3323
T13624;3324
T01257;3325
T12693;3326
T15414;3327
T19819;3328
T16665;3329
T45235;3330
T66394;3331
T20726;3332
T44834;3333
T17109;3334
T21937;3335
T18824;3336
T23892;3337
T19226;3338
T14510;3339
T00438;3340
T22298;3341
T01461;3342
T15991;3343
T11262;3344
T11912;3345
T11647;3346
T10371;3347
T10783;3348
T10354;3349
T12249;3350
T20623;3351
T14629;3352
T22556;3353
T12331;3354
T19560;3355
T04255;3356
T12820;3357
T05476;3358
T10522;3359
T13871;3360
T18203;3361
T18823;3362
T01201;3363
T27242;3364
T20474;3365
T19770;3366
T25197;3367
T18902;3368
T17227;3369
T16170;3370
T22168;3371
T20873;3372
T23915;3373
T15895;3374
T22328;3375
T11300;3376
T23920;3377
T22094;3378
T23837;3379
T55689;3380
T11367;3381
T13520;3382
T16314;3383
T21019;3384
T16661;3385
T19641;3386
T25717;3387
T65395;3388
T18192;3389
T01011;3390
T02192;3391
T16163;3392
T69291;3393
T02885;3394
T10289;3395
T01777;3396
T14382;3397
T05380;3398
T21509;3399
T11324;3400
T18566;3401
T12802;3402
T16491;3403
T20431;3404
T16010;3405
T13261;3406
T18550;3407
T19694;3408
T08538;3409
T04310;3410
T08106;3411
T17760;3412
T59995;3413
T60530;3414
T12841;3415
T15527;3416
T09995;3417
T12599;3418
T56059;3419
T01213;3420
T16596;3421
T01970;3422
T15223;3423
T18604;3424
T23917;3425
T15659;3426
T22353;3427
T01580;3428
T12290;3429
T18440;3430
T17295;3431
T03245;3432
T11729;3433
T33552;3434
T21706;3435
T22553;3436
T05123;3437
T21821;3438
T05014;3439
T05418;3440
T15110;3441
T68903;3442
T20344;3443
T00371;3444
T00597;3445
T01636;3446
T17647;3447
T16182;3448
T00676;3449
T18068;3450
T65761;3451
T33266;3452
T15656;3453
T10882;3454
T54103;3455
T17074;3456
T01245;3457
T13440;3458
T20560;3459
T23492;3460
T36235;3461
T12891;3462
T15513;3463
T14526;3464
T09256;3465
T26232;3466
T13830;3467
T43901;3468
T16707;3469
T36600;3470
T17117;3471
T20643;3472
T03992;3473
T10268;3474
T10233;3475
T14618;3476
T14181;3477
T23198;3478
T13698;3479
T44835;3480
T00286;3481
T13134;3482
T13950;3483
T18009;3484
T19207;3485
T02119;3486
T19212;3487
T15299;3488
T13381;3489
T01898;3490
T23291;3491
T00706;3492
T15342;3493
T05257;3494
T05135;3495
T16003;3496
T15902;3497
T12780;3498
T16701;3499
T12892;3500
T14024;3501
T12277;3502
T19108;3503
T07045;3504
T18402;3505
T13245;3506
T66832;3507
T01652;3508
T19885;3509
T14093;3510
T18779;3511
T33114;3512
T12385;3513
T31834;3514
T23407;3515
T16224;3516
T14068;3517
T29534;3518
T21853;3519
T15516;3520
T14261;3521
T62205;3522
T01949;3523
T16302;3524
T53066;3525
T10073;3526
T14247;3527
T18592;3528
T04633;3529
T22188;3530
T15348;3531
T16308;3532
T23596;3533
T11169;3534
T12088;3535
T60238;3536
T07175;3537
T27662;3538
T25762;3539
T12003;3540
T20983;3541
T19501;3542
T02844;3543
T57788;3544
T21497;3545
T17886;3546
T08987;3547
T22798;3548
T09796;3549
T15404;3550
T16086;3551
T12629;3552
T13030;3553
T22413;3554
T22301;3555
T17464;3556
T39220;3557
T00396;3558
T08706;3559
T18702;3560
T01035;3561
T16957;3562
T15194;3563
T19772;3564
T20638;3565
T65672;3566
T23731;3567
T64547;3568
T10821;3569
T20194;3570
T20020;3571
T00268;3572
T23692;3573
T10351;3574
T00531;3575
T00319;3576
T00662;3577
T03739;3578
T02113;3579
T05548;3580
T20065;3581
T12661;3582
T01999;3583
T18240;3584
T24361;3585
T50503;3586
T20255;3587
T13242;3588
T61489;3589
T23197;3590
T19996;3591
T02438;3592
T19070;3593
T13832;3594
T18589;3595
T16585;3596
T07622;3597
T14587;3598
T00655;3599
T19670;3600
T05608;3601
T16697;3602
T35496;3603
T00617;3604
T14789;3605
T01921;3606
T01295;3607
T01292;3608
T00234;3609
T15403;3610
T12860;3611
T11022;3612
T14954;3613
T21029;3614
T13869;3615
T44170;3616
T04058;3617
T12254;3618
T15294;3619
T17345;3620
T02080;3621
T17299;3622
T17177;3623
T13305;3624
T13844;3625
T11948;3626
T14590;3627
T20979;3628
T23321;3629
T14689;3630
T19543;3631
T12215;3632
T16928;3633
T23228;3634
T36473;3635
T18716;3636
T01037;3637
T19512;3638
T03905;3639
T16298;3640
T07345;3641
T69225;3642
T02082;3643
T02548;3644
T00850;3645
T16102;3646
T00619;3647
T15464;3648
T10739;3649
T17795;3650
T63006;3651
T12037;3652
T21323;3653
T12119;3654
T20034;3655
T01457;3656
T00186;3657
T10474;3658
T12044;3659
T17465;3660
T11388;3661
T16237;3662
T22925;3663
T12709;3664
T19655;3665
T23751;3666
T65896;3667
T01405;3668
T06371;3669
T14111;3670
T28220;3671
T12498;3672
T14134;3673
T16788;3674
T01247;3675
T09755;3676
T12032;3677
T11354;3678
T16177;3679
T11560;3680
T16842;3681
T15546;3682
T00182;3683
T16723;3684
T04820;3685
T15511;3686
T24656;3687
T11563;3688
T19796;3689
T11850;3690
T15751;3691
T04395;3692
T01398;3693
T01628;3694
T17184;3695
T19674;3696
T01776;3697
T36238;3698
T02483;3699
T18818;3700
T18457;3701
T21013;3702
T26365;3703
T56716;3704
T69418;3705
T15897;3706
T13662;3707
T13733;3708
T13738;3709
T12809;3710
T11425;3711
T09524;3712
T12867;3713
T22469;3714
T22408;3715
T24464;3716
T13907;3717
T13485;3718
T03736;3719
T17043;3720
T00738;3721
T00696;3722
T31605;3723
T14193;3724
T14080;3725
T08093;3726
T03417;3727
T01022;3728
T23373;3729
T11054;3730
T07764;3731
T09097;3732
T23455;3733
T17060;3734
T25407;3735
T17585;3736
T16625;3737
T00879;3738
T04477;3739
T22358;3740
T11544;3741
T12423;3742
T13938;3743
T16128;3744
T65831;3745
T25401;3746
T15061;3747
T01122;3748
T19627;3749
T05342;3750
T03255;3751
T19985;3752
T17378;3753
T15704;3754
T01737;3755
T23804;3756
T18528;3757
T52949;3758
T10362;3759
T13971;3760
T22438;3761
T22097;3762
T23694;3763
T14471;3764
T17174;3765
T17003;3766
T09153;3767
T18102;3768
T22477;3769
T13491;3770
T04139;3771
T01692;3772
T14114;3773
T21232;3774
T10241;3775
T10923;3776
T19778;3777
T14458;3778
T25134;3779
T13295;3780
T21769;3781
T25399;3782
T10628;3783
T17001;3784
T18830;3785
T08530;3786
T12196;3787
T61484;3788
T16288;3789
T01128;3790
T06409;3791
T12595;3792
T12439;3793
T00519;3794
T14790;3795
T06876;3796
T19066;3797
T17263;3798
T10243;3799
T24647;3800
T22056;3801
T12795;3802
T21217;3803
T19988;3804
T10746;3805
T18787;3806
T10155;3807
T09366;3808
T00600;3809
T16637;3810
T20761;3811
T00894;3812
T16662;3813
T19742;3814
T11962;3815
T13653;3816
T16309;3817
T10283;3818
T06312;3819
T15790;3820
T14527;3821
T18024;3822
T14682;3823
T18391;3824
T16439;3825
T21535;3826
T36792;3827
T24651;3828
T11755;3829
T15164;3830
T09668;3831
T09861;3832
T18073;3833
T13936;3834
T13926;3835
T11831;3836
T17218;3837
T18190;3838
T08776;3839
T23329;3840
T17271;3841
T12711;3842
T65166;3843
T02074;3844
T21389;3845
T16855;3846
T18859;3847
T16760;3848
T25829;3849
T36895;3850
T05194;3851
T12775;3852
T22118;3853
T21370;3854
T08376;3855
T22034;3856
T36996;3857
T13082;3858
T14939;3859
T03418;3860
T21797;3861
T16985;3862
T13369;3863
T14917;3864
T21338;3865
T22082;3866
T15705;3867
T00524;3868
T23702;3869
T19844;3870
T01419;3871
T12801;3872
T21612;3873
T18205;3874
T20925;3875
T21724;3876
T45148;3877
T16331;3878
T14719;3879
T22813;3880
T19148;3881
T19403;3882
T00161;3883
T17688;3884
T20064;3885
T18406;3886
T00039;3887
T00358;3888
T42402;3889
T15239;3890
T25759;3891
T11886;3892
T15846;3893
T45175;3894
T06991;3895
T01960;3896
T01366;3897
T06301;3898
T25733;3899
T10938;3900
T07786;3901
T15029;3902
T01731;3903
T00625;3904
T36985;3905
T03136;3906
T20954;3907
T17535;3908
T12513;3909
T00636;3910
T13438;3911
T07679;3912
T02771;3913
T18026;3914
T01496;3915
T05454;3916
T22695;3917
T01028;3918
T22337;3919
T08363;3920
T13712;3921
T19538;3922
T12858;3923
T12400;3924
T17252;3925
T11712;3926
T10291;3927
T06943;3928
T17648;3929
T06189;3930
T27183;3931
T03485;3932
T25710;3933
T24761;3934
T13931;3935
T24769;3936
T14633;3937
T11873;3938
T19240;3939
T66889;3940
T17392;3941
T08252;3942
T16747;3943
T07563;3944
T43793;3945
T17095;3946
T20888;3947
T00559;3948
T14317;3949
T20433;3950
T14312;3951
T06244;3952
T18908;3953
T02090;3954
T02085;3955
T15595;3956
T10608;3957
T10976;3958
T11025;3959
T00873;3960
T00233;3961
T12964;3962
T07804;3963
T11248;3964
T12275;3965
T35631;3966
T14984;3967
T14015;3968
T12167;3969
T18337;3970
T27326;3971
T14938;3972
T12771;3973
T11731;3974
T13834;3975
T12266;3976
T14955;3977
T15311;3978
T23506;3979
T16587;3980
T25005;3981
T16385;3982
T13488;3983
T23646;3984
T23735;3985
T23265;3986
T02198;3987
T21819;3988
T21899;3989
T15880;3990
T07845;3991
T13710;3992
T03290;3993
T04339;3994
T36831;3995
T01416;3996
T20291;3997
T08156;3998
T19421;3999
T27234;4000
T19380;4001
T43728;4002
T16695;4003
T12089;4004
T00314;4005
T00768;4006
T22417;4007
T14886;4008
T01759;4009
T16966;4010
T02112;4011
T15923;4012
T16917;4013
T14161;4014
T21921;4015
T33502;4016
T22092;4017
T18042;4018
T15041;4019
T18313;4020
T03445;4021
T11328;4022
T17869;4023
T22949;4024
T18461;4025
T23512;4026
T15127;4027
T11576;4028
T68909;4029
T20774;4030
T17519;4031
T26208;4032
T17695;4033
T05049;4034
T22499;4035
T17384;4036
T50621;4037
T20121;4038
T20906;4039
T23812;4040
T14720;4041
T23886;4042
T22954;4043
T27291;4044
T21266;4045
T10842;4046
T21776;4047
T14374;4048
T24754;4049
T20527;4050
T13647;4051
T20461;4052
T16971;4053
T19234;4054
T66080;4055
T20324;4056
T13459;4057
T11107;4058
T16620;4059
T23022;4060
T14018;4061
T17608;4062
T20506;4063
T00903;4064
T23959;4065
T20837;4066
T02896;4067
T20385;4068
T20052;4069
T25236;4070
T22986;4071
T20569;4072
T19128;4073
T24569;4074
T20701;4075
T16554;4076
T18665;4077
T12086;4078
T16615;4079
T16732;4080
T25505;4081
T21580;4082
T43743;4083
T69289;4084
T21437;4085
T16700;4086
T23402;4087
T18638;4088
T16668;4089
T60002;4090
T23110;4091
T25551;4092
T14141;4093
T18850;4094
T20957;4095
T20573;4096
T18745;4097
T09248;4098
T13519;4099
T12877;4100
T18169;4101
T17924;4102
T23676;4103
T04688;4104
T17070;4105
T22139;4106
T23298;4107
T23349;4108
T17719;4109
T17348;4110
T19392;4111
T15709;4112
T10255;4113
T15852;4114
T61082;4115
T21244;4116
T23218;4117
T66994;4118
T20355;4119
T13480;4120
T17829;4121
T21971;4122
T25218;4123
T11504;4124
T18948;4125
T17226;4126
T21475;4127
T04856;4128
T15650;4129
T13833;4130
T22244;4131
T14230;4132
T22942;4133
T22290;4134
T20258;4135
T16229;4136
T61329;4137
T44813;4138
T22938;4139
T24659;4140
T16390;4141
T07515;4142
T07069;4143
T14771;4144
T25686;4145
T20533;4146
T15753;4147
T19972;4148
T18344;4149
T03517;4150
T21456;4151
T17099;4152
T53088;4153
T20778;4154
T04753;4155
T17307;4156
T18464;4157
T29067;4158
T19964;4159
T01019;4160
T20829;4161
T36577;4162
T05991;4163
T12889;4164
T31854;4165
T10681;4166
T04898;4167
T04888;4168
T18743;4169
T20057;4170
T18971;4171
T25046;4172
T21684;4173
T18568;4174
T31553;4175
T31329;4176
T18287;4177
T17446;4178
T03430;4179
T52999;4180
T21331;4181
T23884;4182
T18696;4183
T21867;4184
T20232;4185
T22061;4186
T23452;4187
T43721;4188
T07803;4189
T13167;4190
T17305;4191
T23125;4192
T17501;4193
T24877;4194
T21223;4195
T22412;4196
T22465;4197
T24865;4198
T22960;4199
T69410;4200
T13352;4201
T15007;4202
T08369;4203
T08645;4204
T25602;4205
T25607;4206
T19049;4207
T01102;4208
T16528;4209
T21068;4210
T08739;4211
T12142;4212
T13139;4213
T14956;4214
T08826;4215
T25617;4216
T02516;4217
T24159;4218
T16827;4219
T12211;4220
T06418;4221
T02044;4222
T17381;4223
T23996;4224
T22157;4225
T15679;4226
T11750;4227
T18274;4228
T16609;4229
T17239;4230
T17009;4231
T66023;4232
T17204;4233
T10317;4234
T13133;4235
T24136;4236
T11716;4237
T17139;4238
T19247;4239
T25089;4240
T16577;4241
T21620;4242
T11420;4243
T22262;4244
T21897;4245
T16201;4246
T22898;4247
T18108;4248
T00556;4249
T56254;4250
T21929;4251
T18446;4252
T11972;4253
T32818;4254
T04583;4255
T11040;4256
T15776;4257
T25073;4258
T12705;4259
T23897;4260
T23047;4261
T21504;4262
T24612;4263
T16686;4264
T05925;4265
T02851;4266
T07332;4267
T25692;4268
T09039;4269
T24704;4270
T25427;4271
T00094;4272
T02224;4273
T23736;4274
T23331;4275
T24592;4276
T21378;4277
T23882;4278
T65923;4279
T23664;4280
T33548;4281
T66213;4282
T20881;4283
T19540;4284
T23875;4285
T56411;4286
T36229;4287
T66868;4288
T66345;4289
T08344;4290
T21373;4291
T33394;4292
T33391;4293
T69271;4294
T43742;4295
T24230;4296
T22302;4297
T23856;4298
T20129;4299
T21199;4300
T14308;4301
T14493;4302
T21659;4303
T19780;4304
T17200;4305
T19896;4306
T08731;4307
T10069;4308
T18795;4309
T11472;4310
T06235;4311
T13516;4312
T36589;4313
T16967;4314
T36753;4315
T18051;4316
T23748;4317
T21216;4318
T29339;4319
T12581;4320
T17189;4321
T16876;4322
T22373;4323
T53710;4324
T19509;4325
T10535;4326
T17979;4327
T20099;4328
T21132;4329
T10601;4330
T15623;4331
T13788;4332
T11683;4333
T12261;4334
T33526;4335
T00100;4336
T04127;4337
T14455;4338
T23577;4339
T00611;4340
T15803;4341
T67149;4342
T18651;4343
T22705;4344
T15242;4345
T22268;4346
T16996;4347
T20127;4348
T13088;4349
T25233;4350
T22432;4351
T20040;4352
T18253;4353
T23879;4354
T13415;4355
T65817;4356
T12747;4357
T01625;4358
T21935;4359
T11751;4360
T17014;4361
T25387;4362
T12335;4363
T17175;4364
T21470;4365
T52780;4366
T14554;4367
T05503;4368
T09704;4369
T11156;4370
T12474;4371
T04256;4372
T00264;4373
T00252;4374
T03700;4375
T14626;4376
T11622;4377
T06104;4378
T16426;4379
T18463;4380
T15010;4381
T22270;4382
T53162;4383
T27225;4384
T18477;4385
T21474;4386
T15932;4387
T15412;4388
T12328;4389
T45121;4390
T24354;4391
T12731;4392
T16868;4393
T31393;4394
T16924;4395
T01671;4396
T23883;4397
T23239;4398
T07921;4399
T21411;4400
T01160;4401
T08853;4402
T65265;4403
T20069;4404
T12744;4405
T18013;4406
T19233;4407
T18088;4408
T12783;4409
T02888;4410
T00499;4411
T24034;4412
T17733;4413
T10370;4414
T19026;4415
T11818;4416
T14692;4417
T10414;4418
T03029;4419
T10823;4420
T16931;4421
T13846;4422
T59221;4423
T20285;4424
T20233;4425
T20234;4426
T20231;4427
T14836;4428
T19314;4429
T03560;4430
T02855;4431
T05272;4432
T11862;4433
T03140;4434
T00276;4435
T29543;4436
T18144;4437
T20274;4438
T07280;4439
T45274;4440
T09687;4441
T20955;4442
T24874;4443
T20531;4444
T22572;4445
T11227;4446
T10686;4447
T00295;4448
T23473;4449
T16231;4450
T03065;4451
T25535;4452
T34954;4453
T22693;4454
T18187;4455
T17361;4456
T01281;4457
T18563;4458
T11339;4459
T01409;4460
T60053;4461
T20852;4462
T02907;4463
T15919;4464
T11103;4465
T01976;4466
T00188;4467
T17294;4468
T21903;4469
T15472;4470
T15488;4471
T23710;4472
T52914;4473
T21458;4474
T19084;4475
T19699;4476
T05656;4477
T18238;4478
T19018;4479
T00116;4480
T17973;4481
T16758;4482
T18683;4483
T61338;4484
T02222;4485
T13635;4486
T36966;4487
T19411;4488
T30043;4489
T21595;4490
T21913;4491
T16960;4492
T00628;4493
T07490;4494
T00162;4495
T13623;4496
T02062;4497
T21568;4498
T17103;4499
T21569;4500
T65666;4501
T33178;4502
T20612;4503
T36780;4504
T18869;4505
T66766;4506
T15609;4507
T10551;4508
T19005;4509
T21270;4510
T11877;4511
T19257;4512
T19138;4513
T22968;4514
T18117;4515
T00307;4516
T01010;4517
T19270;4518
T15717;4519
T19236;4520
T13584;4521
T15365;4522
T17149;4523
T22772;4524
T00206;4525
T10713;4526
T14291;4527
T15422;4528
T15121;4529
T15849;4530
T20926;4531
T23551;4532
T11726;4533
T20451;4534
T69238;4535
T69385;4536
T20149;4537
T00367;4538
T12415;4539
T11428;4540
T16060;4541
T12256;4542
T14883;4543
T00389;4544
T15290;4545
T18538;4546
T11031;4547
T15658;4548
T19561;4549
T20448;4550
T18699;4551
T00002;4552
T01200;4553
T21095;4554
T10248;4555
T10563;4556
T00743;4557
T16685;4558
T33322;4559
T20596;4560
T40377;4561
T21297;4562
T22308;4563
T00708;4564
T21081;4565
T20574;4566
T16107;4567
T10952;4568
T16322;4569
T17549;4570
T09547;4571
T16644;4572
T22033;4573
T19264;4574
T16483;4575
T23988;4576
T19231;4577
T21107;4578
T21105;4579
T22098;4580
T14926;4581
T16779;4582
T01161;4583
T15917;4584
T18436;4585
T03002;4586
T17355;4587
T04736;4588
T17845;4589
T21801;4590
T10327;4591
T18863;4592
T21195;4593
T25409;4594
T52946;4595
T17815;4596
T21529;4597
T24063;4598
T09457;4599
T13841;4600
T16599;4601
T00409;4602
T56881;4603
T15417;4604
T23800;4605
T15699;4606
T17729;4607
T15349;4608
T33450;4609
T25779;4610
T12843;4611
T15123;4612
T00277;4613
T02695;4614
T18259;4615
T11626;4616
T10156;4617
T16448;4618
T05415;4619
T19545;4620
T23260;4621
T04326;4622
T22818;4623
T00798;4624
T24999;4625
T18912;4626
T23523;4627
T01441;4628
T14180;4629
T20766;4630
T18470;4631
T18473;4632
T22374;4633
T19781;4634
T19093;4635
T13538;4636
T17419;4637
T23185;4638
T21468;4639
T00354;4640
T05044;4641
T37225;4642
T19418;4643
T19227;4644
T25244;4645
T18367;4646
T13654;4647
T22065;4648
T20142;4649
T07129;4650
T25366;4651
T17399;4652
T05251;4653
T01615;4654
T08278;4655
T11233;4656
T21292;4657
T56854;4658
T12436;4659
T17956;4660
T08064;4661
T24455;4662
T05834;4663
T22784;4664
T17887;4665
T21065;4666
T00838;4667
T11927;4668
T22766;4669
T18539;4670
T19445;4671
T21607;4672
T18547;4673
T21704;4674
T15809;4675
T18832;4676
T52671;4677
T01561;4678
T00767;4679
T00258;4680
T19965;4681
T07663;4682
T22312;4683
T16269;4684
T20668;4685
T15783;4686
T25279;4687
T66398;4688
T16507;4689
T24535;4690
T20024;4691
T03247;4692
T18209;4693
T25064;4694
T14638;4695
T52546;4696
T21886;4697
T20308;4698
T12991;4699
T03258;4700
T17994;4701
T01920;4702
T19836;4703
T21200;4704
T23607;4705
T25119;4706
T13264;4707
T17948;4708
T00036;4709
T19210;4710
T01428;4711
T06807;4712
T16696;4713
T01030;4714
T21364;4715
T01822;4716
T12201;4717
T00799;4718
T03413;4719
T01381;4720
T11553;4721
T22607;4722
T23098;4723
T01629;4724
T16584;4725
T66990;4726
T27536;4727
T19290;4728
T06785;4729
T09374;4730
T16042;4731
T12378;4732
T23978;4733
T16317;4734
T19938;4735
T15563;4736
T11447;4737
T19010;4738
T16659;4739
T12526;4740
T24722;4741
T23579;4742
T26155;4743
T31392;4744
T20137;4745
T18158;4746
T21809;4747
T37032;4748
T23600;4749
T18084;4750
T16024;4751
T18934;4752
T19366;4753
T18028;4754
T03392;4755
T23399;4756
T20190;4757
T23994;4758
T06481;4759
T11699;4760
T24039;4761
T21534;4762
T11991;4763
T05850;4764
T22616;4765
T25364;4766
T14601;4767
T05755;4768
T20740;4769
T21839;4770
T41590;4771
T17671;4772
T14079;4773
T16423;4774
T19191;4775
T14664;4776
T13091;4777
T06848;4778
T26300;4779
T21348;4780
T09277;4781
T23337;4782
T01126;4783
T29615;4784
T43963;4785
T18762;4786
T03079;4787
T21885;4788
T23644;4789
T18502;4790
T00099;4791
T03964;4792
T21995;4793
T17179;4794
T16109;4795
T20836;4796
T12318;4797
T01212;4798
T20900;4799
T20831;4800
T20646;4801
T01387;4802
T03975;4803
T13268;4804
T18236;4805
T18567;4806
T18001;4807
T16445;4808
T00644;4809
T22142;4810
T21711;4811
T16657;4812
T24002;4813
T24657;4814
T12894;4815
T21584;4816
T12075;4817
T13083;4818
T22397;4819
T23505;4820
T15862;4821
T24504;4822
T00273;4823
T05971;4824
T18376;4825
T14245;4826
T15484;4827
T16134;4828
T16369;4829
T11343;4830
T00166;4831
T67700;4832
T13887;4833
T00302;4834
T69407;4835
T17031;4836
T13315;4837
T26196;4838
T16689;4839
T17089;4840
T21396;4841
T16339;4842
T19668;4843
T22255;4844
T19159;4845
T11531;4846
T16608;4847
T00463;4848
T23466;4849
T03421;4850
T25490;4851
T07842;4852
T42696;4853
T12099;4854
T01164;4855
T19059;4856
T19679;4857
T00781;4858
T19002;4859
T10179;4860
T16030;4861
T23293;4862
T00346;4863
T05570;4864
T20903;4865
T00663;4866
T30719;4867
T02081;4868
T14197;4869
T23536;4870
T20605;4871
T07429;4872
T22199;4873
T01582;4874
T15663;4875
T21405;4876
T04418;4877
T20134;4878
T14767;4879
T14410;4880
T22440;4881
T20514;4882
T19285;4883
T21111;4884
T65443;4885
T00120;4886
T22451;4887
T19667;4888
T18639;4889
T53763;4890
T20747;4891
T61417;4892
T14185;4893
T21072;4894
T25378;4895
T32563;4896
T25573;4897
T20177;4898
T18849;4899
T18139;4900
T00563;4901
T15952;4902
T18612;4903
T13336;4904
T09949;4905
T29418;4906
T69362;4907
T21339;4908
T18433;4909
T23514;4910
T00695;4911
T45628;4912
T12051;4913
T06057;4914
T54198;4915
T10470;4916
T18876;4917
T01504;4918
T08752;4919
T00717;4920
T00971;4921
T07620;4922
T00780;4923
T00184;4924
T60000;4925
T21108;4926
T14265;4927
T19952;4928
T53057;4929
T16033;4930
T18152;4931
T25072;4932
T42538;4933
T21094;4934
T25542;4935
T10188;4936
T17866;4937
T15323;4938
T24294;4939
T17276;4940
T28213;4941
T23062;4942
T22537;4943
T17921;4944
T22169;4945
T16235;4946
T19930;4947
T65453;4948
T18260;4949
T67023;4950
T26918;4951
T18524;4952
T20425;4953
T02415;4954
T19409;4955
T04845;4956
T05482;4957
T23966;4958
T22588;4959
T18735;4960
T22983;4961
T00479;4962
T13620;4963
T24990;4964
T12455;4965
T57242;4966
T15136;4967
T18460;4968
T14494;4969
T23309;4970
T43794;4971
T21603;4972
T21539;4973
T12510;4974
T16571;4975
T07337;4976
T08125;4977
T10751;4978
T11802;4979
T28955;4980
T15652;4981
T61204;4982
T15350;4983
T64943;4984
T23835;4985
T65693;4986
T05624;4987
T10486;4988
T17147;4989
T13714;4990
T27621;4991
T20400;4992
T20856;4993
T15187;4994
T16898;4995
T15506;4996
T23061;4997
T39189;4998
T26282;4999
T21878;5000
T17292;5001
T16462;5002
T24505;5003
T17313;5004
T05993;5005
T07248;5006
T01673;5007
T12046;5008
T11402;5009
T15300;5010
T11672;5011
T13216;5012
T14306;5013
T18690;5014
T12206;5015
T01992;5016
T15416;5017
T28757;5018
T13402;5019
T25619;5020
T20062;5021
T11537;5022
T04608;5023
T14016;5024
T00068;5025
T23426;5026
T16403;5027
T24003;5028
T20931;5029
T00836;5030
T02110;5031
T01540;5032
T21611;5033
T26191;5034
T20494;5035
T23557;5036
T03479;5037
T22370;5038
T43707;5039
T13740;5040
T25689;5041
T56212;5042
T36475;5043
T43959;5044
T12784;5045
T07090;5046
T21355;5047
T14095;5048
T03114;5049
T25342;5050
T01370;5051
T02883;5052
T10581;5053
T08531;5054
T21649;5055
T69251;5056
T17649;5057
T22671;5058
T22851;5059
T04423;5060
T69193;5061
T25379;5062
T03008;5063
T11746;5064
T18196;5065
T00165;5066
T17264;5067
T19144;5068
T21958;5069
T04976;5070
T14897;5071
T10265;5072
T21827;5073
T18874;5074
T10524;5075
T00267;5076
T27310;5077
T45193;5078
T01312;5079
T14284;5080
T12924;5081
T18094;5082
T13758;5083
T19153;5084
T16958;5085
T13327;5086
T08682;5087
T00471;5088
T01043;5089
T15276;5090
T21944;5091
T19088;5092
T10568;5093
T08163;5094
T33415;5095
T08652;5096
T12107;5097
T16307;5098
T12040;5099
T65019;5100
T20086;5101
T13835;5102
T12935;5103
T12446;5104
T00083;5105
T11499;5106
T15151;5107
T17050;5108
T19515;5109
T23908;5110
T07502;5111
T16266;5112
T15345;5113
T18121;5114
T21151;5115
T69256;5116
T16053;5117
T25022;5118
T27324;5119
T28969;5120
T08785;5121
T11293;5122
T13142;5123
T12090;5124
T04871;5125
T53085;5126
T12981;5127
T65653;5128
T11321;5129
T17959;5130
T21050;5131
T14251;5132
T60247;5133
T21119;5134
T12320;5135
T12258;5136
T14832;5137
T11868;5138
T18946;5139
T03063;5140
T02079;5141
T24265;5142
T11144;5143
T12605;5144
T20680;5145
T05673;5146
T00019;5147
T54845;5148
T19185;5149
T00016;5150
T04851;5151
T17155;5152
T18214;5153
T36955;5154
T69074;5155
T65322;5156
T17801;5157
T66845;5158
T05930;5159
T19172;5160
T07613;5161
T29636;5162
T18046;5163
T27355;5164
T23682;5165
T22386;5166
T52617;5167
T20876;5168
T00592;5169
T13915;5170
T05620;5171
T15324;5172
T15118;5173
T01945;5174
T01191;5175
T52564;5176
T28772;5177
T19106;5178
T12968;5179
T19642;5180
T69265;5181
T20206;5182
T23272;5183
T23159;5184
T21637;5185
T19152;5186
T23954;5187
T11518;5188
T14031;5189
T57428;5190
T17582;5191
T24012;5192
T06073;5193
T08191;5194
T12882;5195
T16682;5196
T08299;5197
T21720;5198
T00192;5199
T23746;5200
T26144;5201
T17011;5202
T15591;5203
T11394;5204
T10376;5205
T14838;5206
T20536;5207
T08230;5208
T19672;5209
T19871;5210
T02572;5211
T23707;5212
T55543;5213
T69390;5214
T44242;5215
T17187;5216
T02561;5217
T25406;5218
T15682;5219
T10405;5220
T12485;5221
T10508;5222
T14598;5223
T03615;5224
T03453;5225
T12451;5226
T17181;5227
T16600;5228
T19441;5229
T17288;5230
T23548;5231
T03987;5232
T23177;5233
T22258;5234
T02039;5235
T19079;5236
T25501;5237
T21643;5238
T16796;5239
T21293;5240
T04550;5241
T03482;5242
T17694;5243
T20205;5244
T20519;5245
T45012;5246
T17601;5247
T15906;5248
T01315;5249
T36219;5250
T60854;5251
T18761;5252
T18142;5253
T26163;5254
T16095;5255
T66926;5256
T22656;5257
T05422;5258
T52673;5259
T26399;5260
T16026;5261
T60987;5262
T19766;5263
T10945;5264
T20501;5265
T04905;5266
T12673;5267
T05489;5268
T14710;5269
T07876;5270
T20996;5271
T16757;5272
T16168;5273
T23245;5274
T09367;5275
T20949;5276
T16729;5277
T17738;5278
T04532;5279
T08516;5280
T20051;5281
T16795;5282
T11935;5283
T17388;5284
T20043;5285
T15543;5286
T33557;5287
T44780;5288
T12753;5289
T00300;5290
T20658;5291
T14823;5292
T15112;5293
T22591;5294
T23409;5295
T01238;5296
T01134;5297
T19456;5298
T16098;5299
T12330;5300
T16440;5301
T26166;5302
T20390;5303
T04657;5304
T21278;5305
T17943;5306
T24373;5307
T20189;5308
T11523;5309
T52950;5310
T10817;5311
T23958;5312
T00488;5313
T24127;5314
T52882;5315
T20973;5316
T53838;5317
T24584;5318
T12831;5319
T66223;5320
T19462;5321
T16720;5322
T20879;5323
T10589;5324
T18442;5325
T20399;5326
T22732;5327
T53992;5328
T23732;5329
T17877;5330
T10902;5331
T66534;5332
T17193;5333
T18242;5334
T02117;5335
T20916;5336
T01203;5337
T17964;5338
T02207;5339
T15637;5340
T16867;5341
T19213;5342
T19980;5343
T18434;5344
T19413;5345
T06726;5346
T20849;5347
T10082;5348
T17053;5349
T17813;5350
T16672;5351
T12033;5352
T21910;5353
T19056;5354
T09994;5355
T12645;5356
T19302;5357
T25452;5358
T15968;5359
T16652;5360
T05193;5361
T55495;5362
T54106;5363
T65445;5364
T17167;5365
T17748;5366
T23324;5367
T16799;5368
T23558;5369
T15967;5370
T26726;5371
T46431;5372
T22540;5373
T33664;5374
T17673;5375
T12824;5376
T11959;5377
T16210;5378
T03047;5379
T14738;5380
T69350;5381
T01334;5382
T43701;5383
T00058;5384
T21536;5385
T12670;5386
T21410;5387
T02590;5388
T13760;5389
T11370;5390
T14735;5391
T21251;5392
T18629;5393
T08886;5394
T16653;5395
T13929;5396
T04390;5397
T52884;5398
T36796;5399
T29585;5400
T19961;5401
T07581;5402
T53224;5403
T14927;5404
T68016;5405
T08665;5406
T15047;5407
T00143;5408
T23168;5409
T18074;5410
T13744;5411
T22391;5412
T10318;5413
T04790;5414
T11349;5415
T01253;5416
T28499;5417
T18556;5418
T00704;5419
T23124;5420
T17915;5421
T66487;5422
T13294;5423
T18642;5424
T18836;5425
T36251;5426
T09945;5427
T01782;5428
T21272;5429
T08614;5430
T15364;5431
T02160;5432
T18141;5433
T17386;5434
T22104;5435
T69261;5436
T23565;5437
T08379;5438
T16207;5439
T22491;5440
T54158;5441
T10737;5442
T21237;5443
T24960;5444
T31411;5445
T16614;5446
T16986;5447
T16984;5448
T08496;5449
T16211;5450
T21172;5451
T04900;5452
T09371;5453
T21994;5454
T15225;5455
T06216;5456
T65625;5457
T22582;5458
T04669;5459
T17509;5460
T24572;5461
T21227;5462
T15386;5463
T21493;5464
T36821;5465
T22889;5466
T22558;5467
T16978;5468
T05120;5469
T25532;5470
T20186;5471
T01266;5472
T06793;5473
T21733;5474
T21855;5475
T23247;5476
T17470;5477
T00980;5478
T14023;5479
T12252;5480
T10274;5481
T26137;5482
T24380;5483
T22103;5484
T20782;5485
T16565;5486
T65543;5487
T61626;5488
T21800;5489
T16935;5490
T16642;5491
T18565;5492
T08069;5493
T22943;5494
T06006;5495
T15353;5496
T19036;5497
T65756;5498
T22007;5499
T33957;5500
T22658;5501
T00975;5502
T19021;5503
T53506;5504
T12292;5505
T10489;5506
T12969;5507
T19760;5508
T19653;5509
T12874;5510
T54846;5511
T21488;5512
T14043;5513
T20210;5514
T14274;5515
T14631;5516
T22495;5517
T17078;5518
T19420;5519
T26175;5520
T10503;5521
T11151;5522
T01553;5523
T18397;5524
T25595;5525
T16442;5526
T05780;5527
T12903;5528
T11182;5529
T22208;5530
T22941;5531
T17708;5532
T24483;5533
T23031;5534
T03786;5535
T20868;5536
T21740;5537
T14195;5538
T17642;5539
T01192;5540
T02146;5541
T00400;5542
T00840;5543
T21465;5544
T16417;5545
T04416;5546
T18086;5547
T45693;5548
T02200;5549
T07627;5550
T00043;5551
T29654;5552
T10814;5553
T15956;5554
T11882;5555
T15640;5556
T25788;5557
T00480;5558
T19048;5559
T16805;5560
T44901;5561
T16116;5562
T20257;5563
T11436;5564
T20709;5565
T16383;5566
T02191;5567
T15313;5568
T19228;5569
T20222;5570
T08329;5571
T62679;5572
T15881;5573
T00772;5574
T21457;5575
T10781;5576
T22754;5577
T14920;5578
T08654;5579
T08641;5580
T31857;5581
T20724;5582
T18771;5583
T23389;5584
T12864;5585
T14742;5586
T17823;5587
T00761;5588
T52845;5589
T13432;5590
T19123;5591
T19639;5592
T16702;5593
T06273;5594
T25148;5595
T21097;5596
T11148;5597
T00122;5598
T11738;5599
T08270;5600
T22201;5601
T16677;5602
T21429;5603
T23508;5604
T20423;5605
T19331;5606
T56859;5607
T21469;5608
T16789;5609
T13433;5610
T22512;5611
T18356;5612
T17928;5613
T18131;5614
T17817;5615
T19886;5616
T06539;5617
T00223;5618
T16411;5619
T01598;5620
T01647;5621
T13772;5622
T15492;5623
T12606;5624
T06678;5625
T12041;5626
T00759;5627
T00758;5628
T23096;5629
T01736;5630
T23562;5631
T20476;5632
T00823;5633
T20935;5634
T24693;5635
T45164;5636
T19054;5637
T19594;5638
T00517;5639
T14754;5640
T17160;5641
T19232;5642
T00259;5643
T11561;5644
T01904;5645
T23674;5646
T10682;5647
T19019;5648
T07023;5649
T09753;5650
T21679;5651
T16436;5652
T22141;5653
T17978;5654
T17991;5655
T08041;5656
T52658;5657
T10340;5658
T12316;5659
T15739;5660
T22087;5661
T19614;5662
T13293;5663
T20323;5664
T24137;5665
T12687;5666
T01382;5667
T10895;5668
T16159;5669
T13093;5670
T16195;5671
T19436;5672
T01442;5673
T16509;5674
T12341;5675
T18969;5676
T24680;5677
T13840;5678
T22525;5679
T59924;5680
T00831;5681
T00391;5682
T15672;5683
T52670;5684
T10312;5685
T69237;5686
T23464;5687
T52654;5688
T01362;5689
T17625;5690
T16979;5691
T15871;5692
T18613;5693
T15807;5694
T13687;5695
T11724;5696
T11779;5697
T27345;5698
T22433;5699
T24578;5700
T09676;5701
T16160;5702
T01516;5703
T00193;5704
T05214;5705
T61975;5706
T10789;5707
T19637;5708
T14003;5709
T21722;5710
T03604;5711
T17617;5712
T18632;5713
T22844;5714
T00229;5715
T04476;5716
T18681;5717
T67140;5718
T06210;5719
T19399;5720
T03812;5721
T15800;5722
T09196;5723
T37219;5724
T25813;5725
T23101;5726
T14239;5727
T17306;5728
T20007;5729
T00820;5730
T56884;5731
T24714;5732
T03333;5733
T16841;5734
T01839;5735
T61211;5736
T15722;5737
T00506;5738
T14474;5739
T18422;5740
T21015;5741
T00119;5742
T00993;5743
T19969;5744
T17941;5745
T41586;5746
T16468;5747
T20565;5748
T00074;5749
T10877;5750
T05219;5751
T21255;5752
T19347;5753
T57430;5754
T16520;5755
T01306;5756
T23323;5757
T17156;5758
T01599;5759
T12042;5760
T01144;5761
T21122;5762
T01279;5763
T21225;5764
T08578;5765
T02186;5766
T18478;5767
T11467;5768
T00518;5769
T25782;5770
T22800;5771
T13378;5772
T14725;5773
T10806;5774
T40743;5775
T21296;5776
T15355;5777
T15734;5778
T00205;5779
T16488;5780
T15000;5781
T15541;5782
T55519;5783
T22711;5784
T00132;5785
T14385;5786
T10290;5787
T15671;5788
T17365;5789
T01239;5790
T25491;5791
T00474;5792
T23102;5793
T16807;5794
T20473;5795
T18577;5796
T36787;5797
T04966;5798
T18988;5799
T00220;5800
T01870;5801
T18561;5802
T19891;5803
T14127;5804
T00272;5805
T14691;5806
T02645;5807
T18077;5808
T11757;5809
T22324;5810
T16915;5811
T19828;5812
T23049;5813
T01829;5814
T69375;5815
T23585;5816
T11201;5817
T01930;5818
T04830;5819
T22513;5820
T12505;5821
T13597;5822
T23408;5823
T24816;5824
T43687;5825
T00837;5826
T15296;5827
T06596;5828
T06597;5829
T03863;5830
T13270;5831
T14060;5832
T51606;5833
T00364;5834
T13742;5835
T16362;5836
T01767;5837
T00393;5838
T04253;5839
T04946;5840
T16906;5841
T13940;5842
T12053;5843
T18808;5844
T00336;5845
T13155;5846
T01549;5847
T18007;5848
T11331;5849
T10519;5850
T19406;5851
T07215;5852
T01541;5853
T21814;5854
T19798;5855
T21737;5856
T56972;5857
T18519;5858
T12183;5859
T18520;5860
T14565;5861
T09229;5862
T13123;5863
T66769;5864
T11479;5865
T00730;5866
T17482;5867
T19567;5868
T13536;5869
T09898;5870
T20826;5871
T02723;5872
T15045;5873
T14840;5874
T19492;5875
T14338;5876
T00895;5877
T00053;5878
T00579;5879
T18098;5880
T29616;5881
T41602;5882
T17206;5883
T13632;5884
T13170;5885
T07750;5886
T23662;5887
T21003;5888
T05057;5889
T28923;5890
T21858;5891
T00889;5892
T10385;5893
T24558;5894
T13910;5895
T01169;5896
T13206;5897
T11725;5898
T15132;5899
T21399;5900
T06743;5901
T18059;5902
T00852;5903
T16595;5904
T17529;5905
T04320;5906
T23588;5907
T13023;5908
T11538;5909
T15040;5910
T12460;5911
T04602;5912
T18617;5913
T12842;5914
T09906;5915
T07554;5916
T20960;5917
T19429;5918
T07805;5919
T18175;5920
T11981;5921
T11094;5922
T11092;5923
T15046;5924
T01577;5925
T24124;5926
T36712;5927
T21306;5928
T00035;5929
T17693;5930
T20469;5931
T00724;5932
T02083;5933
T17597;5934
T20290;5935
T24072;5936
T65863;5937
T19887;5938
T21149;5939
T00942;5940
T16474;5941
T19353;5942
T10033;5943
T04126;5944
T13777;5945
T06815;5946
T07769;5947
T17876;5948
T02920;5949
T10731;5950
T19424;5951
T21078;5952
T25111;5953
T21965;5954
T14576;5955
T09815;5956
T08086;5957
T22291;5958
T08941;5959
T10605;5960
T18610;5961
T17201;5962
T08104;5963
T21091;5964
T00472;5965
T18386;5966
T01038;5967
T27434;5968
T04187;5969
T17172;5970
T17084;5971
T16305;5972
T23447;5973
T33521;5974
T10955;5975
T25696;5976
T26007;5977
T16944;5978
T21540;5979
T21627;5980
T01699;5981
T06361;5982
T02150;5983
T02460;5984
T32846;5985
T11340;5986
T01456;5987
T17739;5988
T16286;5989
T00251;5990
T22304;5991
T10347;5992
T19835;5993
T03579;5994
T17170;5995
T08370;5996
T14002;5997
T26116;5998
T08802;5999
T61510;6000
T01637;6001
T22466;6002
T20798;6003
T08021;6004
T15692;6005
T14572;6006
T10300;6007
T23270;6008
T24000;6009
T23841;6010
T07327;6011
T01695;6012
T23461;6013
T17145;6014
T14425;6015
T13037;6016
T12806;6017
T02229;6018
T03656;6019
T10861;6020
T21600;6021
T17036;6022
T12788;6023
T08081;6024
T65913;6025
T17422;6026
T01663;6027
T20487;6028
T69366;6029
T22769;6030
T21703;6031
T21775;6032
T22824;6033
T14919;6034
T10684;6035
T26115;6036
T25688;6037
T13856;6038
T15832;6039
T18537;6040
T20589;6041
T14057;6042
T02008;6043
T08951;6044
T23233;6045
T14895;6046
T16366;6047
T56971;6048
T00788;6049
T26165;6050
T19582;6051
T10851;6052
T16484;6053
T37086;6054
T27868;6055
T15530;6056
T16052;6057
T53044;6058
T18483;6059
T01327;6060
T01807;6061
T61625;6062
T07534;6063
T10415;6064
T17730;6065
T16765;6066
T12016;6067
T56258;6068
T09026;6069
T17873;6070
T14133;6071
T06439;6072
T17064;6073
T19643;6074
T15980;6075
T15748;6076
T20163;6077
T61610;6078
T11101;6079
T03937;6080
T56450;6081
T24358;6082
T23529;6083
T06812;6084
T25086;6085
T20386;6086
T17895;6087
T57427;6088
T24611;6089
T09910;6090
T09352;6091
T06658;6092
T00093;6093
T61340;6094
T15011;6095
T17613;6096
T20449;6097
T10727;6098
T52784;6099
T10501;6100
T09651;6101
T19096;6102
T24073;6103
T18336;6104
T13978;6105
T14669;6106
T03353;6107
T18157;6108
T01418;6109
T13789;6110
T14707;6111
T15542;6112
T14518;6113
T18049;6114
T02205;6115
T60529;6116
T00511;6117
T16389;6118
T26414;6119
T17062;6120
T07525;6121
T25250;6122
T13007;6123
T25655;6124
T12263;6125
T12740;6126
T25783;6127
T12293;6128
T10280;6129
T03742;6130
T01154;6131
T11536;6132
T21328;6133
T19539;6134
T14215;6135
T24836;6136
T36812;6137
T15083;6138
T22444;6139
T14740;6140
T03388;6141
T51312;6142
T03265;6143
T11884;6144
T36236;6145
T19432;6146
T00992;6147
T56458;6148
T15840;6149
T20161;6150
T22322;6151
T08463;6152
T10989;6153
T24025;6154
T23678;6155
T01401;6156
T11274;6157
T08091;6158
T00516;6159
T10795;6160
T01927;6161
T12664;6162
T19104;6163
T20622;6164
T19744;6165
T25334;6166
T29845;6167
T02362;6168
T54176;6169
T14760;6170
T05531;6171
T04429;6172
T21460;6173
T21240;6174
T10237;6175
T12872;6176
T23992;6177
T16481;6178
T19175;6179
T22461;6180
T00117;6181
T00124;6182
T13169;6183
T03415;6184
T13652;6185
T11396;6186
T11872;6187
T17533;6188
T45116;6189
T05546;6190
T16836;6191
T08426;6192
T18507;6193
T27301;6194
T14326;6195
T15044;6196
T13358;6197
T00038;6198
T01406;6199
T01594;6200
T18668;6201
T19975;6202
T15908;6203
T21253;6204
T19022;6205
T22421;6206
T15435;6207
T12413;6208
T00390;6209
T01896;6210
T21213;6211
T59896;6212
T13382;6213
T21436;6214
T21051;6215
T14843;6216
T14844;6217
T01872;6218
T01873;6219
T02524;6220
T12697;6221
T15584;6222
T19696;6223
T26895;6224
T00476;6225
T00969;6226
T12914;6227
T22369;6228
T00713;6229
T16299;6230
T22435;6231
T11926;6232
T12768;6233
T23361;6234
T15233;6235
T12205;6236
T15389;6237
T10320;6238
T15903;6239
T10583;6240
T06131;6241
T15572;6242
T12573;6243
T00376;6244
T15098;6245
T15984;6246
T15095;6247
T13891;6248
T17656;6249
T64857;6250
T20558;6251
T24885;6252
T19305;6253
T17627;6254
T11562;6255
T36941;6256
T11038;6257
T20027;6258
T34389;6259
T52667;6260
T19606;6261
T19382;6262
T00608;6263
T21291;6264
T23635;6265
T11928;6266
T69260;6267
T11361;6268
T15192;6269
T18541;6270
T19816;6271
T20056;6272
T25083;6273
T18465;6274
T16037;6275
T19035;6276
T16365;6277
T02118;6278
T20712;6279
T11600;6280
T21423;6281
T13238;6282
T17670;6283
T66457;6284
T01493;6285
T36822;6286
T05118;6287
T24061;6288
T24599;6289
T16704;6290
T16169;6291
T05148;6292
T15721;6293
T11019;6294
T69333;6295
T13085;6296
T12597;6297
T03680;6298
T18081;6299
T15068;6300
T24529;6301
T65266;6302
T23685;6303
T14427;6304
T04087;6305
T00944;6306
T20999;6307
T25084;6308
T13599;6309
T12011;6310
T19379;6311
T13604;6312
T17513;6313
T15072;6314
T14094;6315
T11708;6316
T13391;6317
T17682;6318
T06735;6319
T14387;6320
T23070;6321
T04162;6322
T01220;6323
T17896;6324
T12554;6325
T20789;6326
T06291;6327
T16000;6328
T11551;6329
T05127;6330
T15427;6331
T00871;6332
T14144;6333
T14923;6334
T21621;6335
T12349;6336
T16375;6337
T61171;6338
T20510;6339
T19946;6340
T01410;6341
T23569;6342
T60886;6343
T14186;6344
T52934;6345
T00965;6346
T15507;6347
T13650;6348
T22874;6349
T16273;6350
T03908;6351
T26470;6352
T23203;6353
T12715;6354
T12658;6355
T11488;6356
T02164;6357
T24663;6358
T55216;6359
T14722;6360
T53121;6361
T14822;6362
T01693;6363
T23675;6364
T12019;6365
T03919;6366
T20401;6367
T64991;6368
T10450;6369
T18655;6370
T10516;6371
T05983;6372
T06837;6373
T22002;6374
T20941;6375
T15262;6376
T19444;6377
T16371;6378
T21931;6379
T05295;6380
T16058;6381
T07638;6382
T18396;6383
T23516;6384
T18920;6385
T16669;6386
T20893;6387
T13867;6388
T11462;6389
T01722;6390
T13119;6391
T11341;6392
T22685;6393
T15144;6394
T11985;6395
T17312;6396
T21032;6397
T00569;6398
T21854;6399
T03346;6400
T07376;6401
T16476;6402
T13762;6403
T18248;6404
T15540;6405
T35100;6406
T13951;6407
T01372;6408
T24057;6409
T66857;6410
T22708;6411
T15859;6412
T19254;6413
T03491;6415
T24911;6416
T16911;6417
T04140;6418
T52965;6419
T20692;6420
T02675;6421
T69387;6422
T15418;6423
T12035;6424
T04991;6425
T13919;6426
T21090;6427
T15576;6428
T01785;6429
T15844;6430
T12354;6431
T52496;6432
T25735;6433
T15498;6434
T00667;6435
T10725;6436
T13559;6437
T14019;6438
T11291;6439
T28930;6440
T00383;6441
T22987;6442
T11080;6443
T20891;6444
T18335;6445
T19119;6446
T52842;6447
T21743;6448
T14001;6449
T23384;6450
T20838;6451
T00046;6452
T33443;6453
T00156;6454
T17144;6455
T22765;6456
T25558;6457
T22758;6458
T11932;6459
T01987;6460
T05558;6461
T08805;6462
T12149;6463
T20299;6464
T02792;6465
T54172;6466
T22203;6467
T14310;6468
T17806;6469
T16705;6470
T67364;6471
T17546;6472
T01694;6473
T22661;6474
T22003;6475
T16295;6476
T05613;6477
T22150;6478
T23666;6479
T18366;6480
T15428;6481
T16213;6482
T02216;6483
T22780;6484
T15340;6485
T14447;6486
T23524;6487
T06612;6488
T23511;6489
T13575;6490
T16427;6491
T17672;6492
T19906;6493
T00692;6494
T21071;6495
T00249;6496
T19595;6497
T23093;6498
T27887;6499
T13487;6500
T10406;6501
T15738;6502
T00149;6503
T17314;6504
T23127;6505
T69248;6506
T02147;6507
T11697;6508
T24951;6509
T01036;6510
T14017;6511
T17493;6512
T12116;6513
T08067;6514
T12368;6515
T01919;6516
T20016;6517
T12467;6518
T11644;6519
T21368;6520
T05942;6521
T15554;6522
T54905;6523
T58917;6524
T03558;6525
T16174;6526
T35497;6527
T11027;6528
T36586;6529
T61192;6530
T06016;6531
T21632;6532
T15021;6533
T19652;6534
T02280;6535
T00981;6536
T17046;6537
T18055;6538
T17950;6539
T17438;6540
T21392;6541
T05211;6542
T16510;6543
T07205;6544
T02983;6545
T00324;6546
T10242;6547
T21522;6548
T29583;6549
T32275;6550
T19404;6551
T18227;6552
T23651;6553
T04809;6554
T08368;6555
T10742;6556
T17757;6557
T19180;6558
T15502;6559
T25097;6560
T16049;6561
T10561;6562
T06600;6563
T14128;6564
T23308;6565
T02067;6566
T16457;6567
T22339;6568
T23747;6569
T14400;6570
T25723;6571
T18291;6572
T18295;6573
T56975;6574
T18212;6575
T17284;6576
T11813;6577
T15119;6578
T14858;6579
T10485;6580
T17476;6581
T13622;6582
T12782;6583
T16394;6584
T07585;6585
T01972;6586
T11018;6587
T21374;6588
T05659;6589
T21592;6590
T01744;6591
T17771;6592
T12742;6593
T15569;6594
T14124;6595
T15743;6596
T18736;6597
T18631;6598
T02258;6599
T03896;6600
T00150;6601
T16482;6602
T02903;6603
T13557;6604
T10231;6605
T22783;6606
T22781;6607
T03646;6608
T23442;6609
T15942;6610
T52945;6611
T16326;6612
T14723;6613
T00372;6614
T16801;6615
T17433;6616
T56861;6617
T00673;6618
T00674;6619
T01479;6620
T21586;6621
T00598;6622
T53163;6623
T13743;6624
T61409;6625
T17309;6626
T23237;6627
T23859;6628
T24435;6629
T23995;6630
T10121;6631
T22589;6632
T59925;6633
T07968;6634
T01183;6635
T24260;6636
T01537;6637
T23339;6638
T14774;6639
T20901;6640
T17986;6641
T19892;6642
T12994;6643
T18487;6644
T19954;6645
T43790;6646
T14227;6647
T11768;6648
T23274;6649
T04947;6650
T19504;6651
T13389;6652
T04433;6653
T11464;6654
T21008;6655
T53116;6656
T09813;6657
T12803;6658
T01276;6659
T36771;6660
T10793;6661
T16287;6662
T01365;6663
T12689;6664
T01833;6665
T07049;6666
T04941;6667
T21096;6668
T07704;6669
T20452;6670
T36519;6671
T00656;6672
T05514;6673
T23538;6674
T22081;6675
T07896;6676
T10107;6677
T01471;6678
T69369;6679
T15129;6680
T16135;6681
T02845;6682
T12001;6683
T04923;6684
T00614;6685
T13927;6686
T08257;6687
T01404;6688
T22984;6689
T02326;6690
T18958;6691
T02248;6692
T09735;6693
T23163;6694
T03826;6695
T16031;6696
T12848;6697
T17846;6698
T12534;6699
T00751;6700
T21176;6701
T26109;6702
T02059;6703
T16350;6704
T66116;6705
T11277;6706
T04173;6707
T08883;6708
T17799;6709
T09719;6710
T66989;6711
T21428;6712
T00812;6713
T22405;6714
T16489;6715
T20131;6716
T21120;6717
T18950;6718
T23849;6719
T23771;6720
T23360;6721
T02814;6722
T12634;6723
T10649;6724
T20702;6725
T11076;6726
T24570;6727
T10419;6728
T24682;6729
T15172;6730
T02987;6731
T36221;6732
T13002;6733
T19143;6734
T03866;6735
T09672;6736
T10630;6737
T16997;6738
T19291;6739
T04609;6740
T22642;6741
T21500;6742
T21533;6743
T10874;6744
T02764;6745
T02140;6746
T05359;6747
T19193;6748
T26294;6749
T08699;6750
T22762;6751
T17291;6752
T13924;6753
T09041;6754
T05125;6755
T11409;6756
T10433;6757
T00537;6758
T01739;6759
T06003;6760
T23498;6761
T12426;6762
T23564;6763
T20263;6764
T14957;6765
T17610;6766
T23007;6767
T15994;6768
T10263;6769
T14960;6770
T54870;6771
T41705;6772
T01952;6773
T00925;6774
T21047;6775
T23018;6776
T18228;6777
T17967;6778
T15268;6779
T25434;6780
T12680;6781
T04508;6782
T18820;6783
T19052;6784
T08377;6785
T17820;6786
T16497;6787
T07760;6788
T11272;6789
T16335;6790
T00342;6791
T21350;6792
T11591;6793
T35076;6794
T03942;6795
T36997;6796
T10738;6797
T15720;6798
T23836;6799
T01012;6800
T23116;6801
T61083;6802
T21766;6803
T05615;6804
T12598;6805
T21341;6806
T07726;6807
T04952;6808
T07924;6809
T01491;6810
T19243;6811
T08087;6812
T14684;6813
T22231;6814
T20948;6815
T19660;6816
T61060;6817
T13466;6818
T05899;6819
T11798;6820
T16001;6821
T11914;6822
T25570;6823
T20242;6824
T25050;6825
T13343;6826
T66317;6827
T16075;6828
T21499;6829
T12601;6830
T19343;6831
T21788;6832
T14473;6833
T12555;6834
T21446;6835
T01691;6836
T20964;6837
T16008;6838
T59363;6839
T17228;6840
T19586;6841
T56559;6842
T05838;6843
T18390;6844
T11082;6845
T17436;6846
T04727;6847
T02219;6848
T22980;6849
T01248;6850
T08539;6851
T29060;6852
T00397;6853
T20512;6854
T23201;6855
T19647;6856
T21481;6857
T26426;6858
T14993;6859
T17111;6860
T17916;6861
T15393;6862
T14990;6863
T21058;6864
T06500;6865
T13746;6866
T27241;6867
T23346;6868
T19439;6869
T02065;6870
T11975;6871
T36223;6872
T09798;6873
T11283;6874
T11566;6875
T11921;6876
T03393;6877
T15953;6878
T12650;6879
T02097;6880
T43744;6881
T21667;6882
T15304;6883
T26276;6884
T09631;6885
T14983;6886
T11680;6887
T20862;6888
T36292;6889
T15162;6890
T25612;6891
T12930;6892
T06450;6893
T23729;6894
T22756;6895
T05133;6896
T13325;6897
T22026;6898
T11416;6899
T23730;6900
T10230;6901
T52620;6902
T20591;6903
T20990;6904
T33666;6905
T11189;6906
T23887;6907
T20165;6908
T22463;6909
T42543;6910
T08059;6911
T21211;6912
T15726;6913
T00290;6914
T25746;6915
T08694;6916
T23788;6917
T18730;6918
T17427;6919
T20054;6920
T10622;6921
T10911;6922
T17833;6923
T60369;6924
T18379;6925
T01984;6926
T18937;6927
T36914;6928
T22917;6929
T08068;6930
T24964;6931
T16762;6932
T01135;6933
T20130;6934
T20609;6935
T22357;6936
T18311;6937
T23216;6938
T18717;6939
T17629;6940
T21045;6941
T16754;6942
T06164;6943
T69297;6944
T21507;6945
T16505;6946
T20236;6947
T66284;6948
T18686;6949
T44150;6950
T11585;6951
T66263;6952
T13565;6953
T21194;6954
T22055;6955
T11681;6956
T22030;6957
T21741;6958
T17602;6959
T19739;6960
T25647;6961
T20940;6962
T11282;6963
T10645;6964
T20432;6965
T21010;6966
T19950;6967
T22364;6968
T01478;6969
T11391;6970
T11509;6971
T45194;6972
T18878;6973
T20284;6974
T00297;6975
T13097;6976
T11503;6977
T24496;6978
T18276;6979
T17325;6980
T22485;6981
T19248;6982
T19557;6983
T18673;6984
T10867;6985
T36593;6986
T27482;6987
T19309;6988
T43714;6989
T13131;6990
T10379;6991
T08072;6992
T17417;6993
T09985;6994
T18691;6995
T21482;6996
T02868;6997
T11458;6998
T24297;6999
T21109;7000
T23109;7001
T24920;7002
T52905;7003
T17455;7004
T17944;7005
T25001;7006
T22926;7007
T19723;7008
T17702;7009
T12175;7010
T20456;7011
T17340;7012
T25235;7013
T23972;7014
T13877;7015
T06675;7016
T12487;7017
T56858;7018
T19636;7019
T23843;7020
T33480;7021
T18756;7022
T20678;7023
T00536;7024
T01939;7025
T06179;7026
T19970;7027
T07365;7028
T22409;7029
T25534;7030
T56217;7031
T18262;7032
T21303;7033
T15963;7034
T20659;7035
T16570;7036
T01494;7037
T11344;7038
T22497;7039
T00388;7040
T11301;7041
T16992;7042
T15381;7043
T21226;7044
T23825;7045
T16840;7046
T04760;7047
T10392;7048
T22517;7049
T23559;7050
T16342;7051
T21725;7052
T15566;7053
T00352;7054
T23208;7055
T22402;7056
T25164;7057
T19396;7058
T15496;7059
T24637;7060
T06047;7061
T69315;7062
T21615;7063
T12065;7064
T03829;7065
T25704;7066
T01350;7067
T04461;7068
T13671;7069
T69296;7070
T17337;7071
T23775;7072
T23636;7073
T16763;7074
T26312;7075
T23086;7076
T24088;7077
T24086;7078
T11734;7079
T14076;7080
T17063;7081
T24095;7082
T17590;7083
T21246;7084
T18309;7085
T66723;7086
T14075;7087
T14810;7088
T18994;7089
T52829;7090
T15013;7091
T16692;7092
T01740;7093
T12058;7094
T19502;7095
T16912;7096
T14868;7097
T33629;7098
T69267;7099
T23770;7100
T52542;7101
T07925;7102
T02178;7103
T19028;7104
T15559;7105
T37253;7106
T22686;7107
T22586;7108
T52548;7109
T20956;7110
T16889;7111
T18268;7112
T23494;7113
T25034;7114
T10211;7115
T25203;7116
T17759;7117
T23424;7118
T04850;7119
T01089;7120
T15957;7121
T14663;7122
T12726;7123
T16913;7124
T07131;7125
T12609;7126
T16802;7127
T03471;7128
T13052;7129
T15195;7130
T22625;7131
T01574;7132
T55318;7133
T13228;7134
T16153;7135
T04451;7136
T01869;7137
T03636;7138
T11564;7139
T23152;7140
T14119;7141
T22072;7142
T18100;7143
T17794;7144
T11864;7145
T29188;7146
T08681;7147
T11980;7148
T15857;7149
T10671;7150
T25585;7151
T16444;7152
T66374;7153
T19615;7154
T23057;7155
T08554;7156
T19602;7157
T03858;7158
T25077;7159
T22518;7160
T15949;7161
T23364;7162
T61861;7163
T17543;7164
T03718;7165
T66219;7166
T02184;7167
T26158;7168
T26324;7169
T15036;7170
T18826;7171
T08293;7172
T13749;7173
T13759;7174
T21686;7175
T16130;7176
T18661;7177
T44854;7178
T18553;7179
T03947;7180
T00544;7181
T11603;7182
T14357;7183
T59984;7184
T16155;7185
T19454;7186
T60675;7187
T17851;7188
T17798;7189
T02041;7190
T11431;7191
T15181;7192
T22599;7193
T10420;7194
T10920;7195
T14830;7196
T02992;7197
T01606;7198
T17035;7199
T01856;7200
T13298;7201
T65070;7202
T17478;7203
T13435;7204
T14699;7205
T22909;7206
T17901;7207
T17616;7208
T20771;7209
T18806;7210
T12676;7211
T05504;7212
T21308;7213
T20216;7214
T18148;7215
T69309;7216
T13822;7217
T47971;7218
T02791;7219
T61628;7220
T61633;7221
T15451;7222
T14912;7223
T10880;7224
T12667;7225
T15439;7226
T14989;7227
T18413;7228
T11901;7229
T04141;7230
T23784;7231
T17364;7232
T19609;7233
T22670;7234
T56855;7235
T15549;7236
T17652;7237
T17472;7238
T14746;7239
T21810;7240
T32778;7241
T15685;7242
T29562;7243
T22920;7244
T16500;7245
T22906;7246
T08924;7247
T03319;7248
T11811;7249
T15214;7250
T02199;7251
T16045;7252
T21214;7253
T12097;7254
T17219;7255
T25217;7256
T24190;7257
T02161;7258
T54315;7259
T13288;7260
T16330;7261
T27385;7262
T36545;7263
T23181;7264
T23896;7265
T18635;7266
T20264;7267
T29170;7268
T19114;7269
T07357;7270
T03077;7271
T21948;7272
T03163;7273
T17006;7274
T00384;7275
T17726;7276
T04791;7277
T18265;7278
T13984;7279
T12536;7280
T17202;7281
T08193;7282
T19081;7283
T20409;7284
T15716;7285
T18798;7286
T21606;7287
T24760;7288
T69200;7289
T25190;7290
T17002;7291
T15627;7292
T25463;7293
T23515;7294
T00705;7295
T18968;7296
T19041;7297
T00020;7298
T13465;7299
T15431;7300
T12370;7301
T56403;7302
T15178;7303
T23722;7304
T20753;7305
T14667;7306
T60222;7307
T23951;7308
T26241;7309
T21484;7310
T03241;7311
T65382;7312
T22355;7313
T10212;7314
T12288;7315
T23280;7316
T09377;7317
T13361;7318
T15358;7319
T21842;7320
T14959;7321
T14088;7322
T21744;7323
T21325;7324
T26364;7325
T06116;7326
T11439;7327
T07594;7328
T18667;7329
T61405;7330
T20082;7331
T13185;7332
T17328;7333
T10315;7334
T17057;7335
T01650;7336
T02499;7337
T14747;7338
T16435;7339
T52631;7340
T00688;7341
T04261;7342
T17377;7343
T15446;7344
T13964;7345
T20387;7346
T18281;7347
T14500;7348
T13603;7349
T09817;7350
T23060;7351
T24205;7352
T69363;7353
T01560;7354
T19552;7355
T19917;7356
T10660;7357
T13145;7358
T06297;7359
T01232;7360
T13657;7361
T57183;7362
T16525;7363
T17855;7364
T45173;7365
T01268;7366
T23186;7367
T04992;7368
T11048;7369
T15526;7370
T23618;7371
T15993;7372
T05769;7373
T04634;7374
T22181;7375
T19320;7376
T15565;7377
T33366;7378
T16486;7379
T20374;7380
T09409;7381
T18848;7382
T54177;7383
T25676;7384
T00089;7385
T69240;7386
T61108;7387
T19192;7388
T19506;7389
T22287;7390
T06133;7391
T20180;7392
T60021;7393
T18930;7394
T33269;7395
T21770;7396
T19960;7397
T69373;7398
T18332;7399
T18772;7400
T25530;7401
T20714;7402
T08915;7403
T00509;7404
T05038;7405
T22894;7406
T19430;7407
T22647;7408
T16056;7409
T16469;7410
T07652;7411
T25465;7412
T28926;7413
T07575;7414
T00902;7415
T16846;7416
T68686;7417
T25024;7418
T24506;7419
T19008;7420
T66232;7421
T25043;7422
T21576;7423
T64073;7424
T62729;7425
T17717;7426
T16778;7427
T31611;7428
T23459;7429
T16783;7430
T15998;7431
T23517;7432
T11973;7433
T21100;7434
T21732;7435
T23799;7436
T36654;7437
T05010;7438
T16961;7439
T11571;7440
T09876;7441
T21512;7442
T11347;7443
T20301;7444
T23223;7445
T19666;7446
T66856;7447
T43950;7448
T19463;7449
T12748;7450
T10642;7451
T13511;7452
T13514;7453
T13515;7454
T10525;7455
T18935;7456
T59904;7457
T21187;7458
T14123;7459
T04788;7460
T16645;7461
T18075;7462
T00732;7463
T08348;7464
T02023;7465
T11390;7466
T23734;7467
T17391;7468
T05623;7469
T10997;7470
T11632;7471
T21124;7472
T28957;7473
T11709;7474
T17839;7475
T19747;7476
T19092;7477
T25785;7478
T21041;7479
T36756;7480
T02731;7481
T23170;7482
T00179;7483
T67147;7484
T16994;7485
T06568;7486
T22488;7487
T11131;7488
T17443;7489
T00521;7490
T01288;7491
T14794;7492
T16561;7493
T04814;7494
T15380;7495
T24832;7496
T65238;7497
T20447;7498
T01243;7499
T00056;7500
T21334;7501
T12909;7502
T18552;7503
T00049;7504
T13836;7505
T22303;7506
T09878;7507
T09879;7508
T21945;7509
T11855;7510
T04208;7511
T12493;7512
T12080;7513
T69264;7514
T20166;7515
T45662;7516
T14036;7517
T15555;7518
T18481;7519
T01085;7520
T12978;7521
T04059;7522
T01784;7523
T65316;7524
T08535;7525
T16495;7526
T18328;7527
T07027;7528
T23230;7529
T09889;7530
T01534;7531
T12429;7532
T22454;7533
T17286;7534
T14934;7535
T01545;7536
T16447;7537
T18722;7538
T15359;7539
T14647;7540
T23158;7541
T01048;7542
T00937;7543
T22289;7544
T12342;7545
T19875;7546
T10942;7547
T37215;7548
T15258;7549
T00062;7550
T13107;7551
T17113;7552
T02579;7553
T11572;7554
T18891;7555
T15551;7556
T00123;7557
T11468;7558
T11142;7559
T65332;7560
T17856;7561
T15060;7562
T15684;7563
T09857;7564
T10339;7565
T17402;7566
T16995;7567
T16597;7568
T14287;7569
T20133;7570
T00107;7571
T15256;7572
T16650;7573
T11011;7574
T13474;7575
T59981;7576
T20648;7577
T10507;7578
T16073;7579
T13911;7580
T15244;7581
T00311;7582
T14403;7583
T15786;7584
T01420;7585
T14059;7586
T10889;7587
T14216;7588
T15598;7589
T23176;7590
T23898;7591
T17357;7592
T14167;7593
T12084;7594
T16947;7595
T06105;7596
T14151;7597
T52740;7598
T15155;7599
T16770;7600
T00433;7601
T13673;7602
T15574;7603
T07442;7604
T16794;7605
T44732;7606
T20406;7607
T04347;7608
T19273;7609
T19328;7610
T16301;7611
T06725;7612
T11162;7613
T14412;7614
T11956;7615
T25277;7616
T16355;7617
T00985;7618
T15689;7619
T19431;7620
T15486;7621
T09786;7622
T05312;7623
T21705;7624
T15469;7625
T02018;7626
T61176;7627
T13903;7628
T12728;7629
T14728;7630
T01684;7631
T25421;7632
T12504;7633
T18929;7634
T16197;7635
T06026;7636
T10214;7637
T10085;7638
T12519;7639
T00105;7640
T11204;7641
T23872;7642
T14348;7643
T14614;7644
T18358;7645
T24773;7646
T20966;7647
T10871;7648
T18283;7649
T23733;7650
T10323;7651
T20315;7652
T61647;7653
T16773;7654
T21940;7655
T24798;7656
T17496;7657
T25639;7658
T19355;7659
T10430;7660
T10277;7661
T23317;7662
T13481;7663
T14087;7664
T11782;7665
T02168;7666
T14759;7667
T16461;7668
T25774;7669
T19925;7670
T16800;7671
T08997;7672
T14325;7673
T19626;7674
T02891;7675
T44781;7676
T22427;7677
T19197;7678
T20191;7679
T12912;7680
T23623;7681
T00854;7682
T19842;7683
T52600;7684
T00045;7685
T00037;7686
T15752;7687
T16539;7688
T25053;7689
T14156;7690
T16406;7691
T24228;7692
T20144;7693
T69349;7694
T69327;7695
T19244;7696
T36989;7697
T16612;7698
T17998;7699
T18811;7700
T23095;7701
T10324;7702
T21880;7703
T20271;7704
T24834;7705
T67151;7706
T17194;7707
T33403;7708
T05637;7709
T05506;7710
T01395;7711
T18829;7712
T04144;7713
T11250;7714
T04974;7715
T04046;7716
T09674;7717
T60531;7719
T23625;7720
T09736;7721
T19825;7722
T19493;7723
T00551;7724
T54141;7725
T12761;7726
T16543;7727
T18179;7728
T23234;7729
T16681;7730
T12459;7731
T30134;7732
T18352;7733
T15438;7734
T14262;7735
T05708;7736
T19818;7737
T02088;7738
T07802;7739
T64936;7740
T03406;7741
T19576;7742
T18657;7743
T07520;7744
T14657;7745
T33506;7746
T11047;7747
T69210;7748
T14741;7749
T12665;7750
T20805;7751
T06843;7752
T00908;7753
T22939;7754
T36810;7755
T05450;7756
T69331;7757
T18740;7758
T51401;7759
T00596;7760
T05956;7761
T25711;7762
T16582;7763
T09749;7764
T21487;7765
T11411;7766
T69204;7767
T11851;7768
T00278;7769
T06220;7770
T01852;7771
T65273;7772
T00924;7773
T13196;7774
T00134;7775
T01848;7776
T11634;7777
T02538;7778
T12896;7779
T17785;7780
T11397;7781
T11451;7782
T14999;7783
T04446;7784
T23075;7785
T12628;7786
T18819;7787
T22137;7788
T25745;7789
T21076;7790
T18010;7791
T14007;7792
T32573;7793
T23263;7794
T00172;7795
T10075;7796
T16164;7797
T09946;7798
T12586;7799
T11607;7800
T23456;7801
T06530;7802
T07132;7803
T11797;7804
T13425;7805
T21455;7806
T69312;7807
T04465;7808
T02342;7809
T69351;7810
T03381;7811
T15900;7812
T13471;7813
T25063;7814
T33392;7815
T15885;7816
T10110;7817
T14177;7818
T17037;7819
T04808;7820
T21957;7821
T20507;7822
T11147;7823
T15073;7824
T07055;7825
T15522;7826
T27207;7827
T00735;7828
T07747;7829
T13554;7830
T13301;7831
T33560;7832
T22842;7833
T16118;7834
T17358;7835
T20910;7836
T18331;7837
T07046;7838
T09652;7839
T00620;7840
T14545;7841
T12579;7842
T14932;7843
T14937;7844
T61099;7845
T22723;7846
T11266;7847
T55214;7848
T17603;7849
T07456;7850
T04558;7851
T00575;7852
T12570;7853
T12571;7854
T12577;7855
T01446;7856
T13605;7857
T14362;7858
T15462;7859
T00047;7860
T00720;7861
T20711;7862
T06580;7863
T24078;7864
T16080;7865
T22707;7866
T01475;7867
T20811;7868
T21693;7869
T00270;7870
T12358;7871
T11657;7872
T23437;7873
T15642;7874
T16257;7875
T13960;7876
T04445;7877
T23115;7878
T12438;7879
T07678;7880
T45178;7881
T13392;7882
T19853;7883
T02137;7884
T26146;7885
T10672;7886
T01879;7887
T17863;7888
T13396;7889
T10374;7890
T00189;7891
T19388;7892
T15979;7893
T14606;7894
T20310;7895
T15025;7896
T10707;7897
T02777;7898
T13541;7899
T09630;7900
T14772;7901
T00283;7902
T01584;7903
T02241;7904
T15797;7905
T17343;7906
T00841;7907
T21664;7908
T01026;7909
T08596;7910
T13685;7911
T02170;7912
T14795;7913
T00360;7914
T04065;7915
T02221;7916
T12800;7917
T19030;7918
T11149;7919
T16214;7920
T33507;7921
T10787;7922
T65417;7923
T18887;7924
T01544;7925
T14025;7926
T31742;7927
T01802;7928
T13790;7929
T10788;7930
T08347;7931
T09877;7932
T39161;7933
T10872;7934
T10924;7935
T13113;7936
T06987;7937
T01007;7938
T10184;7939
T01860;7940
T14090;7941
T21653;7942
T21752;7943
T23313;7944
T23333;7945
T02390;7946
T07331;7947
T13878;7948
T13371;7949
T20575;7950
T10377;7951
T18900;7952
T17168;7953
T17261;7954
T18679;7955
T03107;7956
T06053;7957
T14422;7958
T16551;7959
T22443;7960
T23903;7961
T25734;7962
T23714;7963
T24751;7964
T03761;7965
T21329;7966
T22414;7967
T04130;7968
T11654;7969
T36255;7970
T05967;7971
T18837;7972
T22226;7973
T00024;7974
T01963;7975
T09938;7976
T17466;7977
T56951;7978
T21461;7979
T14318;7980
T21269;7981
T16522;7982
T00404;7983
T21061;7984
T21591;7985
T25669;7986
T16061;7987
T10532;7988
T19311;7989
T14126;7990
T11790;7991
T19872;7992
T52763;7993
T52737;7994
T21505;7995
T20089;7996
T18739;7997
T06766;7998
T16780;7999
T09831;8000
T03023;8001
T11814;8002
T17045;8003
T20329;8004
T19573;8005
T23467;8006
T06680;8007
T07130;8008
T01961;8009
T13337;8010
T13838;8011
T54184;8012
T13297;8013
T20530;8014
T12096;8015
T16121;8016
T13156;8017
T02225;8018
T08400;8019
T01897;8020
T16256;8021
T16412;8022
T02056;8023
T18816;8024
T13039;8025
T16062;8026
T27214;8027
T24263;8028
T02951;8029
T00216;8030
T13526;8031
T13401;8032
T69275;8033
T15402;8034
T10984;8035
T33663;8036
T23593;8037
T18640;8038
T16849;8039
T25549;8040
T13299;8041
T04314;8042
T13249;8043
T05533;8044
T01520;8045
T26180;8046
T11934;8047
T18701;8048
T02127;8049
T36825;8050
T07661;8051
T53525;8052
T20819;8053
T22595;8054
T17699;8055
T12059;8056
T22697;8057
T21020;8058
T37233;8059
T12241;8060
T01588;8061
T16663;8062
T12517;8063
T21073;8064
T03806;8065
T21912;8066
T18407;8067
T08677;8068
T02123;8069
T13995;8070
T23509;8071
T31340;8072
T19786;8073
T25070;8074
T21222;8075
T32785;8076
T44564;8077
T16479;8078
T01015;8079
T01065;8080
T25797;8081
T28783;8082
T23001;8083
T60108;8084
T52635;8085
T16969;8086
T27338;8087
T16103;8088
T15378;8089
T09210;8090
T45155;8091
T22445;8092
T25613;8093
T20090;8094
T20841;8095
T21318;8096
T17152;8097
T22126;8098
T00861;8099
T21774;8100
T23791;8101
T05022;8102
T20006;8103
T17808;8104
T05526;8105
T66393;8106
T14175;8107
T13688;8108
T68906;8109
T22299;8110
T21648;8111
T14201;8112
T16429;8113
T16675;8114
T00395;8115
T10560;8116
T22165;8117
T16346;8118
T43778;8119
T22854;8120
T07257;8121
T19141;8122
T17121;8123
T21254;8124
T13292;8125
T24817;8126
T10647;8127
T01521;8128
T14717;8129
T21963;8130
T19715;8131
T21964;8132
T21390;8133
T13748;8134
T21723;8135
T14477;8136
T69376;8137
T23388;8138
T17548;8139
T36808;8140
T08520;8141
T13363;8142
T23314;8143
T10775;8144
T53762;8145
T20930;8146
T22593;8147
T00394;8148
T01267;8149
T05833;8150
T18349;8151
T17486;8152
T16909;8153
T16183;8154
T07356;8155
T22706;8156
T10193;8157
T12336;8158
T14376;8159
T22243;8160
T25449;8161
T11393;8162
T01318;8163
T08208;8164
T15769;8165
T16125;8166
T11290;8167
T01931;8168
T04098;8169
T13385;8170
T21639;8171
T11427;8172
T22667;8173
T13674;8174
T00626;8175
T00827;8176
T04158;8177
T03191;8178
T01787;8179
T25694;8180
T08414;8181
T52967;8182
T13096;8183
T01364;8184
T16328;8185
T10498;8186
T17311;8187
T26783;8188
T60534;8189
T20786;8190
T16837;8191
T24384;8192
T21439;8193
T07662;8194
T04290;8195
T36225;8196
T14464;8197
T08721;8198
T10625;8199
T10710;8200
T20505;8201
T13593;8202
T12267;8203
T57429;8204
T58937;8205
T19011;8206
T00594;8207
T01928;8208
T18562;8209
T16244;8210
T12224;8211
T12379;8212
T15514;8213
T03216;8214
T20078;8215
T45386;8216
T28324;8217
T06704;8218
T03957;8219
T15795;8220
T16839;8221
T17025;8222
T19651;8223
T22985;8224
T16883;8225
T16734;8226
T18976;8227
T23137;8228
T25220;8229
T19712;8230
T56638;8231
T00539;8232
T01337;8233
T19874;8234
T08139;8235
T19951;8236
T02267;8237
T19513;8238
T22060;8239
T23989;8240
T11059;8241
T52545;8242
T23232;8243
T24543;8244
T22981;8245
T18575;8246
T07992;8247
T23266;8248
T13795;8249
T20277;8250
T21382;8251
T13854;8252
T13916;8253
T00652;8254
T48560;8255
T20613;8256
T19277;8257
T13546;8258
T15070;8259
T65262;8260
T22091;8261
T19719;8262
T45244;8263
T17359;8264
T25231;8265
T18000;8266
T14865;8267
T17783;8268
T24888;8269
T23878;8270
T52659;8271
T13125;8272
T14194;8273
T13329;8274
T00562;8275
T20397;8276
T24725;8277
T18752;8278
T16171;8279
T06968;8280
T06180;8281
T00867;8282
T08506;8283
T20626;8284
T25041;8285
T01969;8286
T22575;8287
T20292;8288
T12718;8289
T23289;8290
T17083;8291
T19097;8292
T23521;8293
T55242;8294
T69250;8295
T60850;8296
T13316;8297
T35049;8298
T24114;8299
T25120;8300
T20579;8301
T25614;8302
T08027;8303
T15535;8304
T01297;8305
T25641;8306
T38510;8307
T11987;8308
T05681;8309
T00196;8310
T56835;8311
T00669;8312
T00791;8313
T16574;8314
T06420;8315
T09087;8316
T12640;8317
T00764;8318
T08322;8319
T14433;8320
T29431;8321
T32306;8322
T24046;8323
T18831;8324
T11584;8325
T13819;8326
T19625;8327
T22256;8328
T64927;8329
T15618;8330
T24188;8331
T02946;8332
T08080;8333
T29576;8334
T14085;8335
T14686;8336
T22109;8337
T03397;8338
T09033;8339
T16658;8340
T12954;8341
T00294;8342
T05358;8343
T17353;8344
T17692;8345
T60360;8346
T10578;8347
T67898;8348
T23259;8349
T45174;8350
T14302;8351
T18997;8352
T11849;8353
T10245;8354
T22073;8355
T08335;8356
T12887;8357
T12685;8358
T13532;8359
T19300;8360
T00090;8361
T17274;8362
T05549;8363
T00175;8364
T00169;8365
T22961;8366
T01895;8367
T65372;8368
T18733;8369
T10655;8370
T12582;8371
T27356;8372
T12983;8373
T43683;8374
T19177;8375
T21601;8376
T20340;8377
T02063;8378
T15088;8379
T20307;8380
T20136;8381
T21316;8382
T24621;8383
T00420;8384
T12881;8385
T13946;8386
T20118;8387
T12260;8388
T07717;8389
T23271;8390
T00057;8391
T20889;8392
T10588;8393
T10574;8394
T10314;8395
T17457;8396
T18985;8397
T10301;8398
T10316;8399
T12066;8400
T18232;8401
T09981;8402
T57728;8403
T12217;8404
T22425;8405
T21791;8406
T10820;8407
T25172;8408
T11785;8409
T19929;8410
T12876;8411
T05927;8412
T36305;8413
T17296;8414
T02292;8415
T10690;8416
T00430;8417
T00515;8418
T39152;8419
T43674;8420
T01950;8421
T00710;8422
T18145;8423
T17315;8424
T05966;8425
T26205;8426
T69386;8427
T07194;8428
T16108;8429
T14039;8430
T06891;8431
T11760;8432
T11643;8433
T19490;8434
T21678;8435
T15978;8436
T14992;8437
T16907;8438
T36576;8439
T04765;8440
T05678;8441
T16096;8442
T13021;8443
T01459;8444
T66976;8445
T00380;8446
T16999;8447
T19224;8448
T10635;8449
T22569;8450
T68306;8451
T09263;8452
T18031;8453
T14948;8454
T17395;8455
T14344;8456
T27554;8457
T11953;8458
T12559;8459
T20335;8460
T15430;8461
T19288;8462
T15494;8463
T07828;8464
T18966;8465
T14859;8466
T18451;8467
T54170;8468
T02022;8469
T07521;8470
T06208;8471
T21996;8472
T00385;8473
T21462;8474
T36802;8475
T04348;8476
T09021;8477
T00444;8478
T25166;8479
T53232;8480
T02781;8481
T23695;8482
T01438;8483
T65688;8484
T66073;8485
T18246;8486
T25177;8487
T10505;8488
T00690;8489
T16122;8490
T14808;8491
T26407;8492
T11125;8493
T14343;8494
T08371;8495
T13233;8496
T17502;8497
T16036;8498
T36947;8499
T08956;8500
T32580;8501
T21369;8502
T21517;8503
T14996;8504
T25767;8505
T00904;8506
T28580;8507
T45623;8508
T20095;8509
T02151;8510
T10946;8511
T11323;8512
T13773;8513
T24553;8514
T15845;8515
T19319;8516
T22420;8517
T43400;8518
T16070;8519
T24639;8520
T16733;8521
T06477;8522
T11808;8523
T11481;8524
T07523;8525
T13255;8526
T17130;8527
T00680;8528
T04561;8529
T16343;8530
T21955;8531
T02030;8532
T17198;8533
T23335;8534
T18092;8535
T15327;8536
T15504;8537
T26250;8538
T15334;8539
T19937;8540
T10736;8541
T15330;8542
T15332;8543
T06099;8544
T14491;8545
T21134;8546
T15930;8547
T08636;8548
T00412;8549
T23753;8550
T10879;8551
T22313;8552
T00940;8553
T56454;8554
T60035;8555
T09837;8556
T01271;8557
T16578;8558
T15707;8559
T15002;8560
T27300;8561
T60348;8562
T09292;8563
T11002;8564
T65359;8565
T69384;8566
T15128;8567
T17551;8568
T25499;8569
T21016;8570
T23510;8571
T16284;8572
T13408;8573
T22341;8574
T07040;8575
T11641;8576
T00211;8577
T19518;8578
T13780;8579
T11100;8580
T10634;8581
T19223;8582
T16640;8583
T14437;8584
T03539;8585
T20744;8586
T18905;8587
T66155;8588
T17710;8589
T24475;8590
T13462;8591
T19689;8592
T10364;8593
T22610;8594
T16204;8595
T12822;8596
T01034;8597
T36763;8598
T05950;8599
T26253;8600
T00230;8601
T03981;8602
T17632;8603
T22873;8604
T36602;8605
T18134;8606
T27399;8607
T05205;8608
T22594;8609
T03910;8610
T19899;8611
T13778;8612
T18729;8613
T14776;8614
T12165;8615
T14887;8616
T12359;8617
T13813;8618
T07979;8619
T01278;8620
T07596;8621
T01304;8622
T01168;8623
T12677;8624
T47871;8625
T23703;8626
T14985;8627
T20524;8628
T43918;8629
T17899;8630
T11239;8631
T00071;8632
T19074;8633
T09496;8634
T15382;8635
T15861;8636
T23227;8637
T15710;8638
T10865;8639
T69230;8640
T10709;8641
T20038;8642
T09923;8643
T66903;8644
T22239;8645
T13682;8646
T25456;8647
T01713;8648
T01959;8649
T01954;8650
T01143;8651
T66758;8652
T14293;8653
T13656;8654
T16146;8655
T00374;8656
T15307;8657
T00868;8658
T18149;8659
T14184;8660
T01173;8661
T24069;8662
T18199;8663
T05432;8664
T17977;8665
T01265;8666
T13549;8667
T15760;8668
T14807;8669
T20424;8670
T14252;8671
T37034;8672
T18307;8673
T12642;8674
T16221;8675
T25628;8676
T27224;8677
T20697;8678
T20908;8679
T69283;8680
T01455;8681
T22156;8682
T08617;8683
T21443;8684
T56397;8685
T18737;8686
T24929;8687
T15586;8688
T22753;8689
T19168;8690
T69364;8691
T18659;8692
T19661;8693
T23816;8694
T19458;8695
T18221;8696
T02848;8697
T13724;8698
T16900;8699
T07875;8700
T14495;8701
T21742;8702
T06697;8703
T06562;8704
T14847;8705
T17698;8706
T19583;8707
T24094;8708
T10369;8709
T00491;8710
T05273;8711
T16496;8712
T02836;8713
T04944;8714
T57009;8715
T19333;8716
T23740;8717
T19855;8718
T20152;8719
T22570;8720
T37131;8721
T16262;8722
T25037;8723
T17984;8724
T17401;8725
T16813;8726
T23068;8727
T04066;8728
T12050;8729
T08077;8730
T16145;8731
T30728;8732
T14097;8733
T11791;8734
T04321;8735
T13655;8736
T16380;8737
T12639;8738
T22032;8739
T16303;8740
T13300;8741
T04172;8742
T21030;8743
T17499;8744
T15780;8745
T08397;8746
T14171;8747
T15939;8748
T56782;8749
T17421;8750
T43783;8751
T16886;8752
T57226;8753
T21777;8754
T08117;8755
T54205;8756
T13098;8757
T11677;8758
T16684;8759
T24523;8760
T25338;8761
T11410;8762
T06429;8763
T19184;8764
T02203;8765
T11565;8766
T16470;8767
T14468;8768
T12453;8769
T22585;8770
T24636;8771
T18804;8772
T16013;8773
T09015;8774
T15864;8775
T12441;8776
T15893;8777
T69300;8778
T43818;8779
T05761;8780
T10288;8781
T09838;8782
T23880;8783
T57441;8784
T02231;8785
T24805;8786
T24995;8787
T16888;8788
T06711;8789
T22739;8790
T18496;8791
T16932;8792
T24536;8793
T11222;8794
T04553;8795
T22820;8796
T22040;8797
T22633;8798
T22631;8799
T16184;8800
T17980;8801
T11325;8802
T15992;8803
T13728;8804
T17574;8805
T10983;8806
T16018;8807
T17097;8808
T21602;8809
T00892;8810
T25787;8811
T00588;8812
T14206;8813
T25775;8814
T08145;8815
T32508;8816
T21873;8817
T07912;8818
T56477;8819
T20244;8820
T09344;8821
T29612;8822
T05142;8823
T02904;8824
T20465;8825
T13857;8826
T21565;8827
T14792;8828
T22447;8829
T17867;8830
T17557;8831
T21440;8832
T33863;8833
T08573;8834
T08574;8835
T14225;8836
T22102;8837
T23021;8838
T16989;8839
T18636;8840
T21805;8841
T11761;8842
T26242;8843
T18508;8844
T14521;8845
T13667;8846
T17909;8847
T50611;8848
T07270;8849
T22547;8850
T65844;8851
T09826;8852
T14419;8853
T04174;8854
T22583;8855
T09016;8856
T18458;8857
T14507;8858
T11938;8859
T12611;8860
T19544;8861
T09583;8862
T17828;8863
T08603;8864
T13285;8865
T19717;8866
T11526;8867
T15945;8868
T13540;8869
T23755;8870
T12043;8871
T21787;8872
T13032;8873
T18689;8874
T24081;8875
T21027;8876
T16838;8877
T14552;8878
T06957;8879
T00101;8880
T65589;8881
T05317;8882
T23371;8883
T46379;8884
T12397;8885
T25730;8886
T01103;8887
T06998;8888
T07006;8889
T07110;8890
T11619;8891
T17893;8892
T17136;8893
T20912;8894
T25020;8895
T11069;8896
T12734;8897
T00535;8898
T26203;8899
T12883;8900
T01464;8901
T15143;8902
T11627;8903
T12186;8904
T20699;8905
T18482;8906
T30778;8907
T00462;8908
T00498;8909
T09067;8910
T04546;8911
T26252;8912
T15892;8913
T17489;8914
T25122;8915
T05746;8916
T17142;8917
T01619;8918
T00749;8919
T13750;8920
T13666;8921
T20337;8922
T09762;8923
T21894;8924
T13166;8925
T24873;8926
T17082;8927
T12859;8928
T11640;8929
T14966;8930
T14278;8931
T17747;8932
T01249;8933
T05181;8934
T16771;8935
T12371;8936
T37232;8937
T66004;8938
T04619;8939
T15765;8940
T10119;8941
T20088;8942
T13188;8943
T16866;8944
T07087;8945
T19310;8946
T07497;8947
T02075;8948
T08648;8949
T25115;8950
T51649;8951
T10122;8952
T01439;8953
T32802;8954
T05243;8955
T11034;8956
T20124;8957
T01621;8958
T24759;8959
T01033;8960
T44551;8961
T00328;8962
T07794;8963
T16241;8964
T16078;8965
T26219;8966
T25054;8967
T11903;8968
T00070;8969
T08773;8970
T11366;8971
T12308;8972
T21687;8973
T11606;8974
T22962;8975
T25553;8976
T21668;8977
T22910;8978
T13448;8979
T14103;8980
T20214;8981
T42437;8982
T14309;8983
T06976;8984
T11267;8985
T12339;8986
T01088;8987
T01618;8988
T19948;8989
T11500;8990
T03408;8991
T25061;8992
T18416;8993
T22329;8994
T14481;8995
T13594;8996
T06524;8997
T01208;8998
T14340;8999
T16583;9000
T22351;9001
T16404;9002
T24624;9003
T23029;9004
T07487;9005
T04805;9006
T25337;9007
T16337;9008
T22352;9009
T01355;9010
T10509;9011
T67699;9012
T23925;9013
T18647;9014
T58938;9015
T10979;9016
T08105;9017
T01679;9018
T14384;9019
T00032;9020
T11902;9021
T11087;9022
T20014;9023
T16454;9024
T18984;9025
T12002;9026
T21310;9027
T21433;9028
T19064;9029
T36615;9030
T15525;9031
T13443;9032
T15787;9033
T60030;9034
T20048;9035
T12317;9036
T59900;9037
T22687;9038
T01614;9039
T11549;9040
T25178;9041
T19811;9042
T00088;9043
T43958;9044
T28968;9045
T21148;9046
T24138;9047
T13806;9048
T18531;9049
T04660;9050
T14945;9051
T01170;9052
T18526;9053
T20904;9054
T15564;9055
T25738;9056
T12623;9057
T53115;9058
T00726;9059
T17637;9060
T15877;9061
T22712;9062
T27340;9063
T14149;9064
T55211;9065
T20430;9066
T11363;9067
T00496;9068
T06730;9069
T69188;9070
T23475;9071
T11552;9072
T09484;9073
T43954;9074
T01915;9075
T15925;9076
T17961;9077
T19632;9078
T17331;9079
T14558;9080
T06192;9081
T15793;9082
T69332;9083
T17527;9084
T65458;9085
T25603;9086
T12633;9087
T23066;9088
T23617;9089
T19812;9090
T07933;9091
T23865;9092
T06054;9093
T28053;9094
T12743;9095
T01231;9096
T17488;9097
T05776;9098
T25687;9099
T06606;9100
T16289;9101
T61481;9102
T14414;9103
T25796;9104
T37238;9105
T18351;9106
T16858;9107
T61078;9108
T12682;9109
T21708;9110
T07419;9111
T17525;9112
T06217;9113
T15171;9114
T11520;9115
T17277;9116
T18432;9117
T23483;9118
T12535;9119
T12533;9120
T17639;9121
T20468;9122
T23037;9123
T00222;9124
T15298;9125
T23162;9126
T16974;9127
T69401;9128
T00262;9129
T20793;9130
T16680;9131
T15665;9132
T07187;9133
T01097;9134
T03268;9135
T11638;9136
T21773;9137
T45882;9138
T16147;9139
T44562;9140
T11736;9141
T00191;9142
T01929;9143
T18438;9144
T03338;9145
T02529;9146
T12970;9147
T14010;9148
T07710;9149
T20306;9150
T25012;9151
T02064;9152
T14487;9153
T18223;9154
T23604;9155
T01377;9156
T00745;9157
T00604;9158
T13899;9159
T07354;9160
T00292;9161
T30961;9162
T14612;9163
T05729;9164
T14683;9165
T08427;9166
T00029;9167
T24186;9168
T25522;9169
T14513;9170
T07881;9171
T00329;9172
T19519;9173
T12176;9174
T21951;9175
T15023;9176
T22182;9177
T12868;9178
T07062;9179
T12111;9180
T04103;9181
T00900;9182
T23629;9183
T14580;9184
T03642;9185
T08260;9186
T05121;9187
T10476;9189
T06482;9190
T18788;9191
T20146;9192
T16506;9193
T14632;9194
T24126;9195
T15735;9196
T00363;9197
T00366;9198
T52852;9199
T23406;9200
T13072;9201
T22966;9202
T18315;9203
T19787;9204
T16352;9205
T15335;9206
T00030;9207
T03997;9208
T00327;9209
T17844;9210
T05661;9211
T01367;9212
T00484;9213
T14562;9214
T25524;9215
T23261;9216
T23005;9217
T21116;9218
T15477;9219
T06055;9220
T37132;9221
T11489;9222
T11074;9223
T17605;9224
T21558;9225
T36258;9226
T10451;9227
T08793;9228
T24560;9229
T16236;9230
T20728;9231
T04852;9232
T00933;9233
T13694;9234
T11535;9235
T13190;9236
T23648;9237
T23427;9238
T50801;9239
T17030;9240
T13280;9241
T18995;9242
T13040;9243
T12749;9244
T14354;9245
T22527;9246
T37035;9247
T10190;9248
T23624;9249
T24786;9250
T16487;9251
T12910;9252
T12986;9253
T12878;9254
T13003;9255
T00601;9256
T00846;9257
T22600;9258
T60231;9259
T24869;9260
T24355;9261
T26204;9262
T10702;9263
T13109;9264
T22728;9265
T67013;9266
T15489;9267
T12844;9268
T14641;9269
T00459;9270
T13445;9271
T08448;9272
T65757;9273
T13676;9274
T03174;9275
T00198;9276
T17803;9277
T10393;9278
T54148;9279
T18107;9280
T10753;9281
T06520;9282
T00098;9283
T14030;9284
T14573;9285
T15152;9286
T13115;9287
T22183;9288
T20671;9289
T15951;9290
T10307;9291
T21883;9292
T15302;9293
T08034;9294
T00599;9295
T22086;9296
T19170;9297
T17826;9298
T07026;9299
T25213;9300
T20414;9301
T36538;9302
T33635;9303
T54316;9304
T17661;9305
T26378;9306
T23050;9307
T14020;9308
T52639;9309
T02815;9310
T23814;9311
T00151;9312
T24256;9313
T15696;9314
T11061;9315
T21715;9316
T04708;9317
T05108;9318
T11319;9319
T11517;9320
T01998;9321
T21048;9322
T25444;9323
T25789;9324
T13100;9325
T17129;9326
T21560;9327
T06258;9328
T68895;9329
T06621;9330
T29623;9331
T22523;9332
T01690;9333
T14408;9334
T19958;9335
T19944;9336
T32516;9337
T20033;9338
T12879;9339
T10846;9340
T20717;9341
T15206;9342
T14207;9343
T19055;9344
T06145;9345
T18403;9346
T12490;9347
T22295;9348
T00742;9349
T22166;9350
T14211;9351
T19751;9352
T15825;9353
T56890;9354
T52603;9355
T00725;9356
T17530;9357
T23463;9358
T25659;9359
T17362;9360
T14514;9361
T04370;9362
T23041;9363
T22774;9364
T21784;9365
T23207;9366
T12321;9367
T10954;9368
T14267;9369
T15466;9370
T20266;9371
T29552;9372
T18965;9373
T00848;9374
T16065;9375
T14258;9376
T00557;9377
T06625;9378
T17831;9379
T33159;9380
T12989;9381
T21060;9382
T17882;9383
T25769;9384
T23171;9385
T14294;9386
T25494;9387
T22325;9388
T18106;9389
T11974;9390
T06103;9391
T18838;9392
T15315;9393
T02011;9394
T15768;9395
T21250;9396
T15237;9397
T22342;9398
T00129;9399
T15773;9400
T19359;9401
T19710;9402
T13291;9403
T16769;9404
T17712;9405
T21551;9406
T15198;9407
T19225;9408
T23794;9409
T15019;9410
T23893;9411
T11122;9412
T18076;9413
T22376;9414
T04904;9415
T66399;9416
T24008;9417
T17366;9418
T24010;9419
T69211;9420
T16977;9421
T53985;9422
T19327;9423
T57184;9424
T15664;9425
T15113;9426
T12281;9427
T18011;9428
T17456;9429
T11664;9430
T00185;9431
T16215;9432
T19537;9433
T11601;9434
T22828;9435
T03900;9436
T13174;9437
T15882;9438
T14559;9439
T14113;9440
T66017;9441
T19953;9442
T23922;9443
T25623;9444
T65071;9445
T00427;9446
T14383;9447
T22621;9448
T13528;9449
T09964;9450
T21661;9451
T22548;9452
T53500;9453
T11482;9454
T25777;9455
T66636;9456
T13802;9457
T01888;9458
T02892;9459
T18970;9460
T25179;9461
T11983;9462
T23379;9463
T16332;9464
T13164;9465
T09283;9466
T19160;9467
T54124;9468
T18380;9469
T07801;9470
T27623;9471
T52655;9472
T19773;9473
T16372;9474
T18840;9475
T34020;9476
T12223;9477
T18923;9478
T12593;9479
T16719;9480
T23716;9481
T33215;9482
T00762;9483
T00173;9484
T18219;9485
T21062;9486
T14995;9487
T12861;9488
T16294;9489
T23873;9490
T18854;9491
T19617;9492
T13041;9493
T21451;9494
T19911;9495
T41115;9496
T02925;9497
T15518;9498
T19603;9499
T10695;9500
T11115;9501
T10216;9502
T10904;9503
T18363;9504
T01104;9505
T15459;9506
T24134;9507
T19126;9508
T17919;9509
T15071;9510
T13405;9511
T66838;9512
T17644;9513
T10694;9514
T00014;9515
T20534;9516
T27344;9517
T26917;9518
T18151;9519
T14567;9520
T17440;9521
T21239;9522
T19638;9523
T32552;9524
T18623;9525
T21905;9526
T01256;9527
T00906;9528
T20521;9529
T22449;9530
T25803;9531
T00731;9532
T19479;9533
T54204;9534
T11401;9535
T03391;9536
T20783;9537
T15094;9538
T20890;9539
T20072;9540
T15448;9541
T18162;9542
T02515;9543
T23243;9544
T19110;9545
T28584;9546
T18598;9547
T20984;9548
T20602;9549
T19345;9550
T19020;9551
T21833;9552
T20446;9553
T13525;9554
T15788;9555
T19284;9556
T25594;9557
T24755;9558
T19312;9559
T36626;9560
T25523;9561
T06199;9562
T22021;9563
T15033;9564
T15246;9565
T00797;9566
T21413;9567
T14577;9568
T11442;9569
T00061;9570
T27557;9571
T18546;9572
T16998;9573
T24289;9574
T22170;9575
T17027;9576
T16896;9577
T10052;9578
T20466;9579
T22840;9580
T10270;9581
T12464;9582
T00317;9583
T15390;9584
T19442;9585
T69226;9586
T25610;9587
T10909;9588
T17917;9589
T18693;9590
T13271;9591
T31733;9592
T22545;9593
T13258;9594
T15425;9595
T18341;9596
T25697;9597
T20228;9598
T11658;9599
T03124;9600
T23993;9601
T21893;9602
T21861;9603
T17532;9604
T20493;9605
T29205;9606
T14289;9607
T01100;9608
T12828;9609
T17329;9610
T07884;9611
T13609;9612
T17387;9613
T19482;9614
T20846;9615
T12941;9616
T15035;9617
T19196;9618
T25141;9619
T12402;9620
T21435;9621
T14380;9622
T23351;9623
T36313;9624
T22530;9625
T16446;9626
T11259;9627
T16829;9628
T09491;9629
T20541;9630
T11225;9631
T15558;9632
T17442;9633
T00650;9634
T16633;9635
T22579;9636
T05715;9637
T22113;9638
T02188;9639
T15509;9640
T18425;9641
T13770;9642
T43740;9643
T08159;9644
T21219;9645
T14889;9646
T13303;9647
T11062;9648
T21363;9649
T17316;9650
T21976;9651
T02124;9652
T17041;9653
T22531;9654
T23894;9655
T16250;9656
T18587;9657
T23687;9658
T19412;9659
T22559;9660
T23805;9661
T17782;9662
T07766;9663
T23760;9664
T24077;9665
T09686;9666
T15500;9667
T08947;9668
T10411;9669
T11063;9670
T07202;9671
T29119;9672
T13338;9673
T24045;9674
T33263;9675
T09106;9676
T10311;9677
T14078;9678
T23906;9679
T16363;9680
T23975;9681
T25552;9682
T20030;9683
T15678;9684
T16131;9685
T20825;9686
T13427;9687
T00446;9688
T15934;9689
T00934;9690
T15866;9691
T00370;9692
T34480;9693
T69272;9694
T04817;9695
T22809;9696
T18731;9697
T22650;9698
T22437;9699
T18688;9700
T17790;9701
T17744;9702
T21403;9703
T23457;9704
T05261;9705
T13360;9706
T10447;9707
T12064;9708
T36237;9709
T08323;9710
T10145;9711
T19973;9712
T22724;9713
T17485;9714
T19888;9715
T19900;9716
T00051;9717
T27902;9718
T05541;9719
T18741;9720
T13925;9721
T54723;9722
T23556;9723
T19532;9724
T14613;9725
T14548;9726
T15027;9727
T15405;9728
T18346;9729
T20620;9730
T14680;9731
T22399;9732
T02243;9733
T12476;9734
T07752;9735
T20917;9736
T14480;9737
T00338;9738
T24221;9739
T00752;9740
T52634;9741
T18333;9742
T69348;9743
T13495;9744
T22734;9745
T00703;9746
T11888;9747
T23401;9748
T20168;9749
T12636;9750
T15308;9751
T16480;9752
T14509;9753
T15635;9754
T00645;9755
T23956;9756
T23254;9757
T15784;9758
T23862;9759
T23051;9760
T16654;9761
T13636;9762
T03515;9763
T12568;9764
T19150;9765
T03459;9766
T23045;9767
T17930;9768
T15193;9769
T23704;9770
T19919;9771
T14327;9772
T15836;9773
T20489;9774
T09079;9775
T69222;9776
T00347;9777
T15392;9778
T23698;9779
T12235;9780
T10159;9781
T03259;9782
T10217;9783
T03337;9784
T15008;9785
T15329;9786
T22546;9787
T11847;9788
T20213;9789
T26156;9790
T15539;9791
T13026;9792
T02254;9793
T16870;9794
T22164;9795
T17414;9796
T01662;9797
T19517;9798
T16726;9799
T21146;9800
T20788;9801
T21408;9802
T15048;9803
T16172;9804
T19178;9805
T22019;9806
T00987;9807
T11224;9808
T11970;9809
T23193;9810
T06761;9811
T15804;9812
T24982;9813
T13324;9814
T12470;9815
T00293;9816
T13330;9817
T01956;9818
T14542;9819
T18814;9820
T04284;9821
T21102;9822
T15461;9823
T25674;9824
T14272;9825
T10344;9826
T15440;9827
T13180;9828
T20689;9829
T16038;9830
T15366;9831
T12394;9832
T11379;9833
T13879;9834
T23067;9835
T36592;9836
T18161;9837
T22560;9838
T01989;9839
T13179;9840
T15159;9841
T11058;9842
T02148;9843
T23914;9844
T23376;9845
T14971;9846
T12704;9847
T14568;9848
T04389;9849
T02560;9850
T06193;9851
T10192;9852
T24376;9853
T01259;9854
T18943;9855
T02434;9856
T20791;9857
T21900;9858
T17859;9859
T16590;9860
T09363;9861
T15037;9862
T02100;9863
T07540;9864
T16635;9865
T22752;9866
T10723;9867
T01576;9868
T10784;9869
T07863;9870
T03248;9871
T17577;9872
T07610;9873
T24735;9874
T06473;9875
T05923;9876
T01661;9877
T01109;9878
T00063;9879
T03282;9880
T00013;9881
T20516;9882
T11593;9883
T07350;9884
T12721;9885
T10494;9886
T24806;9887
T14232;9888
T16254;9889
T16267;9890
T29559;9891
T16674;9892
T17235;9893
T23348;9894
T15841;9895
T17589;9896
T16321;9897
T17879;9898
T11400;9899
T22283;9900
T02494;9901
T21709;9902
T24043;9903
T15789;9904
T11772;9905
T02628;9906
T03497;9907
T11676;9908
T22049;9909
T11129;9910
T22636;9911
T66490;9912
T05858;9913
T17396;9914
T15727;9915
T11933;9916
T08889;9917
T22871;9918
T13853;9919
T20497;9920
T16943;9921
T11863;9922
T20351;9923
T13195;9924
T66076;9925
T13148;9926
T24196;9927
T12662;9928
T25755;9929
T19375;9930
T22890;9931
T10284;9932
T24567;9933
T16478;9934
T11723;9935
T22316;9936
T23631;9937
T19700;9938
T30051;9939
T14718;9940
T18557;9941
T14463;9942
T18172;9943
T10038;9944
T12452;9945
T17491;9946
T25662;9947
T10796;9948
T20915;9949
T22366;9950
T20178;9951
T15022;9952
T18132;9953
T06064;9954
T19267;9955
T07516;9956
T22110;9957
T69254;9958
T14642;9959
T10348;9960
T13122;9961
T10418;9962
T14924;9963
T20087;9964
T11673;9965
T12143;9966
T12625;9967
T13290;9968
T16205;9969
T03504;9970
T26177;9971
T16956;9972
T20694;9973
T22354;9974
T03448;9975
T18649;9976
T19209;9977
T03122;9978
T00163;9979
T24668;9980
T15802;9981
T17051;9982
T19646;9983
T17308;9984
T06918;9985
T36973;9986
T14489;9987
T22574;9988
T21538;9989
T18420;9990
T16910;9991
T15812;9992
T15811;9993
T52785;9994
T12435;9995
T12031;9996
T17467;9997
T23032;9998
T15168;9999
T14138;10000
T59649;10001
T15320;10002
T12723;10003
T01172;10004
T00926;10005
T02302;10006
T60669;10007
T14054;10008
T07173;10009
T14044;10010
T00997;10011
T00970;10012
T19935;10013
T17022;10014
T17069;10015
T21736;10016
T15272;10017
T16639;10018
T12067;10019
T20874;10020
T20546;10021
T31673;10022
T19926;10023
T18906;10024
T21604;10025
T09785;10026
T16493;10027
T18925;10028
T11195;10029
T02195;10030
T21360;10031
T12130;10032
T11161;10033
T06377;10034
T25726;10035
T11608;10036
T11281;10037
T12817;10038
T18600;10039
T22887;10040
T14540;10041
T12769;10042
T18129;10043
T43427;10044
T14319;10045
T06560;10046
T17259;10047
T21843;10048
T15605;10049
T69392;10050
T04500;10051
T12163;10052
T16276;10053
T10869;10054
T15702;10055
T01207;10056
T16718;10057
T14266;10058
T20619;10059
T16564;10060
T10438;10061
T17985;10062
T61193;10063
T09561;10064
T18167;10065
T13370;10066
T05347;10067
T23011;10068
T21755;10069
T30346;10070
T10571;10071
T18685;10072
T00303;10073
T36601;10074
T14390;10075
T55215;10076
T12509;10077
T15089;10078
T22400;10079
T19105;10080
T21024;10081
T24351;10082
T03909;10083
T22117;10084
T25413;10085
T01774;10086
T25254;10087
T00641;10088
T57077;10089
T01482;10090
T24563;10091
T16381;10092
T19237;10093
T09503;10094
T09662;10095
T04157;10096
T13993;10097
T14342;10098
T18660;10099
T00660;10100
T21906;10101
T17055;10102
T15474;10103
T23479;10104
T16810;10105
T15146;10106
T00560;10107
T24267;10108
T00826;10109
T18790;10110
T16208;10111
T01414;10112
T12151;10113
T17556;10114
T16722;10115
T13412;10116
T14407;10117
T19098;10118
T27336;10119
T20800;10120
T21361;10121
T16353;10122
T16824;10123
T24371;10124
T21605;10125
T13767;10126
T10325;10127
T10328;10128
T19031;10129
T45006;10130
T16736;10131
T14736;10132
T15437;10133
T14047;10134
T15455;10135
T13825;10136
T14242;10137
T05320;10138
T16988;10139
T15770;10140
T21006;10141
T10802;10142
T15888;10143
T23400;10144
T22918;10145
T19730;10146
T10714;10147
T66884;10148
T24004;10149
T15869;10150
T21999;10151
T18574;10152
T69414;10153
T05178;10154
T22479;10155
T57501;10156
T25483;10157
T18821;10158
T12356;10159
T18493;10160
T10326;10161
T10933;10162
T03924;10163
T09489;10164
T17119;10165
T12177;10166
T19414;10167
T07648;10168
T37213;10169
T09143;10170
T11829;10171
T14314;10172
T11001;10173
T00996;10174
T00298;10175
T15092;10176
T10914;10177
T18395;10178
T16730;10179
T16712;10180
T13439;10181
T11773;10182
T05111;10183
T20068;10184
T20287;10185
T12028;10186
T13529;10187
T10137;10188
T16715;10189
T07457;10190
T20666;10191
T05180;10192
T19721;10193
T53130;10194
T21166;10195
T23977;10196
T18381;10197
T23200;10198
T60088;10199
T14716;10200
T10849;10201
T15691;10202
T14745;10203
T16325;10204
T23720;10205
T10457;10206
T66572;10207
T16142;10208
T23269;10209
T19422;10210
T22274;10211
T20388;10212
T60070;10213
T18176;10214
T22264;10215
T68904;10216
T21778;10217
T19824;10218
T22629;10219
T16884;10220
T66948;10221
T19707;10222
T19219;10223
T17475;10224
T02534;10225
T18394;10226
T16508;10227
T06250;10228
T04145;10229
T10866;10230
T10859;10231
T17940;10232
T21002;10233
T00957;10234
T13001;10235
T17536;10236
T23850;10237
T18045;10238
T00642;10239
T23144;10240
T35046;10241
T13689;10242
T10607;10243
T02394;10244
T00941;10245
T25618;10246
T07247;10247
T03095;10248
T56853;10249
T12068;10250
T25314;10251
T15075;10252
T00450;10253
T43669;10254
T19737;10255
T01269;10256
T20810;10257
T05117;10258
T36603;10259
T31900;10260
T24099;10261
T02061;10262
T19727;10263
T08359;10264
T10346;10265
T13018;10266
T22380;10267
T04523;10268
T07504;10269
T05819;10270
T14028;10271
T15781;10272
T14570;10273
T14353;10274
T19419;10275
T01331;10276
T16903;10277
T18684;10278
T00578;10279
T01632;10280
T21798;10281
T18103;10282
T15755;10283
T23231;10284
T11273;10285
T18110;10286
T12428;10287
T20654;10288
T51669;10289
T06515;10290
T18625;10291
T05697;10292
T07867;10293
T15434;10294
T10996;10295
T25728;10296
T13095;10297
T05013;10298
T00325;10299
T45440;10300
T24927;10301
T67695;10302
T00492;10303
T13634;10304
T10401;10305
T13909;10306
T04838;10307
T23542;10308
T13346;10309
T08394;10310
T19865;10311
T11540;10312
T22763;10313
T19129;10314
T12812;10315
T12166;10316
T65874;10317
T13403;10318
T10692;10319
T00214;10320
T18534;10321
T15154;10322
T09698;10323
T14378;10324
T21966;10325
T13406;10326
T21557;10327
T00021;10328
T16014;10329
T02943;10330
T08969;10331
T05067;10332
T11459;10333
T25719;10334
T22284;10335
T20273;10336
T20693;10337
T14543;10338
T21640;10339
T10582;10340
T10922;10341
T18429;10342
T57776;10343
T23128;10344
T13974;10345
T07416;10346
T15666;10347
T17091;10348
T15197;10349
T00077;10350
T14896;10351
T13637;10352
T12962;10353
T04513;10354
T23832;10355
T22071;10356
T17251;10357
T07738;10358
T02633;10359
T14914;10360
T29659;10361
T20965;10362
T19182;10363
T12837;10364
T08061;10365
T12950;10366
T14775;10367
T10716;10368
T03225;10369
T56781;10370
T04353;10371
T25117;10372
T23781;10373
T00964;10374
T12925;10375
T14100;10376
T12018;10377
T14235;10378
T10794;10379
T64639;10380
T37265;10381
T20652;10382
T07420;10383
T22245;10384
T07004;10385
T19378;10386
T00453;10387
T18981;10388
T20855;10389
T11587;10390
T03794;10391
T08865;10392
T16916;10393
T24005;10394
T13560;10395
T58827;10396
T20364;10397
T18462;10398
T45017;10399
T21734;10400
T21198;10401
T22914;10402
T12518;10403
T16143;10404
T14783;10405
T14748;10406
T12492;10407
T24281;10408
T26179;10409
T20363;10410
T18606;10411
T17393;10412
T16085;10413
T01110;10414
T24085;10415
T03748;10416
T16748;10417
T59894;10418
T23689;10419
T43713;10420
T03086;10421
T65851;10422
T16573;10423
T23876;10424
T15581;10425
T25207;10426
T00701;10427
T18980;10428
T12319;10429
T43675;10430
T12946;10431
T15827;10432
T04997;10433
T14063;10434
T06687;10435
T20002;10436
T17265;10437
T09311;10438
T18164;10439
T17902;10440
T17932;10441
T17934;10442
T17933;10443
T17962;10444
T18515;10445
T18500;10446
T20972;10447
T12724;10448
T18864;10449
T66356;10450
T10917;10451
T47847;10452
T09814;10453
T18911;10454
T14490;10455
T16124;10456
T23518;10457
T03307;10458
T13388;10459
T43869;10460
T00109;10461
T13469;10462
T16438;10463
T20580;10464
T19526;10465
T13977;10466
T18147;10467
T07056;10468
T21991;10469
T17056;10470
T05980;10471
T01258;10472
T17317;10473
T15346;10474
T29577;10475
T20482;10476
T24625;10477
T12751;10478
T24518;10479
T17881;10480
T12326;10481
T04764;10482
T15331;10483
T07899;10484
T13664;10485
T19634;10486
T13442;10487
T22932;10488
T16074;10489
T09149;10490
T35158;10491
T24988;10492
T02976;10493
T16022;10494
T22863;10495
T00495;10496
T23040;10497
T06702;10498
T25658;10499
T32833;10500
T17260;10501
T02424;10502
T22441;10503
T23971;10504
T45134;10505
T27228;10506
T22979;10507
T02101;10508
T16850;10509
T08063;10510
T29609;10511
T17741;10512
T24359;10513
T10089;10514
T07322;10515
T15436;10516
T09771;10517
T69378;10518
T15447;10519
T00320;10520
T22263;10521
T23214;10522
T21425;10523
T17634;10524
T18116;10525
T19181;10526
T23482;10527
T24752;10528
T11569;10529
T00610;10530
T14782;10531
T13539;10532
T14705;10533
T12610;10534
T24123;10535
T18415;10536
T20577;10537
T20827;10538
T24133;10539
T02691;10540
T23639;10541
T16857;10542
T22864;10543
T16549;10544
T20799;10545
T32792;10546
T57181;10547
T11769;10548
T20555;10549
T00028;10550
T03588;10551
T15915;10552
T20044;10553
T11674;10554
T16252;10555
T13384;10556
T13070;10557
T22893;10558
T22819;10559
T65073;10560
T13947;10561
T56319;10562
T12014;10563
T10479;10564
T13783;10565
T17484;10566
T22350;10567
T12736;10568
T02131;10569
T12770;10570
T13331;10571
T16768;10572
T12239;10573
T55218;10574
T24972;10575
T11327;10576
T13868;10577
T15613;10578
T15754;10579
T05069;10580
T26181;10581
T15582;10582
T24007;10583
T06806;10584
T21444;10585
T15828;10586
T06169;10587
T24122;10588
T16105;10589
T12054;10590
T00078;10591
T09982;10592
T11484;10593
T00126;10594
T14401;10595
T14595;10596
T12752;10597
T18444;10598
T01780;10599
T69301;10600
T20444;10601
T15524;10602
T18382;10603
T18883;10604
T65431;10605
T15571;10606
T19806;10607
T23030;10608
T18441;10609
T05465;10610
T22309;10611
T13569;10612
T19578;10613
T19698;10614
T00398;10615
T69284;10616
T13322;10617
T10908;10618
T22131;10619
T22806;10620
T13307;10621
T17330;10622
T18488;10623
T19722;10624
T13648;10625
T25374;10626
T23827;10627
T19813;10628
T52911;10629
T16101;10630
T17487;10631
T16845;10632
T11241;10633
T04318;10634
T04918;10635
T12529;10636
T21267;10637
T25031;10638
T60561;10639
T22481;10640
T12269;10641
T01066;10642
T27274;10643
T27505;10644
T22059;10645
T10992;10646
T18475;10647
T22830;10648
T14192;10650
T24904;10651
T20650;10652
T00451;10653
T15266;10654
T20953;10655
T11892;10656
T11171;10657
T44731;10658
T13545;10659
T22360;10660
T16185;10661
T00800;10662
T24131;10663
T00065;10664
T18284;10665
T16452;10666
T22812;10667
T25588;10668
T21647;10669
T13409;10670
T13149;10671
T18060;10672
T19971;10673
T22919;10674
T14488;10675
T12985;10676
T10776;10677
T06460;10678
T02651;10679
T17120;10680
T16361;10681
T37139;10682
T22680;10683
T14522;10684
T14890;10685
T05650;10686
T14187;10687
T14797;10688
T15860;10689
T18375;10690
T16136;10691
T11432;10692
T13135;10693
T13904;10694
T23942;10695
T12440;10696
T20010;10697
T20009;10698
T27435;10699
T26305;10700
T23808;10701
T21312;10702
T24335;10703
T02165;10704
T14431;10705
T18339;10706
T17211;10707
T24969;10708
T08062;10709
T14784;10710
T14071;10711
T22849;10712
T24970;10713
T22928;10714
T01906;10715
T09963;10716
T12291;10717
T14869;10718
T19370;10719
T07298;10720
T00243;10721
T69218;10722
T17367;10723
T23014;10724
T18090;10725
T18384;10726
T10825;10727
T13368;10728
T01291;10729
T05224;10730
T15336;10731
T21256;10732
T23188;10733
T04511;10734
T14257;10735
T08726;10736
T41578;10737
T25066;10738
T16814;10739
T52277;10740
T61638;10741
T21491;10742
T23359;10743
T56984;10744
T12006;10745
T20804;10746
T04831;10747
T18627;10748
T19344;10749
T12401;10750
T21998;10751
T12651;10752
T06784;10753
T25105;10754
T19398;10755
T18758;10756
T16914;10757
T08345;10758
T20188;10759
T04913;10760
T02024;10761
T06334;10762
T14780;10763
T10711;10764
T10689;10765
T11667;10766
T04023;10767
T10335;10768
T17449;10769
T09267;10770
T16945;10771
T15180;10772
T11843;10773
T14801;10774
T16011;10775
T02706;10776
T02000;10777
T59959;10778
T11794;10779
T52755;10780
T07514;10781
T18354;10782
T10891;10783
T20126;10784
T02054;10785
T02094;10786
T15235;10787
T21140;10788
T20870;10789
T18828;10790
T22361;10791
T31989;10792
T19769;10793
T21566;10794
T22241;10795
T09288;10796
T16089;10797
T20961;10798
T10036;10799
T08745;10800
T22382;10801
T14405;10802
T04110;10803
T01605;10804
T19154;10805
T51704;10806
T00091;10807
T18345;10808
T13782;10809
T15971;10810
T22999;10811
T19013;10812
T36234;10813
T18368;10814
T47378;10815
T26413;10816
T17897;10817
T01517;10818
T20226;10819
T25394;10820
T11299;10821
T69412;10822
T69214;10823
T56226;10824
T04993;10825
T05141;10826
T04867;10827
T08253;10828
T19801;10829
T13452;10830
T19630;10831
T04301;10832
T06528;10833
T04547;10834
T02938;10835
T05290;10836
T17133;10837
T15927;10838
T16093;10839
T16094;10840
T21559;10841
T03629;10842
T13236;10843
T13851;10844
T69286;10845
T24702;10846
T13948;10847
T22865;10848
T21783;10849
T13181;10850
T13847;10851
T15205;10852
T22222;10853
T18083;10854
T14935;10855
T02223;10856
T24437;10857
T24924;10858
T00435;10859
T00618;10860
T22460;10861
T65671;10862
T27337;10863
T15996;10864
T08184;10865
T19976;10866
T12674;10867
T15592;10868
T03873;10869
T27174;10870
T16892;10871
T23696;10872
T17212;10873
T66902;10874
T16191;10875
T19685;10876
T23566;10877
T15838;10878
T64932;10879
T19746;10880
T26338;10881
T12430;10882
T10353;10883
T10391;10884
T14877;10885
T15024;10886
T23017;10887
T20391;10888
T19390;10889
T07651;10890
T01803;10891
T17169;10892
T19410;10893
T15597;10894
T00930;10895
T24234;10896
T27371;10897
T22335;10898
T14137;10899
T02236;10900
T07862;10901
T05832;10902
T15600;10903
T01290;10904
T14439;10905
T16473;10906
T12091;10907
T17612;10908
T06478;10909
T11685;10910
T04107;10911
T15292;10912
T47026;10913
T21729;10914
T12448;10915
T11429;10916
T12838;10917
T00073;10918
T14531;10919
T14557;10920
T01096;10921
T20661;10922
T01793;10923
T10400;10924
T16819;10925
T25621;10926
T06153;10927
T18115;10928
T13009;10929
T25391;10930
T12309;10931
T45253;10932
T24547;10933
T16401;10934
T17360;10935
T31680;10936
T36751;10937
T20098;10938
T22880;10939
T12710;10940
T21718;10941
T16797;10942
T23868;10943
T23362;10944
T14768;10945
T02961;10946
T66463;10947
T25792;10948
T23981;10949
T66495;10950
T15015;10951
T21004;10952
T06111;10953
T15160;10954
T16409;10955
T21282;10956
T36777;10957
T61207;10958
T12219;10959
T14366;10960
T13590;10961
T11867;10962
T17761;10963
T01688;10964
T26335;10965
T11012;10966
T52912;10967
T56246;10968
T43723;10969
T16345;10970
T02609;10971
T14055;10972
T07482;10973
T01653;10974
T05909;10975
T04646;10976
T04901;10978
T20143;10979
T23504;10980
T08457;10981
T14198;10982
T10750;10983
T13209;10984
T14988;10985
T25562;10986
T12110;10987
T11976;10988
T17435;10989
T17880;10990
T02033;10991
T21803;10992
T11134;10993
T10903;10994
T21650;10995
T02012;10996
T17042;10997
T13920;10998
T23327;10999
T17351;11000
T16865;11001
T23499;11002
T11841;11003
T30039;11004
T10040;11005
T11020;11006
T22387;11007
T23377;11008
T13855;11009
T22542;11010
T53120;11011
T11800;11012
T52869;11013
T24697;11014
T14209;11015
T11437;11016
T15065;11017
T10855;11018
T03141;11019
T16521;11020
T11209;11021
T11937;11022
T61320;11023
T25507;11024
T21113;11025
T25278;11026
T19553;11027
T08294;11028
T65826;11029
T22096;11030
T01153;11031
T20302;11032
T12024;11033
T00659;11034
T30121;11035
T22446;11036
T25545;11037
T24979;11038
T21641;11039
T21673;11040
T01608;11041
T13230;11042
T21939;11043
T20380;11044
T13934;11045
T18915;11046
T24688;11047
T57785;11048
T18185;11049
T04153;11050
T14423;11051
T26965;11052
T60741;11053
T14264;11054
T04719;11055
T10782;11056
T13351;11057
T04855;11058
T00318;11059
T15531;11060
T07931;11061
T09563;11062
T11278;11063
T14916;11064
T18043;11065
T25665;11066
T02293;11067
T60221;11068
T03172;11069
T10407;11070
T17397;11071
T02046;11072
T13555;11073
T23020;11074
T24579;11075
T53014;11076
T00387;11077
T18201;11078
T25333;11079
T15409;11080
T05119;11081
T00718;11082
T20939;11083
T13418;11084
T21660;11085
T03061;11086
T24219;11087
T23092;11088
T05873;11089
T18023;11090
T18237;11091
T19158;11092
T21844;11093
T12209;11094
T08476;11095
T11077;11096
T14084;11097
T20147;11098
T20247;11099
T25029;11100
T24968;11101
T20212;11102
T18879;11103
T16119;11104
T00874;11105
T20867;11106
T16624;11107
T12984;11108
T17342;11109
T10653;11110
T12663;11111
T23803;11112
T19628;11113
T20896;11114
T00709;11115
T00103;11116
T22704;11117
T17173;11118
T61323;11119
T12587;11120
T07399;11121
T16526;11122
T00086;11123
T17624;11124
T17188;11125
T43797;11126
T00477;11127
T18297;11128
T11376;11129
T17344;11130
T01058;11131
T06978;11132
T19877;11133
T15512;11134
T20475;11135
T08799;11136
T26277;11137
T14818;11138
T22247;11139
T19069;11140
T23705;11141
T19942;11142
T13153;11143
T16572;11144
T52757;11145
T10988;11146
T14879;11147
T14755;11148
T18208;11149
T10918;11150
T19549;11151
T08333;11152
T10492;11153
T10440;11154
T65264;11155
T59217;11156
T20346;11157
T52710;11158
T18896;11159
T04138;11160
T01766;11161
T10459;11162
T12491;11163
T05231;11164
T16161;11165
T13479;11166
T21750;11167
T24566;11168
T21767;11169
T14202;11170
T25209;11171
T09759;11172
T16400;11173
T14687;11174
T00218;11175
T29639;11176
T01368;11177
T03222;11178
T11252;11179
T11870;11180
T45441;11181
T21811;11182
T13601;11183
T08078;11184
T12974;11185
T15411;11186
T16238;11187
T19901;11188
T19683;11189
T23130;11190
T15017;11191
T14396;11192
T16064;11193
T00631;11194
T22578;11195
T01685;11196
T18197;11197
T00621;11198
T07923;11199
T10822;11200
T16320;11201
T15579;11202
T05810;11203
T65664;11204
T20958;11205
T04463;11206
T16450;11207
T12198;11208
T00054;11209
T24115;11210
T18239;11211
T21281;11212
T21467;11213
T19753;11214
T22178;11215
T12759;11216
T19967;11217
T18521;11218
T55688;11219
T01492;11220
T20985;11221
T02900;11222
T01032;11223
T07491;11224
T18180;11225
T21473;11226
T00869;11227
T24810;11228
T56525;11229
T15588;11230
T18786;11231
T14906;11232
T20012;11233
T23080;11234
T23078;11235
T13126;11236
T06082;11237
T21822;11238
T12329;11239
T26154;11240
T14508;11241
T00113;11242
T13669;11243
T16782;11244
T15912;11245
T14652;11246
T19249;11247
T02209;11248
T02204;11249
T21682;11250
T66936;11251
T17518;11252
T17722;11253
T02167;11254
T18744;11255
T21714;11256
T00670;11257
T14332;11258
T05381;11259
T16616;11260
T18195;11261
T23647;11262
T11212;11263
T13302;11264
T10254;11265
T15108;11266
T19251;11267
T11501;11268
T02072;11269
T06522;11270
T10572;11271
T02175;11272
T08016;11273
T02066;11274
T20342;11275
T00275;11276
T67694;11277
T04338;11278
T03543;11279
T07165;11280
T20610;11281
T02742;11282
T23097;11283
T08265;11284
T07637;11285
T02028;11286
T23165;11287
T08572;11288
T09915;11289
T33445;11290
T16312;11291
T09091;11292
T12851;11293
T01551;11294
T09295;11295
T19201;11296
T00912;11297
T07841;11298
T01857;11299
T14591;11300
T00991;11301
T13898;11302
T09799;11303
T20317;11304
T18597;11305
T16540;11306
T13859;11307
T18300;11308
T20331;11309
T18165;11310
T21947;11311
T15894;11312
T00072;11313
T66220;11314
T12888;11315
T23433;11316
T19913;11317
T21502;11318
T38482;11319
T20185;11320
T00069;11321
T11786;11322
T22718;11323
T00665;11324
T07995;11325
T19433;11326
T69365;11327
T23502;11328
T10615;11329
T17209;11330
T03420;11331
T10055;11332
T05326;11333
T18230;11334
T15913;11335
T06136;11336
T14713;11337
T56062;11338
T22124;11339
T15470;11340
T21896;11341
T00202;11342
T19459;11343
T21530;11344
T11044;11345
T14086;11346
T18963;11347
T22891;11348
T00760;11349
T11993;11350
T25211;11351
T21610;11352
T17989;11353
T02149;11354
T23008;11355
T11706;11356
T22031;11357
T05493;11358
T07196;11359
T21345;11360
T18644;11361
T23345;11362
T19377;11363
T09317;11364
T00465;11365
T18218;11366
T67148;11367
T23582;11368
T13353;11369
T09821;11370
T12120;11371
T09233;11372
T18815;11373
T21670;11374
T23126;11375
T18143;11376
T18266;11377
T00112;11378
T15445;11379
T13980;11380
T16421;11381
T12026;11382
T61319;11383
T04436;11384
T17285;11385
T09315;11386
T17768;11387
T24116;11388
T07176;11389
T26263;11390
T17797;11391
T11852;11392
T13172;11393
T21039;11394
T29603;11395
T01195;11396
T16395;11397
T10804;11398
T12106;11399
T02739;11400
T19635;11401
T69396;11402
T06764;11403
T19703;11404
T22423;11405
T17423;11406
T07837;11407
T25180;11408
T15639;11409
T20691;11410
T22797;11411
T16755;11412
T12832;11413
T02159;11414
T16990;11415
T00359;11416
T00493;11417
T17346;11418
T06755;11419
T25596;11420
T20407;11421
T21616;11422
T21596;11423
T21941;11424
T11728;11425
T01289;11426
T05674;11427
T17269;11428
T20486;11429
T22911;11430
T11929;11431
T15961;11432
T30980;11433
T14478;11434
T14485;11435
T00736;11436
T22948;11437
T23369;11438
T06591;11439
T17282;11440
T21984;11441
T00125;11442
T14668;11443
T21902;11444
T18868;11445
T10387;11446
T18560;11447
T17203;11448
T21617;11449
T24027;11450
T16816;11451
T03834;11452
T14066;11453
T20304;11454
T10637;11455
T56210;11456
T13467;11457
T26108;11458
T21756;11459
T08198;11460
T16323;11461
T19326;11462
T15817;11463
T33393;11464
T04521;11465
T19648;11466
T06809;11467
T10971;11468
T14336;11469
T15718;11470
T00646;11471
T07117;11472
T16951;11473
T13025;11474
T13253;11475
T03446;11476
T21152;11477
T24067;11478
T16216;11479
T21417;11480
T03303;11481
T21059;11482
T13930;11483
T20708;11484
T21771;11485
T14248;11486
T01556;11487
T10797;11488
T03015;11489
T14360;11490
T14179;11491
T59915;11492
T18573;11493
T20586;11494
T20404;11495
T13197;11496
T18293;11497
T00538;11498
T18780;11499
T18095;11500
T33512;11501
T09337;11502
T09014;11503
T06645;11504
T23555;11505
T18548;11506
T30956;11507
T36610;11508
T24282;11509
T17096;11510
T03361;11511
T22626;11512
T60789;11513
T19914;11514
T23990;11515
T19983;11516
T17418;11517
T18261;11518
T36611;11519
T00968;11520
T14962;11521
T22794;11522
T14476;11523
T52679;11524
T21793;11525
T52947;11526
T27382;11527
T64070;11528
T03522;11529
T21624;11530
T23522;11531
T22640;11532
T28798;11533
T18533;11534
T20515;11535
T19611;11536
T16955;11537
T23315;11538
T19735;11539
T21936;11540
T18738;11541
T16523;11542
T22944;11543
T20283;11544
T15293;11545
T18089;11546
T61648;11547
T18298;11548
T12139;11549
T19162;11550
T11614;11551
T11198;11552
T22146;11553
T13159;11554
T02340;11555
T14970;11556
T18417;11557
T25663;11558
T18715;11559
T22977;11560
T22793;11561
T05634;11562
T14190;11563
T05223;11564
T18099;11565
T19536;11566
T14921;11567
T20649;11568
T20809;11569
T23091;11570
T52591;11571
T08014;11572
T14315;11573
T00355;11574
T18987;11575
T40769;11576
T20832;11577
T11730;11578
T01792;11579
T53060;11580
T17999;11581
T61354;11582
T23132;11583
T14994;11584
T18720;11585
T19475;11586
T30914;11587
T24522;11588
T15185;11589
T20183;11590
T60001;11591
T03781;11592
T23619;11593
T69402;11594
T19918;11595
T11010;11596
T23088;11597
T01820;11598
T12471;11599
T19323;11600
T12020;11601
T13633;11602
T16290;11603
T19998;11604
T27211;11605
T20767;11606
T19121;11607
T10712;11608
T22721;11609
T69266;11610
T18282;11611
T53361;11612
T21276;11613
T14040;11614
T27235;11615
T15475;11616
T13038;11617
T12343;11618
T00712;11619
T21514;11620
T22277;11621
T12900;11622
T00615;11623
T17769;11624
T25740;11625
T16270;11626
T13870;11627
T17857;11628
T25385;11629
T14131;11630
T19563;11631
T24014;11632
T22947;11633
T18785;11634
T10437;11635
T16991;11636
T13184;11637
T18637;11638
T19584;11639
T11108;11640
T01648;11641
T20946;11642
T17038;11643
T21609;11644
T20028;11645
T16076;11646
T20989;11647
T18234;11648
T15931;11649
T14349;11650
T18871;11651
T15247;11652
T15465;11653
T36479;11654
T00261;11655
T17101;11656
T13050;11657
T22886;11658
T01317;11659
T16622;11660
T10728;11661
T21110;11662
T48575;11663
T05442;11664
T36830;11665
T04613;11666
T04291;11667
T17689;11668
T10074;11669
T01130;11670
T14998;11671
T15553;11672
T11739;11673
T17946;11674
T14547;11675
T14585;11676
T22808;11677
T20551;11678
T22381;11679
T08158;11680
T27263;11681
T17843;11682
T27290;11683
T25571;11684
T22651;11685
T23932;11686
T16567;11687
T16671;11688
T17126;11689
T15686;11690
T14619;11691
T14328;11692
T24101;11693
T20952;11694
T19487;11695
T21064;11696
T18222;11697
T25476;11698
T47043;11699
T17250;11700
T09389;11701
T07742;11702
T17481;11703
T36794;11704
T25151;11705
T19923;11706
T25125;11707
T05897;11708
T02503;11709
T13066;11710
T23169;11711
T12503;11712
T19601;11713
T10899;11714
T23172;11715
T25625;11716
T21658;11717
T15476;11718
T14052;11719
T52779;11720
T43539;11721
T24562;11722
T15948;11723
T17280;11724
T18025;11725
T18724;11726
T59274;11727
T23665;11728
T07453;11729
T17255;11730
T66855;11731
T15217;11732
T19423;11733
T31563;11734
T07630;11735
T19623;11736
T20635;11737
T22468;11738
T20806;11739
T10396;11740
T10395;11741
T21942;11742
T61643;11743
T13243;11744
T00899;11745
T53528;11746
T13732;11747
T00635;11748
T01129;11749
T22209;11750
T19959;11751
T21264;11752
T19253;11753
T07097;11754
T17573;11755
T56565;11756
T20640;11757
T20907;11758
T21125;11759
T10745;11760
T23643;11761
T25345;11762
T43782;11763
T21404;11764
T13905;11765
T16856;11766
T15583;11767
T16544;11768
T20318;11769
T13616;11770
T14429;11771
T16199;11772
T24544;11773
T07745;11774
T23420;11775
T02264;11776
T19939;11777
T22654;11778
T01729;11779
T09847;11780
T34967;11781
T19091;11782
T14867;11783
T69370;11784
T19956;11785
T25693;11786
T56799;11787
T56712;11788
T21075;11789
T20061;11790
T23661;11791
T25806;11792
T16798;11793
T14389;11794
T18569;11795
T00274;11796
T17814;11797
T18773;11798
T53079;11799
T20005;11800
T22907;11801
T22662;11802
T19428;11803
T11111;11804
T18039;11805
T24993;11806
T00332;11807
T20688;11808
T16456;11809
T13283;11810
T10167;11811
T19483;11812
T14009;11813
T21547;11814
T11766;11815
T06703;11816
T22317;11817
T00248;11818
T52968;11819
T09490;11820
T19894;11821
T20279;11822
T04051;11823
T11711;11824
T20670;11825
T13211;11826
T23796;11827
T20352;11828
T06550;11829
T18310;11830
T06270;11831
T12038;11832
T01445;11833
T13282;11834
T01202;11835
T12257;11836
T23454;11837
T52975;11838
T10232;11839
T25643;11840
T19078;11841
T33862;11842
T18792;11843
T14162;11844
T18258;11845
T10408;11846
T01004;11847
T43647;11848
T06248;11849
T36265;11850
T17554;11851
T27403;11852
T20428;11853
T13776;11854
T22478;11855
T19893;11856
T22778;11857
T15505;11858
T69342;11859
T18996;11860
T19417;11861
T07788;11862
T22897;11863
T00392;11864
T23488;11865
T18972;11866
T10718;11867
T05551;11868
T56012;11869
T02239;11870
T52758;11871
T22365;11872
T21665;11873
T20437;11874
T21401;11875
T05498;11876
T04375;11877
T03460;11878
T22010;11879
T20348;11880
T02084;11881
T15444;11882
T21268;11883
T14727;11884
T18672;11885
T13461;11886
T25464;11887
T23715;11888
T21230;11889
T19608;11890
T22045;11891
T01861;11892
T19405;11893
T18414;11894
T07232;11895
T22974;11896
T22767;11897
T18377;11898
T02206;11899
T00777;11900
T20911;11901
T12814;11902
T18944;11903
T12813;11904
T21349;11905
T12009;11906
T06320;11907
T54201;11908
T22528;11909
T05851;11910
T16806;11911
T18312;11912
T16379;11913
T20000;11914
T00528;11915
T03679;11916
T17752;11917
T19045;11918
T44841;11919
T14639;11920
T32318;11922
T12532;11923
T18491;11924
T18619;11925
T20770;11926
T07393;11927
T10638;11928
T14165;11929
T19065;11930
T19204;11931
T22624;11932
T24379;11933
T19650;11934
T02152;11935
T13103;11936
T17258;11937
T02458;11938
T15810;11939
T36984;11940
T22576;11941
T04933;11942
T21779;11943
T14541;11944
T37083;11945
T10282;11946
T22149;11947
T69337;11948
T20416;11949
T11141;11950
T07673;11951
T14169;11952
T01159;11953
T03469;11954
T22053;11955
T20662;11956
T08884;11957
T12973;11958
T12150;11959
T22070;11960
T05004;11961
T31779;11962
T14982;11963
T11597;11964
T53110;11965
T53113;11966
T04556;11967
T17669;11968
T02769;11969
T15667;11970
T21386;11971
T15856;11972
T18321;11973
T03103;11974
T13497;11975
T18707;11976
T20690;11977
T16232;11978
T02450;11979
T14805;11980
T03272;11982
T13709;11983
T08172;11984
T18956;11985
T22219;11986
T21412;11987
T18280;11988
T20375;11989
T03449;11990
T16304;11991
T10015;11992
T01369;11993
T15608;11994
T12170;11995
T21082;11996
T17780;11997
T01597;11998
T11617;11999
T20607;12000
T02388;12001
T21746;12002
T03804;12003
T03139;12004
T17004;12005
T23418;12006
T22677;12007
T19838;12008
T06653;12009
T18428;12010
T13702;12011
T10761;12012
T16084;12013
T18257;12014
T07547;12015
T17593;12016
T00984;12017
T67328;12018
T20669;12019
T12657;12020
T11819;12021
T69160;12022
T29417;12023
T22185;12024
T06089;12025
T00682;12026
T17287;12027
T21554;12028
T20684;12029
T28750;12030
T16072;12031
T23810;12032
T22554;12033
T21260;12034
T36406;12035
T15995;12036
T00167;12037
T11740;12038
T00945;12039
T10894;12040
T01119;12041
T25583;12042
T52807;12043
T18040;12044
T14449;12045
T08984;12046
T01277;12047
T09555;12048
T11625;12049
T21674;12050
T22475;12051
T20184;12052
T18497;12053
T13486;12054
T19728;12055
T00231;12056
T06299;12057
T66684;12058
T19963;12059
T07829;12060
T01638;12061
T24961;12062
T02972;12063
T19809;12064
T04631;12065
T25702;12066
T02603;12067
T22281;12068
T09276;12069
T21409;12070
T17696;12071
T18393;12072
T24593;12073
T20581;12074
T23642;12075
T03118;12076
T20063;12077
T19400;12078
T02271;12079
T21676;12080
T20115;12081
T08571;12082
T15368;12083
T47138;12084
T20764;12085
T53135;12086
T13090;12087
T21358;12088
T13535;12089
T19936;12090
T13639;12091
T03837;12092
T14155;12093
T12388;12094
T22988;12095
T19527;12096
T17570;12097
T17072;12098
T15712;12099
T17789;12100
T17812;12101
T51374;12102
T23052;12103
T17982;12104
T17858;12105
T00739;12106
T11446;12107
T29198;12108
T14067;12109
T20396;12110
T19592;12111
T17884;12112
T12383;12113
T24528;12114
T01360;12115
T09074;12116
T17463;12117
T21330;12118
T18374;12119
T23601;12120
T14249;12121
T04094;12122
T01878;12123
T01311;12124
T21817;12125
T17199;12126
T17176;12127
T23441;12128
T11955;12129
T11118;12130
T06225;12131
T43553;12132
T13764;12133
T09924;12134
T12497;12135
T18857;12136
T21961;12137
T00602;12138
T52560;12139
T10733;12140
T20359;12141
T19794;12142
T11369;12143
T11051;12144
T67007;12145
T15314;12146
T21570;12147
T12764;12148
T01397;12149
T14721;12150
T17560;12151
T22613;12152
T20872;12153
T67014;12154
T09554;12155
T22935;12156
T18894;12157
T01916;12158
T23549;12159
T00244;12160
T23257;12161
T22742;12162
T15907;12163
T44675;12164
T27339;12165
T27370;12166
T46300;12167
T16981;12168
T01224;12169
T44246;12170
T16410;12171
T18628;12172
T22847;12173
T36250;12174
T60371;12175
T11777;12176
T23807;12177
T20116;12178
T00362;12179
T52899;12180
T20105;12181
T23926;12182
T10676;12183
T23928;12184
T17514;12185
T09475;12186
T10434;12187
T10790;12188
T16513;12189
T53984;12190
T23544;12191
T17611;12192
T26925;12193
T14866;12194
T22085;12195
T14046;12196
T19783;12197
T25701;12198
T21542;12199
T16804;12200
T19360;12201
T17981;12202
T10972;12203
T19822;12204
T22832;12205
T06644;12206
T23955;12207
T21835;12208
T10547;12209
T52736;12210
T36228;12211
T01182;12212
T46356;12213
T11430;12214
T22120;12215
T15257;12216
T07255;12217
T22672;12218
T19834;12219
T20625;12220
T18120;12221
T00139;12223
T65570;12224
T09456;12225
T20848;12226
T19265;12227
T25620;12228
T21044;12229
T61639;12230
T14026;12231
T19339;12232
T06569;12233
T15855;12234
T17650;12235
T17654;12236
T25146;12237
T14529;12238
T22161;12239
T24338;12240
T33675;12241
T19222;12242
T22211;12243
T04027;12244
T33255;12245
T23818;12246
T23374;12247
T22896;12248
T18682;12249
T18471;12250
T22878;12251
T23033;12252
T18064;12253
T20294;12254
T35097;12255
T22266;12256
T36276;12257
T25632;12258
T43952;12259
T09773;12260
T15078;12261
T23445;12262
T16285;12263
T08468;12264
T16370;12265
T12310;12266
T23312;12267
T18316;12268
T18898;12269
T09062;12270
T20571;12271
T19124;12272
T23278;12273
T19362;12274
T24291;12275
T37252;12276
T37217;12277
T22023;12278
T45133;12279
T23527;12280
T66946;12281
T06058;12282
T17150;12283
T23634;12284
T23439;12285
T11068;12286
T14281;12287
T69246;12288
T45598;12289
T65263;12290
T17954;12291
T23991;12292
T69420;12293
T46119;12294
T19125;12295
T19134;12296
T10939;12297
T22719;12298
T66806;12299
T18411;12300
T19802;12301
T16327;12302
T07611;12303
T63140;12304
T12647;12305
T25708;12306
T20504;12307
T19357;12308
T23307;12309
T18680;12310
T00033;12311
T03194;12312
T18278;12313
T20077;12314
T19495;12315
T20319;12316
T12630;12317
T19058;12318
T18056;12319
T60758;12320
T15100;12321
T10878;12322
T18400;12323
T16432;12324
T19682;12325
T06168;12326
T53160;12327
T23123;12328
T18449;12329
T22744;12330
T18884;12331
T10349;12332
T21327;12333
T17864;12334
T25140;12335
T20440;12336
T25642;12337
T45614;12338
T11486;12339
T26132;12340
T13335;12341
T17256;12342
T19701;12343
T10544;12344
T21841;12345
T22725;12346
T14358;12347
T69206;12348
T14236;12349
T01087;12350
T13434;12351
T17403;12352
T13235;12353
T10567;12354
T36231;12355
T11275;12356
T16948;12357
T18726;12358
T01176;12359
T10271;12360
T19521;12361
T10654;12362
T18962;12363
T03741;12364
T19374;12365
T12716;12366
T16630;12367
T29323;12368
T66216;12369
T19680;12370
T37096;12371
T25700;12372
T06655;12373
T19908;12374
T00015;12375
T13034;12376
T37089;12377
T21028;12378
T19161;12379
T17335;12380
T10061;12381
T20389;12382
T23410;12383
T65240;12384
T08817;12385
T09604;12386
T20762;12387
T22300;12388
T22038;12389
T08317;12390
T13533;12391
T14563;12392
T19120;12393
T36938;12394
T69308;12395
T10456;12396
T00447;12397
T09359;12398
T19831;12399
T09406;12400
T22500;12401
T19522;12402
T17678;12403
T20568;12404
T18080;12405
T52917;12406
T23949;12407
T22696;12408
T17065;12409
T24930;12410
T22311;12411
T11200;12412
T23425;12413
T25428;12414
T05155;12415
T23156;12416
T19804;12417
T11805;12418
T15761;12419
T20584;12420
T09689;12421
T19955;12422
T09776;12423
T00436;12424
T20047;12425
T69233;12426
T24129;12427
T66206;12428
T15580;12429
T19777;12430
T18418;12431
T12637;12432
T25637;12433
T23778;12434
T12921;12435
T14825;12436
T26421;12437
T09971;12438
T25713;12439
T23602;12440
T23616;12441
T29553;12442
T22058;12444
T01225;12445
T15625;12446
T20598;12447
T25386;12448
T23699;12449
T18224;12450
T20267;12451
T22214;12452
T25488;12453
T09487;12454
T56282;12455
T48052;12456
T17552;12457
T15363;12458
T26238;12459
T19805;12460
T11594;12461
T29416;12462
T22678;12463
T21228;12464
T10557;12465
T23963;12466
T14503;12467
T00779;12468
T23236;12469
T19252;12470
T12649;12471
T17242;12472
T11613;12473
T10577;12474
T16863;12475
T17208;12476
T00138;12477
T08483;12478
T20773;12479
T21080;12480
T23249;12481
T20438;12482
T17736;12483
T19113;12484
T19044;12485
T24992;12486
T17684;12487
T18618;12488
T15226;12489
T19006;12490
T53171;12491
T14333;12492
T19015;12493
T26281;12494
T29330;12495
T14367;12496
T19907;12497
T16576;12498
T14073;12499
T16679;12500
T23776;12501
T19440;12502
T11856;12503
T24513;12504
T18998;12505
T21243;12506
T13458;12507
T17793;12508
T23902;12509
T56830;12510
T09266;12511
T14226;12512
T10766;12513
T19884;12514
T10853;12515
T23341;12516
T17755;12517
T13823;12518
T08454;12519
T29419;12520
T23626;12521
T23363;12522
T12660;12523
T27377;12524
T07824;12525
T12384;12526
T32826;12527
T01440;12528
T04054;12529
T20251;12530
T20784;12531
T11285;12532
T00649;12533
T16750;12534
T17990;12535
T68891;12536
T23206;12537
T24055;12538
T18594;12539
T12174;12540
T55538;12541
T14426;12542
T16194;12543
T19704;12544
T19179;12545
T15357;12546
T12659;12547
T20303;12548
T00299;12549
T14602;12550
T01962;12551
T14870;12552
T05604;12553
T31657;12554
T29465;12555
T15999;12556
T21977;12557
T15801;12558
T00532;12559
T00157;12560
T14952;12561
T14672;12562
T10803;12563
T23332;12564
T21159;12565
T21155;12566
T01569;12567
T07758;12568
T60640;12569
T00637;12570
T69196;12571
T13701;12572
T14200;12573
T37256;12574
T00060;12575
T23750;12576
T26218;12577
T22018;12578
T67704;12579
T22888;12580
T23285;12581
T25130;12582
T26283;12583
T43893;12584
T43964;12585
T27566;12586
T15941;12587
T17849;12588
T15645;12589
T56218;12590
T59220;12591
T10937;12592
T25526;12593
T00802;12594
T37220;12595
T23929;12596
T23930;12597
T16859;12598
T18119;12599
T23006;12600
T20296;12601
T13340;12602
T36272;12603
T16872;12604
T15899;12605
T16895;12606
T21527;12607
T19029;12608
T20675;12609
T15872;12610
T21544;12611
T18530;12612
T07431;12613
T17936;12614
T19758;12615
T13111;12616
T17210;12617
T01623;12618
T18611;12619
T43369;12620
T19038;12621
T66013;12622
T18529;12623
T16980;12624
T22698;12625
T15633;12626
T04721;12627
T20695;12628
T14553;12629
T06989;12630
T11078;12631
T11218;12632
T00031;12633
T06857;12634
T16206;12635
T21656;12636
T12708;12637
T14299;12638
T68905;12639
T00609;12640
T06380;12641
T22848;12642
T29660;12643
T03824;12644
T03608;12645
T37306;12646
T16869;12647
T23633;12648
T17116;12649
T32799;12650
T62010;12651
T21426;12652
T25771;12653
T04200;12654
T23526;12655
T20172;12656
T20439;12657
T18113;12658
T21407;12659
T16397;12660
T22817;12661
T08466;12662
T05638;12663
T10868;12664
T15708;12665
T16315;12666
T15759;12667
T21837;12668
T49430;12669
T20815;12670
T19890;12671
T24334;12672
T17965;12673
T61644;12674
T23961;12675
T17293;12676
T17217;12677
T20330;12678
T14022;12679
T19083;12680
T10839;12681
T19472;12682
T22580;12683
T12585;12684
T16634;12685
T00668;12686
T20297;12687
T21824;12688
T02078;12689
T21118;12690
T13400;12691
T56783;12692
T13314;12693
T16364;12694
T17241;12695
T10831;12696
T23938;12697
T05305;12698
T13124;12699
T13552;12700
T13586;12701
T11014;12702
T21197;12703
T01809;12704
T22163;12705
T07667;12706
T19365;12707
T09700;12708
T21101;12709
T09477;12710
T12125;12711
T12717;12712
T19897;12713
T01993;12714
T11260;12715
T57426;12716
T20025;12717
T19067;12718
T19229;12719
T16777;12720
T19857;12721
T22051;12722
T69354;12723
T18704;12724
T29197;12725
T17834;12726
T12884;12727
T31720;12728
T45985;12729
T22855;12730
T20372;12731
T00943;12732
T15138;12733
T23831;12734
T19788;12735
T12815;12736
T10973;12737
T03424;12738
T69417;12739
T24132;12740
T04415;12741
T09529;12742
T36467;12743
T19203;12744
T13496;12745
T02270;12746
T00052;12747
T13287;12748
T22384;12749
T01724;12750
T01669;12751
T00141;12752
T03963;12753
T13543;12754
T07576;12755
T17195;12756
T15989;12757
T01980;12758
T17540;12759
T13722;12760
T00813;12761
T07853;12762
T06999;12763
T15946;12764
T10091;12765
T22879;12766
T12282;12767
T23583;12768
T22367;12769
T10356;12770
T24771;12771
T07761;12772
T01712;12773
T23580;12774
T13036;12775
T15309;12777
T11891;12778
T19393;12779
T29412;12780
T21138;12781
T08189;12782
T15731;12783
T11378;12784
T25430;12785
T20019;12786
T16830;12787
T18893;12788
T23513;12789
T20922;12790
T22385;12791
T01474;12792
T00245;12793
T66079;12794
T21949;12795
T13079;12796
T20875;12797
T12614;12798
T19714;12799
T69259;12800
T20624;12801
T05589;12802
T00513;12803
T20211;12804
T13428;12805
T15975;12806
T23572;12807
T22764;12808
T14379;12809
T17005;12810
T20253;12811
T33882;12812
T17445;12813
T22276;12814
T24473;12815
T02874;12816
T36464;12817
T10549;12818
T10548;12819
T23833;12820
T13901;12821
T13558;12822
T21581;12823
T05262;12824
T13531;12825
T19733;12826
T22845;12827
T32235;12828
T65253;12829
T13803;12830
T23382;12831
T27325;12832
T61085;12833
T43702;12834
T14303;12835
T21588;12836
T19820;12837
T23853;12838
T22101;12839
T02201;12840
T10439;12841
T07535;12842
T20138;12843
T10502;12844
T10194;12845
T22310;12846
T17347;12847
T69409;12848
T11732;12849
T12214;12850
T13309;12851
T12480;12852
T15575;12853
T02098;12854
T17409;12855
T22521;12856
T01868;12857
T04840;12858
T26178;12859
T19551;12860
T13423;12861
T08185;12862
T24742;12863
T54087;12864
T69295;12865
T17444;12866
T21366;12867
T21450;12868
T09134;12869
T22782;12870
T65811;12871
T22895;12872
T17224;12873
T11364;12874
T15400;12875
T19205;12876
T21631;12877
T03727;12878
T06449;12879
T04970;12880
T15562;12881
T21007;12882
T52966;12883
T22740;12884
T18016;12885
T11984;12886
T07621;12887
T01299;12888
T20861;12889
T22544;12890
T20361;12891
T20114;12892
T21922;12893
T20814;12894
T21395;12895
T20270;12896
T08327;12897
T12953;12898
T14835;12899
T22042;12900
T20470;12901
T11883;12902
T13785;12903
T02824;12904
T16202;12905
T03899;12906
T21523;12907
T15399;12908
T08107;12909
T03692;12910
T25395;12911
T15090;12912
T23489;12913
T23350;12914
T11875;12915
T00576;12916
T21748;12917
T17504;12918
T17908;12919
T12714;12920
T21845;12921
T18609;12922
T19622;12923
T12638;12924
T22709;12925
T56240;12926
T55965;12927
T20639;12928
T22152;12929
T08637;12930
T23179;12931
T23589;12932
T19510;12933
T45005;12934
T20245;12935
T00254;12936
T56241;12937
T12908;12938
T20970;12939
T20450;12940
T26299;12941
T01500;12942
T04164;12943
T01806;12944
T66819;12945
T24631;12946
T24662;12947
T22682;12948
T16710;12949
T01565;12950
T13241;12951
T25690;12952
T66454;12953
T01781;12954
T05609;12955
T20402;12956
T69413;12957
T36540;12958
T05364;12959
T04330;12960
T61634;12961
T43741;12962
T25509;12963
T25508;12964
T52549;12965
T01746;12966
T22069;12967
T60384;12968
T23724;12969
T17273;12970
T11247;12971
T15697;12972
T11895;12973
T05969;12974
T52765;12975
T21380;12976
T16852;12977
T64911;12978
T16844;12979
T18907;12980
T01227;12981
T15695;12982
T08365;12983
T25080;12984
T19111;12985
T20160;12986
T17462;12987
T04517;12988
T14609;12989
T03067;12990
T01017;12991
T17506;12992
T22992;12993
T33476;12994
T17257;12995
T18579;12996
T18540;12997
T05430;12998
T21728;12999
T19562;13000
T02996;13001
T21553;13002
T20853;13003
T17469;13004
T20859;13005
T06218;13006
T15120;13007
T12039;13008
T21806;13009
T20975;13010
T22598;13011
T14417;13012
T21583;13013
T05157;13014
T05405;13015
T04219;13016
T04069;13017
T43760;13018
T69262;13019
T24143;13020
T20780;13021
T27243;13022
T03689;13023
T53767;13024
T23133;13025
T18775;13026
T03011;13027
T10246;13028
T11846;13029
T21210;13030
T20883;13031
T36232;13032
T12757;13033
T15914;13034
T24062;13035
T21524;13036
T15905;13037
T21184;13038
T01451;13039
T17425;13040
T10487;13041
T33479;13042
T09955;13043
T19837;13044
T00339;13045
T18233;13046
T21180;13047
T01810;13048
T20593;13049
T01655;13050
T56451;13051
T18710;13052
T15819;13053
T14947;13054
T17925;13055
T22714;13056
T18150;13057
T16019;13058
T12173;13059
T22225;13060
T18522;13061
T18650;13062
T18888;13063
T17019;13064
T25165;13065
T17728;13066
T41729;13067
T16028;13068
T23470;13069
T36555;13070
T13918;13071
T22067;13072
T02800;13073
T02785;13074
T23435;13075
T69329;13076
T24922;13077
T29415;13078
T14700;13079
T23039;13080
T14453;13081
T20611;13082
T11269;13083
T17327;13084
T17658;13085
T43720;13086
T19042;13087
T03988;13088
T04050;13089
T05307;13090
T05663;13091
T20230;13092
T20813;13093
T15175;13094
T28956;13095
T15818;13096
T10986;13097
T21985;13098
T19381;13099
T12372;13100
T09098;13101
T08392;13102
T17039;13103
T16746;13104
T08168;13105
T22913;13106
T08891;13107
T23918;13108
T18338;13109
T20796;13110
T19644;13111
T07492;13112
T08120;13113
T16263;13114
T02202;13115
T07410;13116
T28461;13117
T07677;13118
T02407;13119
T00281;13120
T24276;13121
T09466;13122
T12226;13123
T10919;13124
T04795;13125
T19115;13126
T66625;13127
T15587;13128
T14875;13129
T23801;13130
T20962;13131
T23465;13132
T18695;13133
T61084;13134
T25423;13135
T19062;13136
T21430;13137
T23964;13138
T23983;13139
T56223;13140
T22235;13141
T24721;13142
T10580;13143
T05630;13144
T06383;13145
T33410;13146
T45107;13147
T12906;13148
T13267;13149
T03168;13150
T12917;13151
T17021;13152
T25392;13153
T11598;13154
T23627;13155
T14958;13156
T17375;13157
T21397;13158
T15557;13159
T19336;13160
T61165;13161
T05461;13162
T19848;13163
T18476;13164
T07711;13165
T28568;13166
T22162;13167
T14515;13168
T16818;13169
T13592;13170
T22346;13171
T13162;13172
T07572;13173
T17390;13174
T00765;13175
T15481;13176
T17824;13177
T01133;13178
T19450;13179
T20685;13180
T02053;13181
T17000;13182
T00686;13183
T03412;13184
T18264;13185
T26291;13186
T00256;13187
T03892;13188
T16048;13189
T24515;13190
T13706;13191
T00316;13192
T24271;13193
T22972;13194
T23725;13195
T01393;13196
T00678;13197
T53544;13198
T12511;13199
T19503;13200
T43423;13201
T21981;13202
T19795;13203
T66892;13204
T21721;13205
T25169;13206
T23074;13207
T20045;13208
T18247;13209
T16751;13210
T16382;13211
T03537;13212
T19306;13213
T22147;13214
T22807;13215
T00728;13216
T37047;13217
T14600;13218
T11825;13219
T65414;13220
T09240;13221
T17852;13222
T05986;13223
T13800;13224
T25555;13225
T18456;13226
T24092;13227
T69361;13228
T00271;13229
T25675;13230
T04000;13231
T13893;13232
T18559;13233
T09204;13234
T22779;13235
T04188;13236
T61159;13237
T18705;13238
T18155;13239
T21143;13240
T09899;13241
T04376;13242
T18181;13243
T22259;13244
T69302;13245
T19131;13246
T09069;13247
T04873;13248
T20187;13249
T02339;13250
T13681;13251
T24328;13252
T13725;13253
T22692;13254
T16791;13255
T23591;13256
T19673;13257
T01827;13258
T16548;13259
T24259;13260
T10807;13261
T16466;13262
T08844;13263
T20647;13264
T16894;13265
T18551;13266
T31550;13267
T60370;13268
T23167;13269
T16959;13270
T18290;13271
T21975;13272
T25591;13273
T15890;13274
T00308;13275
T25344;13276
T27267;13277
T22242;13278
T01762;13279
T15687;13280
T08017;13281
T04101;13282
T27620;13283
T20119;13284
T01752;13285
T00962;13286
T15653;13287
T16012;13288
T16648;13289
T04759;13290
T14951;13291
T19982;13292
T12323;13293
T13769;13294
T24269;13295
T01723;13296
T20746;13297
T00782;13298
T21597;13299
T22099;13300
T58069;13301
T19274;13302
T03053;13303
T21549;13304
T16091;13305
T18211;13306
T20413;13307
T11448;13308
T69298;13309
T22922;13310
T20667;13311
T13509;13312
T22858;13313
T22057;13314
T23145;13315
T18123;13316
T18885;13317
T06389;13318
T21017;13319
T02358;13320
T14145;13321
T54851;13322
T18624;13323
T12922;13324
T13444;13325
T13691;13326
T16904;13327
T18217;13328
T23561;13329
T08240;13330
T13176;13331
T66060;13332
T17303;13333
T23711;13334
T15742;13335
T22394;13336
T18877;13337
T22796;13338
T08241;13339
T13696;13340
T10151;13341
T14270;13342
T00913;13343
T00737;13344
T20986;13345
T41587;13346
T19754;13347
T15858;13348
T03021;13349
T25670;13350
T22462;13351
T16862;13352
T08736;13353
T16311;13354
T23844;13355
T14035;13356
T17842;13357
T18495;13358
T01753;13359
T18671;13360
T52787;13361
T23999;13362
T14260;13363
T16054;13364
T22839;13365
T22689;13366
T23432;13367
T22363;13368
T07468;13369
T23094;13370
T21275;13371
T19293;13372
T24658;13373
T20869;13374
T21813;13375
T17854;13376
T13349;13377
T04748;13378
T18979;13379
T69217;13380
T11853;13381
T07250;13382
T13810;13383
T09791;13384
T12890;13385
T37179;13386
T22534;13387
T21521;13388
T10999;13389
T08766;13390
T21066;13391
T20015;13392
T22543;13393
T54088;13394
T16175;13395
T01508;13396
T20223;13397
T22826;13398
T23431;13399
T43673;13400
T10590;13401
T07326;13402
T19358;13403
T10523;13404
T12979;13405
T16356;13406
T21585;13407
T10236;13408
T18942;13409
T20067;13410
T24262;13411
T21908;13412
T01626;13413
T12730;13414
T17778;13415
T04986;13416
T12678;13417
T04468;13418
T21753;13419
T14214;13420
T04779;13421
T08029;13422
T13883;13423
T12004;13424
T12854;13425
T00685;13426
T02427;13427
T20503;13428
T13218;13429
T23295;13430
T25580;13431
T17878;13432
T08748;13433
T16786;13434
T13482;13435
T09232;13436
T01866;13437
T45165;13438
T21141;13439
T14321;13440
T01101;13441
T12521;13442
T01018;13443
T61491;13444
T46338;13445
T11522;13446
T00681;13447
T15883;13448
T13160;13449
T13875;13450
T02230;13451
T19943;13452
T01118;13453
T12022;13454
T00553;13455
T16934;13456
T52686;13457
T23786;13458
T10934;13459
T13047;13460
T56083;13461
T56649;13462
T19250;13463
T18506;13464
T29633;13465
T36809;13466
T53080;13467
T15884;13468
T00378;13469
T16879;13470
T11097;13471
T17159;13472
T29432;13473
T02356;13474
T09548;13475
T11946;13476
T69411;13477
T53114;13478
T11226;13479
T19596;13480
T01307;13481
T57180;13482
T21790;13483
T22883;13484
T14828;13485
T19198;13486
T15901;13487
T31817;13488
T21009;13489
T16157;13490
T19263;13491
T69394;13492
T12549;13493
T18405;13494
T13508;13495
T01108;13496
T02025;13497
T19940;13498
T15847;13499
T15443;13500
T15657;13501
T24980;13502
T20860;13503
T29440;13504
T17872;13505
T17992;13506
T22867;13507
T24949;13508
T06177;13509
T01223;13510
T11036;13511
T15408;13512
T20004;13513
T16716;13514
T18767;13515
T20987;13516
T10109;13517
T01273;13518
T14204;13519
T11454;13520
T23840;13521
T19340;13522
T08084;13523
T13478;13524
T22332;13525
T25168;13526
T18114;13527
T13842;13528
T00910;13529
T13581;13530
T11796;13531
T19047;13532
T22288;13533
T05544;13534
T13503;13535
T22237;13536
T18194;13537
T17164;13538
T12945;13539
T25794;13540
T22052;13541
T21781;13542
T36854;13543
T24712;13544
T19768;13545
T15660;13546
T14240;13547
T11655;13548
T02898;13549
T12799;13550
T12798;13551
T20539;13552
T14250;13553
T01342;13554
T49442;13555
T03743;13556
T12274;13557
T17410;13558
T22561;13559
T13816;13560
T11105;13561
T18652;13562
T18851;13563
T10226;13564
T10225;13565
T15631;13566
T10222;13567
T15632;13568
T17891;13569
T17894;13570
T17376;13571
T17892;13572
T15772;13573
T16090;13574
T15823;13575
T19488;13576
T16610;13577
T22347;13578
T69344;13579
T15614;13580
T14300;13581
T16428;13582
T12632;13583
T12631;13584
T23744;13585
T12407;13586
T20522;13587
T17225;13588
T11029;13589
T02093;13590
T69380;13591
T60926;13592
T10856;13593
T26236;13594
T18709;13595
T69416;13596
T20347;13597
T01495;13598
T15990;13599
T07819;13600
T21634;13601
T11958;13602
T02932;13603
T21578;13604
T12523;13605
T12915;13606
T66065;13607
T65546;13608
T20755;13609
T23660;13610
T18364;13611
T20415;13612
T27622;13613
T12939;13614
T10768;13615
T21911;13616
T19688;13617
T24018;13618
T15166;13619
T28793;13620
T01583;13621
T01581;13622
T20155;13623
T26217;13624
T21123;13625
T17718;13626
T25388;13627
T23338;13628
T22022;13629
T45110;13630
T21319;13631
T16225;13632
T22132;13633
T44672;13634
T23852;13635
T20562;13636
T00653;13637
T21229;13638
T04857;13639
T18389;13640
T18154;13641
T20173;13642
T17452;13643
T11016;13644
T19731;13645
T36811;13646
T23326;13647
T07012;13648
T04016;13649
T00440;13650
T10896;13651
T07252;13652
T24052;13653
T16293;13654
T21438;13655
T21137;13656
T23777;13657
T17044;13658
T23606;13659
T19507;13660
T44557;13661
T22307;13662
T23296;13663
T06492;13664
T24550;13665
T19654;13666
T19767;13667
T21618;13668
T16152;13669
T06953;13670
T03686;13671
T23394;13672
T05885;13673
T14153;13674
T04425;13675
T05481;13676
T16196;13677
T20200;13678
T21023;13679
T01883;13680
T19448;13681
T12027;13682
T16843;13683
T14099;13684
T12056;13685
T19708;13686
T10482;13687
T14465;13688
T15715;13689
T00066;13690
T10334;13691
T10499;13692
T14345;13693
T19656;13694
T21419;13695
T22160;13696
T19663;13697
T02212;13698
T11234;13699
T54175;13700
T08606;13701
T15367;13702
T13205;13703
T55690;13704
T24833;13705
T16860;13706
T22401;13707
T10176;13708
T19607;13709
T17983;13710
T22194;13711
T37268;13712
T22492;13713
T22331;13714
T00260;13715
T04563;13716
T27203;13717
T08195;13718
T12988;13719
T17971;13720
T11096;13721
T43814;13722
T11783;13723
T13061;13724
T19619;13725
T19372;13726
T12794;13727
T19329;13728
T66131;13729
T11052;13730
T10165;13731
T25116;13732
T19814;13733
T20122;13734
T63052;13735
T18277;13736
T36539;13737
T16212;13738
T21518;13739
T61629;13740
T07284;13741
T06919;13742
T03852;13743
T66016;13744
T07779;13745
T32777;13746
T21920;13747
T17587;13748
T16340;13749
T01045;13750
T07991;13751
T12500;13752
T23545;13753
T00950;13754
T07926;13755
T15698;13756
T18872;13757
T18124;13758
T19724;13759
T23192;13760
T18385;13761
T14649;13762
T07299;13763
T05149;13764
T00953;13765
T03721;13766
T26107;13767
T18314;13768
T17076;13769
T10319;13770
T45091;13771
T15821;13772
T15051;13773
T14714;13774
T04712;13775
T20481;13776
T14386;13777
T13711;13778
T09625;13779
T09871;13780
T00866;13781
T15619;13782
T22853;13783
T16772;13784
T23673;13785
T00040;13786
T07550;13787
T10378;13788
T10614;13789
T17479;13790
T01548;13791
T03440;13792
T16871;13793
T00121;13794
T61526;13795
T39302;13796
T00723;13797
T66837;13798
T21515;13799
T03278;13800
T14072;13801
T25493;13802
T23745;13803
T16077;13804
T07174;13805
T04482;13806
T21247;13807
T06710;13808
T20256;13809
T18494;13810
T16512;13811
T10774;13812
T14369;13813
T17604;13814
T24826;13815
T21875;13816
T21170;13817
T13199;13818
T12732;13819
T02338;13820
T15744;13821
T22912;13822
T44588;13823
T23979;13824
T27299;13825
T19764;13826
T10357;13827
T69292;13828
T11687;13829
T21285;13830
T02741;13831
T11649;13832
T16545;13833
T12145;13834
T18590;13835
T19745;13836
T05382;13837
T53773;13838
T17618;13839
T23533;13840
T21716;13841
T18953;13842
T29944;13843
T25741;13844
T18656;13845
T13809;13846
T15601;13847
T13817;13848
T26304;13849
T19452;13850
T22785;13851
T45192;13852
T18050;13853
T18292;13854
T22267;13855
T14706;13856
T16632;13857
T07288;13858
T03187;13859
T22803;13860
T46318;13861
T25550;13862
T23139;13863
T13928;13864
T22875;13865
T00917;13866
T22196;13867
T22271;13868
T05559;13869
T02256;13870
T20041;13871
T11487;13872
T14246;13873
T65301;13874
T21130;13875
T60664;13876
T01755;13877
T10604;13878
T18626;13879
T12590;13880
T02756;13881
T07070;13882
T06067;13883
T19765;13884
T20851;13885
T22254;13886
T00402;13887
T19289;13888
T19979;13889
T20260;13890
T20723;13891
T05894;13892
T16589;13893
T00584;13894
T24103;13895
T02194;13896
T18723;13897
T02189;13898
T06295;13899
T23937;13900
T49443;13901
T18555;13902
T04738;13903
T15958;13904
T05706;13905
T23574;13906
T14208;13907
T16402;13908
T12332;13909
T16418;13910
T09723;13911
T20268;13912
T08445;13913
T18916;13914
T10829;13915
T06737;13916
T18870;13917
T22597;13918
T20578;13919
T24372;13920
T00671;13921
T69228;13922
T11237;13923
T21652;13924
T10021;13925
T17779;13926
T00079;13927
T11304;13928
T16367;13929
T37120;13930
T05860;13931
T00806;13932
T30089;13933
T18750;13934
T02244;13935
T18156;13936
T22823;13937
T07599;13938
T00679;13939
T00771;13940
T17571;13941
T21651;13942
T15889;13943
T11550;13944
T22804;13945
T10673;13946
T23649;13947
T12550;13948
T21688;13949
T53011;13950
T23933;13951
T22733;13952
T19408;13953
T12980;13954
T29637;13955
T18658;13956
T24902;13957
T02480;13958
T01670;13959
T29462;13960
T09481;13961
T52764;13962
T10944;13963
T11525;13964
T02363;13965
T17997;13966
T20455;13967
T12055;13968
T19645;13969
T08013;13970
T00512;13971
T19740;13972
T68892;13973
T08342;13974
T43722;13975
T15649;13976
T15757;13977
T22801;13978
T01607;13979
T53761;13980
T01039;13981
T13761;13982
T25219;13983
T00629;13984
T03249;13985
T16920;13986
T19577;13987
T22062;13988
T19338;13989
T03973;13990
T33254;13991
T11586;13992
T30712;13993
T18371;13994
T25087;13995
T17068;13996
T03514;13997
T10726;13998
T23621;13999
T17140;14000
T66503;14001
T23910;14002
T04567;14003
T18439;14004
T01270;14005
T20113;14006
T08112;14007
T12271;14008
T23611;14009
T14370;14010
T22664;14011
T13756;14012
T20495;14013
T19132;14014
T15139;14015
T22872;14016
T19325;14017
T21780;14018
T22453;14019
T00434;14020
T10958;14021
T09453;14022
T17408;14023
T13675;14024
T12377;14025
T53129;14026
T53139;14027
T16181;14028
T07999;14029
T07517;14030
T05353;14031
T06516;14032
T10083;14033
T12758;14034
T19334;14035
T19342;14036
T18692;14037
T18269;14038
T33671;14039
T03328;14040
T16926;14041
T03747;14042
T22294;14043
T15142;14044
T17542;14045
T06829;14046
T06826;14047
T17762;14048
T22956;14049
T07018;14050
T14011;14051
T19775;14052
T05573;14053
T18357;14054
T63686;14055
T03219;14056
T10956;14057
T67961;14058
T59975;14059
T06941;14060
T00494;14061
T03014;14062
T07151;14063
T08147;14064
T18513;14065
T21000;14066
T19830;14067
T23613;14068
T25649;14069
T10609;14070
T04452;14071
T12541;14072
T23923;14073
T29425;14074
T20360;14075
T17537;14076
T13991;14077
T15936;14078
T01600;14079
T30349;14080
T03297;14081
T16044;14082
T25171;14083
T10661;14084
T01709;14085
T22379;14086
T05550;14087
T14285;14088
T19500;14089
T25253;14090
T21918;14091
T17758;14092
T18348;14093
T31422;14094
T65665;14095
T10693;14096
T23299;14097
T21831;14098
T23679;14099
T65385;14100
T21150;14101
T12045;14102
T14166;14103
T20341;14104
T60071;14105
T66807;14106
T07380;14107
T00253;14108
T17764;14109
T22493;14110
T22450;14111
T21314;14112
T00542;14113
T01003;14114
T18130;14115
T17106;14116
T22748;14117
T21628;14118
T23121;14119
T01389;14120
T25511;14121
T18711;14122
T25578;14123
T00309;14124
T08259;14125
T44786;14126
T20583;14127
T01163;14128
T22963;14129
T47460;14130
T18159;14131
T45647;14132
T24454;14133
T10147;14134
T00269;14135
T22643;14136
T19151;14137
T01515;14138
T15213;14139
T22757;14140
T31291;14141
T57742;14142
T16233;14143
T23148;14144
T00763;14145
T20412;14146
T22673;14147
T16083;14148
T21582;14149
T10350;14150
T18044;14151
T18677;14152
T13128;14153
T28921;14154
T22205;14155
T21163;14156
T18844;14157
T20112;14158
T13726;14159
T24390;14160
T00475;14161
T25400;14162
T18545;14163
T10542;14164
T04707;14165
T23016;14166
T01760;14167
T17914;14168
T21174;14169
T19949;14170
T65321;14171
T52345;14172
T04984;14173
T02622;14174
T69249;14175
T16485;14176
T52672;14177
T21263;14178
T25023;14179
T09307;14180
T17701;14181
T12443;14182
T17772;14183
T21526;14184
T11072;14185
T20298;14186
T05527;14187
T13112;14188
T16282;14189
T21623;14190
T00661;14191
T07635;14192
T21347;14193
T12863;14194
T20974;14195
T00379;14196
T16179;14197
T07083;14198
T23718;14199
T67701;14200
T12473;14201
T19734;14202
T08262;14203
T13186;14204
T20453;14205
T52937;14206
T23194;14207
T02237;14208
T19789;14209
T11271;14210
T17104;14211
T25382;14212
T20604;14213
T02697;14214
T09071;14215
T26135;14216
T23038;14217
T00416;14218
T21759;14219
T19593;14220
T18235;14221
T17679;14222
T20978;14223
T00753;14224
T20943;14225
T23300;14226
T23428;14227
T20327;14228
T19597;14229
T33516;14230
T41700;14231
T22615;14232
T05466;14233
T13323;14234
T20334;14235
T29588;14236
T44427;14237
T23867;14238
T23866;14239
T03260;14240
T20081;14241
T17304;14242
T24022;14243
T53469;14244
T25131;14245
T18334;14246
T05767;14247
T13454;14248
T13952;14249
T16921;14250
T16530;14251
T11930;14252
T16259;14253
T00102;14254
T22655;14255
T25036;14256
T13990;14257
T17494;14258
T13982;14259
T23398;14260
T27771;14261
T14997;14262
T17707;14263
T20824;14264
T26157;14265
T22006;14266
T20281;14267
T20676;14268
T15977;14269
T04607;14270
T19821;14271
T21598;14272
T19032;14273
T00266;14274
T17356;14275
T19934;14276
T20687;14277
T08094;14278
T06385;14279
T01645;14280
T25071;14281
T18426;14282
T08406;14283
T56452;14284
T00265;14285
T14579;14286
T03662;14287
T21629;14288
T23010;14289
T24223;14290
T26260;14291
T10641;14292
T21689;14293
T15321;14294
T13463;14295
T11000;14296
T02442;14297
T02701;14298
T08264;14299
T21579;14300
T00605;14301
T03151;14302
T00582;14303
T01255;14304
T26173;14305
T16881;14306
T12556;14307
T19565;14308
T20731;14309
T10860;14310
T11541;14311
T13608;14312
T15517;14313
T56543;14314
T11419;14315
T16673;14316
T04878;14317
T45645;14318
T24537;14319
T06107;14320
T15910;14321
T16611;14322
T15140;14323
T36998;14324
T22967;14325
T12873;14326
T16319;14327
T00534;14328
T04605;14329
T25174;14330
T01283;14331
T00485;14332
T01149;14333
T07115;14334
T05486;14335
T01938;14336
T68901;14337
T21862;14338
T16399;14339
T00287;14340
T22484;14341
T22482;14342
T26261;14343
T14212;14344
T16173;14345
T53983;14346
T27419;14347
T16167;14348
T15617;14349
T12574;14350
T05618;14351
T04293;14352
T17515;14353
T17935;14354
T66126;14355
T43925;14356
T21070;14357
T18882;14358
T17539;14359
T16297;14360
T16887;14361
T09641;14362
T01620;14363
T10847;14364
T19127;14365
T16005;14366
T64641;14367
T01412;14368
T20823;14369
T19916;14370
T16032;14371
T15662;14372
T05258;14373
T15981;14374
T13269;14375
T69352;14376
T20108;14377
T36252;14378
T10887;14379
T13281;14380
T21283;14381
T15719;14382
T22195;14383
T09073;14384
T19870;14385
T00458;14386
T14643;14387
T05357;14388
T61039;14389
T21645;14390
T23822;14391
T01627;14392
T21891;14393
T19531;14394
T23149;14395
T15986;14396
T15463;14397
T25246;14398
T15548;14399
T18889;14400
T12508;14401
T15429;14402
T04807;14403
T16877;14404
T13240;14405
T10397;14406
T13493;14407
T14965;14408
T04994;14409
T08215;14410
T15482;14411
T07748;14412
T04097;14413
T36213;14414
T19807;14415
T36806;14416
T00137;14417
T15714;14418
T23472;14419
T24613;14420
T20655;14421
T06544;14422
T23275;14423
T02135;14424
T22945;14425
T07235;14426
T00741;14427
T23507;14428
T36609;14429
T14946;14430
T22368;14431
T14758;14432
T21848;14433
T06184;14434
T01371;14435
T21175;14436
T13365;14437
T06085;14438
T23255;14439
T17704;14440
T13837;14441
T02765;14442
T00217;14443
T15362;14444
T11599;14445
T18919;14446
T19085;14447
T14524;14448
T18365;14449
T65083;14450
T66847;14451
T13935;14452
T18421;14453
T13814;14454
T13975;14455
T20018;14456
T02108;14457
T05440;14458
T20336;14459
T15969;14460
T11815;14461
T02676;14462
T10321;14463
T13033;14464
T13716;14465
T22603;14466
T21510;14467
T10359;14468
T11335;14469
T11314;14470
T23380;14471
T17819;14472
T13731;14473
T29491;14474
T12703;14475
T01165;14476
T14969;14477
T32791;14478
T14143;14479
T52856;14480
T19155;14481
T20818;14482
T23421;14483
T08936;14484
T03396;14485
T18764;14486
T15243;14487
T21322;14488
T13824;14489
T00357;14490
T14584;14491
T08054;14492
T17676;14493
T12021;14494
T00719;14495
T22305;14496
T21642;14497
T01811;14498
T19528;14499
T07421;14500
T23967;14501
T52986;14502
T21021;14503
T13707;14504
T18765;14505
T14316;14506
T67750;14507
T15141;14508
T18856;14509
T14109;14510
T18378;14511
T13888;14512
T07601;14513
T15415;14514
T05434;14515
T10910;14516
T15777;14517
T16557;14518
T01326;14519
T06884;14520
T20672;14521
T19823;14522
T01997;14523
T28983;14524
T13191;14525
T01178;14526
T07435;14527
T03708;14528
T27458;14529
T16384;14530
T20634;14531
T23821;14532
T13651;14533
T10436;14534
T23595;14535
T53966;14536
T07670;14537
T24357;14538
T23754;14539
T01894;14540
T05416;14541
T16392;14542
T16817;14543
T25156;14544
T21181;14545
T17674;14546
T31782;14547
T11612;14548
T13455;14549
T11943;14550
T09380;14551
T57761;14552
T01804;14553
T12826;14554
T00998;14555
T14505;14556
T01687;14557
T14112;14558
T02401;14559
T14968;14560
T09671;14561
T32243;14562
T00092;14563
T04060;14564
T14555;14565
T11042;14566
T16752;14567
T18904;14568
T23824;14569
T19757;14570
T14290;14571
T00958;14572
T09780;14573
T10481;14574
T06187;14575
T20071;14576
T26145;14577
T17448;14578
T04122;14579
T20866;14580
T54848;14581
T23112;14582
T11049;14583
T69231;14584
T19322;14585
T23304;14586
T53982;14587
T12898;14588
T10062;14589
T22532;14590
T43779;14591
T36214;14592
T21599;14593
T27199;14594
T29544;14595
T43536;14596
T13683;14597
T00918;14598
T15599;14599
T04770;14600
T05472;14601
T12616;14602
T19446;14603
T20393;14604
T02002;14605
T16688;14606
T21420;14607
T16071;14608
T25033;14609
T05891;14610
T21142;14611
T19087;14612
T19427;14613
T00155;14614
T00643;14615
T13860;14616
T00612;14617
T00796;14618
T03940;14619
T54169;14620
T08085;14621
T15179;14622
T06586;14623
T01341;14624
T01090;14625
T09863;14626
T13399;14627
T15911;14628
T20074;14629
T12340;14630
T14676;14631
T09349;14632
T13523;14633
T13356;14634
T22727;14635
T11653;14636
T18018;14637
T10261;14638
T22749;14639
T03475;14640
T08711;14641
T15940;14642
T47363;14643
T16711;14644
T16281;14645
T00209;14646
T12404;14647
T03922;14648
T11762;14649
T11795;14650
T21953;14651
T22498;14652
T15413;14653
T00770;14654
T10688;14655
T23328;14656
T22044;14657
T19927;14658
T25396;14659
T18401;14660
T23829;14661
T18755;14662
T16336;14663
T23058;14664
T30147;14665
T22775;14666
T26159;14667
T26153;14668
T19889;14669
T23709;14670
T18801;14671
T18778;14672
T16562;14673
T16441;14674
T25720;14675
T11405;14676
T16498;14677
T18564;14678
T03769;14679
T18791;14680
T69340;14681
T21274;14682
T22107;14683
T14704;14684
T20435;14685
T37098;14686
T13863;14687
T16358;14688
T06445;14689
T13359;14690
T16603;14691
T20164;14692
T04163;14693
T37033;14694
T69317;14695
T00085;14696
T24508;14697
T15774;14698
T23652;14699
T10558;14700
T20845;14701
T16560;14702
T04510;14703
T05676;14704
T17024;14705
T18543;14706
T06480;14707
T13379;14708
T00748;14709
T17080;14710
T15778;14711
T15898;14712
T20803;14713
T15610;14714
T22901;14715
T29422;14716
T53007;14717
T23103;14718
T15547;14719
T26284;14720
T22207;14721
T18847;14722
T15850;14723
T03602;14724
T20547;14725
T23283;14726
T18058;14727
T18873;14728
T21340;14729
T11722;14730
T01696;14731
T10612;14732
T16398;14733
T20079;14734
T23738;14735
T11521;14736
T19992;14737
T13460;14738
T23599;14739
T16088;14740
T13739;14741
T09151;14742
T18973;14743
T37229;14744
T01000;14745
T02220;14746
T49387;14747
T10591;14748
T36186;14749
T22771;14750
T22212;14751
T12712;14752
T22314;14753
T07081;14754
T22429;14755
T14941;14756
T26164;14757
T15749;14758
T19612;14759
T22024;14760
T11804;14761
T25060;14762
T18630;14763
T01741;14764
T20969;14765
T20280;14766
T20169;14767
T23392;14768
T05085;14769
T60072;14770
T25498;14771
T21479;14772
T13970;14773
T10322;14774
T17586;14775
T47450;14776
T21876;14777
T04603;14778
T04642;14779
T21874;14780
T17860;14781
T21594;14782
T02423;14783
T16277;14784
T17781;14785
T19386;14786
T18353;14787
T20585;14788
T19546;14789
T18306;14790
T19497;14791
T21167;14792
T17713;14793
T25390;14794
T12172;14795
T19852;14796
T23641;14797
T06972;14798
T15891;14799
T10691;14800
T16420;14801
T25640;14802
T12767;14803
T22487;14804
T19525;14805
T23543;14806
T01862;14807
T20968;14808
T12159;14809
T18499;14810
T10652;14811
T01336;14812
T13949;14813
T10830;14814
T43902;14815
T14451;14816
T27280;14817
T11399;14818
T10854;14819
T18041;14820
T18423;14821
T13580;14822
T06437;14823
T20834;14824
T15603;14825
T12109;14826
T17951;14827
T22843;14828
T19581;14829
T23758;14830
T19904;14831
T22861;14832
T56537;14833
T12327;14834
T20657;14835
T09517;14836
T22526;14837
T16347;14838
T17945;14839
T01742;14840
T17840;14841
T00055;14842
T07922;14843
T52938;14844
T23741;14845
T69391;14846
T02351;14847
T53760;14848
T12727;14849
T24648;14850
T60003;14851
T23487;14852
T12772;14853
T23795;14854
T19732;14855
T04201;14856
T23107;14857
T15926;14858
T22079;14859
T16649;14860
T01838;14861
T16425;14862
T03207;14863
T65864;14864
T11495;14865
T13417;14866
T12287;14867
T14698;14868
T22936;14869
T07592;14870
T13693;14871
T08055;14872
T22326;14873
T21220;14874
T16265;14875
T20395;14876
T23155;14877
T21165;14878
T10715;14879
T05607;14880
T05132;14881
T20938;14882
T16092;14883
T14826;14884
T20854;14885
T13625;14886
T16391;14887
T16260;14888
T22539;14889
T17927;14890
T20215;14891
T11060;14892
T14213;14893
T14882;14894
T01995;14895
T19208;14896
T15641;14897
T16764;14898
T16727;14899
T01435;14900
T69245;14901
T13506;14902
T27222;14903
T19215;14904
T21033;14905
T20156;14906
T09716;14907
T00025;14908
T01204;14909
T23430;14910
T12259;14911
T06720;14912
T66391;14913
T22690;14914
T13312;14915
T00803;14916
T17018;14917
T13631;14918
T21154;14919
T02183;14920
T17677;14921
T06601;14922
T17957;14923
T24017;14924
T18641;14925
T15865;14926
T35498;14927
T12527;14928
T01604;14929
T33444;14930
T05612;14931
T22674;14932
T11357;14933
T12816;14934
T16851;14935
T12070;14936
T00699;14937
T14834;14938
T44214;14939
T12102;14940
T16803;14941
T13084;14942
T00740;14943
T19726;14944
T16598;14945
T07503;14946
T05183;14947
T12322;14948
T59930;14949
T18020;14950
T20275;14951
T20370;14952
T12141;14953
T17751;14954
T17651;14955
T11570;14956
T11382;14957
T21038;14958
T09804;14959
T09255;14960
T09239;14961
T23904;14962
T69781;14963
T69826;14964
T69807;14965
T69597;14966
T69635;14967
T69863;14968
T69667;14969
T69647;14970
T69703;14971
T69709;14972
T69793;14973
T69694;14974
T69737;14975
T69626;14976
T69783;14977
T69590;14978
T69839;14979
T69610;14980
T69722;14981
T69653;14982
T69684;14983
T69658;14984
T69702;14985
T69707;14986
T69773;14987
T69803;14988
T69584;14989
T69753;14990
T69593;14991
T69712;14992
T69665;14993
T69582;14994
T69566;14995
T69713;14996
T69767;14997
T69640;14998
T69591;14999
T69648;15000
T69606;15001
T69576;15002
T69875;15003
T69706;15004
T69642;15005
T69588;15006
T69581;15007
T69600;15008
T69762;15009
T69592;15010
T69880;15011
T69649;15012
T69639;15013
T69696;15014
T69627;15015
T69577;15016
T69578;15017
T69732;15018
T69884;15019
T69618;15020
T69777;15021
T69601;15022
T69663;15023
T69842;15024
T69675;15025
T69602;15026
T69756;15027
T69526;15028
T69662;15029
T69818;15030
T69729;15031
T69755;15032
T69567;15033
T69569;15034
T69683;15035
T69570;15036
T69780;15037
T69819;15038
T69630;15039
T69901;15040
T69571;15041
T69701;15042
T69897;15043
T69748;15044
T69846;15045
T69741;15046
T69724;15047
T69733;15048
T69828;15049
T69723;15050
T69824;15051
T69805;15052
T69623;15053
T69608;15054
T69725;15055
T69708;15056
T69585;15057
T69868;15058
T69619;15059
T69720;15060
T69676;15061
T69575;15062
T69829;15063
T69714;15064
T69742;15065
T69728;15066
T69573;15067
T69692;15068
T69787;15069
T69835;15070
T69804;15071
T69788;15072
T69798;15073
T07344;15074
T69896;15075
T69739;15076
T69688;15077
T69738;15078
T69680;15079
T69691;15080
T69686;15081
T69704;15082
T69650;15083
T69841;15084
T69711;15085
T69695;15086
T69659;15087
T69616;15088
T69745;15089
T69664;15090
T69770;15091
T69758;15092
T69716;15093
T69655;15094
T69813;15095
T69861;15096
T69848;15097
T69637;15098
T69838;15099
T69757;15100
T69645;15101
T69866;15102
T69844;15103
T69843;15104
T69633;15105
T69612;15106
T69749;15107
T69858;15108
T69632;15109
T69743;15110
T69586;15111
T69809;15112
T69816;15113
T69797;15114
T69689;15115
T69679;15116
T69894;15117
T69697;15118
T69589;15119
T69652;15120
T69881;15121
T13629;15122
T69752;15123
T69579;15124
T69580;15125
T69681;15126
T69796;15127
T69624;15128
T69769;15129
T69668;15130
T69768;15131
T69893;15132
T69776;15133
T69654;15134
T69677;15135
T69690;15136
T69698;15137
T69587;15138
T69782;15139
T69823;15140
T69727;15141
T69825;15142
T69669;15143
T69792;15144
T69607;15145
T69811;15146
T69615;15147
T69572;15148
T69789;15149
T69717;15150
T69671;15151
T69778;15152
T69750;15153
T69802;15154
T69568;15155
T69609;15156
T69845;15157
T69611;15158
T69666;15159
T69763;15160
T69898;15161
T69674;15162
T69786;15163
T69700;15164
T69656;15165
T69867;15166
T69827;15167
T69810;15168
T69785;15169
T69853;15170
T69613;15171
T69830;15172
T69821;15173
T07808;15174
T69687;15175
T69693;15176
T69885;15177
T69860;15178
T69621;15179
T69766;15180
T69603;15181
T69775;15182
T69622;15183
T69605;15184
T69651;15185
T69747;15186
T69682;15187
T69754;15188
T69815;15189
T69840;15190
T69678;15191
T69646;15192
T69820;15193
T69772;15194
T69795;15195
T69877;15196
T69598;15197
T69794;15198
T69705;15199
T69629;15200
T69784;15201
T69806;15202
T69672;15203
T69791;15204
T69641;15205
T69911;15206
T21494;15207
T13441;15209
T36226;15210
T69482;15216
T45202;15226
T60643;15229
T15922;15255
